"Year","Jan_FFDI"
1950,23.4403790395497
1951,33.7105680110651
1952,59.3348647443763
1953,42.1061550817448
1954,39.9711614749132
1955,37.5349161304953
1956,35.4765938928117
1957,42.0715513931208
1958,48.1785409109933
1959,55.9125543239313
1960,50.1181367568639
1961,52.6022157545214
1962,42.7681609314757
1963,35.1726316394228
1964,54.6724358182965
1965,59.1807244701303
1966,40.0640150458266
1967,49.3833652017437
1968,53.8215726464342
1969,74.5092256224001
1970,35.9868627771155
1971,63.29752029485
1972,36.5478928058178
1973,50.2290065319507
1974,29.9638444355556
1975,34.4389129985463
1976,58.8143006527063
1977,70.6102728245062
1978,51.7909387200426
1979,61.1829694937834
1980,47.5777524312337
1981,57.5024772743126
1982,63.2798068389232
1983,80.4663354287416
1984,32.247526400017
1985,108.869902243346
1986,38.6848058246431
1987,41.0373872203744
1988,50.1507549533596
1989,57.2960774310223
1990,85.7030415885892
1991,53.202638799494
1992,67.8061075251856
1993,48.4375672773881
1994,46.8038653831977
1995,45.4662737990871
1996,43.9110512176117
1997,52.6183903516629
1998,60.0585710269548
1999,59.368167695545
2000,48.455288511334
2001,51.9987444361567
2002,61.2099238226424
2003,76.2650918341302
2004,51.067775552923
2005,115.431869936196
2006,61.0388258071173
2007,69.8534055932776
2008,74.932040738853
2009,69.7276499529422
2010,77.202840053674
2011,30.4153382932985
2012,61.9416690677791
2013,72.931791511965
2014,66.5511895877458
2015,62.8988645149
2016,77.4052331767557
2017,75.2146188314859
2018,83.5817426210874
2019,92.3777173855604
2020,55.388975514994
