"Year","August_FFDI"
1950,5.62378740723515
1951,5.17873760064443
1952,7.29599642237544
1953,9.23294708326265
1954,17.5582294691177
1955,3.25692653139948
1956,4.17467875140054
1957,16.2663409926675
1958,5.13061411298199
1959,8.88942064970603
1960,6.54149196364663
1961,10.3076612608773
1962,16.116369511658
1963,5.88039042268481
1964,9.10078676335223
1965,6.24290864137344
1966,6.60425336742814
1967,7.70057779782778
1968,7.27073223353464
1969,8.55579479896661
1970,11.1504475502741
1971,6.37338870634764
1972,11.3216083968357
1973,3.39265483127528
1974,7.66646068333547
1975,23.1043627767852
1976,20.9760889098758
1977,24.5749791463216
1978,4.42088396621473
1979,6.59861244370927
1980,13.1676536700426
1981,4.8997075955073
1982,33.0588036161481
1983,4.25455421080321
1984,10.1121679549609
1985,7.5015722280973
1986,8.04441810686351
1987,13.4842341101015
1988,6.94074587182049
1989,4.0855197483327
1990,10.1193961292118
1991,8.88538755173291
1992,8.58126486947526
1993,13.103638139122
1994,17.5220876555422
1995,9.73989698277923
1996,4.83966104705612
1997,21.0076748468143
1998,7.69569508699112
1999,9.8962571951218
2000,7.66067851363839
2001,15.167321508581
2002,26.4872101044758
2003,13.087753578698
2004,22.8124494470043
2005,27.1470345996675
2006,37.8962699469034
2007,28.986199304655
2008,8.2205821920783
2009,17.5747219432484
2010,4.83977632192306
2011,12.9428071500935
2012,13.8765147609628
2013,18.3267287258462
2014,15.4062716083609
2015,12.1483082709374
2016,16.0231252191387
2017,9.2888220703447
2018,15.4884112428277
2019,8.31438998639326
