"Year","Oct_FFDI"
1950,18.332348084553
1954,21.6758425741485
1955,22.2348090456678
1964,19.9343742023815
1967,36.7582213166472
1970,18.1971114971937
1971,19.9817000797817
1973,7.97327658417937
1975,11.7219267490106
1983,7.26729208876044
1984,25.8142808897671
1988,44.7846281456225
1995,33.0651241773135
1998,31.9147395261954
1999,24.68706566534
2000,33.1946480903791
2005,15.6347918737502
2007,57.0160458139527
2008,52.0735643642805
2010,14.8788858306356
2011,26.4511075288186
2017,34.2222408773579
