"Dates","FFDI"
"1950-01-01","NaN"
"1950-01-02","NaN"
"1950-01-03","NaN"
"1950-01-04","NaN"
"1950-01-05","NaN"
"1950-01-06","NaN"
"1950-01-07","NaN"
"1950-01-08","NaN"
"1950-01-09","NaN"
"1950-01-10","NaN"
"1950-01-11","NaN"
"1950-01-12","NaN"
"1950-01-13","NaN"
"1950-01-14","NaN"
"1950-01-15","NaN"
"1950-01-16","NaN"
"1950-01-17","NaN"
"1950-01-18","NaN"
"1950-01-19","NaN"
"1950-01-20","20.4516897242823"
"1950-01-21","18.6612468405719"
"1950-01-22","9.14726130167643"
"1950-01-23","16.6482867699165"
"1950-01-24","17.838981314655"
"1950-01-25","12.3847926478365"
"1950-01-26","9.36418477797405"
"1950-01-27","15.6286323638189"
"1950-01-28","23.3135108534908"
"1950-01-29","23.4403790395497"
"1950-01-30","17.6585900112664"
"1950-01-31","8.54819240198507"
"1950-02-01","1.56244844972313"
"1950-02-02","0.160541667050613"
"1950-02-03","1.69576120505601"
"1950-02-04","1.79154488663653"
"1950-02-05","4.38916536533471"
"1950-02-06","6.35112261256098"
"1950-02-07","7.2158951460025"
"1950-02-08","10.7566435161607"
"1950-02-09","12.3204112940536"
"1950-02-10","14.3378489110377"
"1950-02-11","11.1232346724638"
"1950-02-12","9.88677139612503"
"1950-02-13","14.6129859247249"
"1950-02-14","12.7169030383552"
"1950-02-15","3.95392013705654"
"1950-02-16","2.47360894948373"
"1950-02-17","2.85109743540421"
"1950-02-18","3.04397164059408"
"1950-02-19","3.34148539086699"
"1950-02-20","7.3553285232354"
"1950-02-21","9.52000339103468"
"1950-02-22","8.60649046030912"
"1950-02-23","15.5519888081076"
"1950-02-24","9.89288867810072"
"1950-02-25","21.4204389357464"
"1950-02-26","22.9625918483321"
"1950-02-27","11.0686605957163"
"1950-02-28","11.9288335713473"
"1950-03-01","10.0751034160713"
"1950-03-02","11.981069391424"
"1950-03-03","17.1073912046688"
"1950-03-04","14.6288295700437"
"1950-03-05","11.0482406740065"
"1950-03-06","9.81038634395187"
"1950-03-07","12.1767633859213"
"1950-03-08","11.7528058419496"
"1950-03-09","8.90125990842844"
"1950-03-10","16.0907527027708"
"1950-03-11","8.93263585123665"
"1950-03-12","15.2250779923939"
"1950-03-13","13.602888243539"
"1950-03-14","11.7177018685774"
"1950-03-15","15.6582003919593"
"1950-03-16","12.3124032247634"
"1950-03-17","0.535576593759772"
"1950-03-18","0.577678658697125"
"1950-03-19","1.32908302519745"
"1950-03-20","2.59900446629627"
"1950-03-21","3.07361770501901"
"1950-03-22","1.05028483078077"
"1950-03-23","2.55314411461611"
"1950-03-24","3.14861928074907"
"1950-03-25","4.16478478340876"
"1950-03-26","5.654669575877"
"1950-03-27","6.82111582095489"
"1950-03-28","7.97054124291325"
"1950-03-29","2.28803094357123"
"1950-03-30","4.88938980546349"
"1950-03-31","5.95132235944013"
"1950-04-01","5.42771818111469"
"1950-04-02","6.05257470783217"
"1950-04-03","2.17601939068212"
"1950-04-04","1.82406637111267"
"1950-04-05","1.84399742675034"
"1950-04-06","2.66074680836944"
"1950-04-07","0.501760272784925"
"1950-04-08","1.15713935658271"
"1950-04-09","2.40549421929694"
"1950-04-10","3.49981616327773"
"1950-04-11","4.29303290524008"
"1950-04-12","4.04246983590064"
"1950-04-13","3.49239327277972"
"1950-04-14","4.50300148142365"
"1950-04-15","3.88317759728535"
"1950-04-16","5.48255182138253"
"1950-04-17","8.29760363814119"
"1950-04-18","3.60127372452707"
"1950-04-19","3.48768899399481"
"1950-04-20","3.66280304250263"
"1950-04-21","5.28424114066285"
"1950-04-22","4.38706554066051"
"1950-04-23","4.40991737470998"
"1950-04-24","7.27728877129493"
"1950-04-25","6.42656488129587"
"1950-04-26","8.6445436807938"
"1950-04-27","5.23384523649752"
"1950-04-28","9.10376792139821"
"1950-04-29","8.52356851462162"
"1950-04-30","4.67716115687317"
"1950-05-01","4.57339546484349"
"1950-05-02","2.21018799481454"
"1950-05-03","5.11826989093384"
"1950-05-04","4.53857408302687"
"1950-05-05","6.33408799935213"
"1950-05-06","4.6715799188201"
"1950-05-07","3.27423862203375"
"1950-05-08","3.97649982842532"
"1950-05-09","4.22887864876619"
"1950-05-10","3.07906253900363"
"1950-05-11","3.98426683382554"
"1950-05-12","2.11000310626381"
"1950-05-13","0.269485605550019"
"1950-05-14","1.71192729679537"
"1950-05-15","1.90042729424192"
"1950-05-16","3.72914775625452"
"1950-05-17","4.77125481764476"
"1950-05-18","3.82321292703802"
"1950-05-19","3.20615099312423"
"1950-05-20","3.15515532741299"
"1950-05-21","2.27703189901459"
"1950-05-22","2.87409776991064"
"1950-05-23","4.79717920043252"
"1950-05-24","3.50495874107658"
"1950-05-25","1.35292449632248"
"1950-05-26","0.49609783486951"
"1950-05-27","1.15776865955168"
"1950-05-28","3.31861606588611"
"1950-05-29","0.485230501450889"
"1950-05-30","0.221780330136225"
"1950-05-31","0.121838971109682"
"1950-06-01","0.167492417030004"
"1950-06-02","0.223293494957286"
"1950-06-03","0.210091935075594"
"1950-06-04","0.56059500084811"
"1950-06-05","0.689471531159434"
"1950-06-06","0.674268744402118"
"1950-06-07","0.926068736038683"
"1950-06-08","0.787090781189147"
"1950-06-09","1.28052475816244"
"1950-06-10","1.08589989643592"
"1950-06-11","1.55586326148087"
"1950-06-12","1.3030297827153"
"1950-06-13","2.48554517490007"
"1950-06-14","1.91517966985703"
"1950-06-15","2.1134220867446"
"1950-06-16","1.61177819231888"
"1950-06-17","2.01716789770952"
"1950-06-18","1.81375506713793"
"1950-06-19","2.01573701725378"
"1950-06-20","2.20926306696681"
"1950-06-21","1.82902113467584"
"1950-06-22","2.71596140056461"
"1950-06-23","4.23057880288079"
"1950-06-24","1.80196833352506"
"1950-06-25","1.59433428549663"
"1950-06-26","0.837745257915356"
"1950-06-27","0.904430188722425"
"1950-06-28","1.52249867756129"
"1950-06-29","1.56077348989197"
"1950-06-30","1.40994254425491"
"1950-07-01","2.10692691183709"
"1950-07-02","1.44433956744867"
"1950-07-03","0.594016522556156"
"1950-07-04","0.832061019036677"
"1950-07-05","1.64697173986084"
"1950-07-06","1.7458723316461"
"1950-07-07","1.83062150468042"
"1950-07-08","1.52861492703487"
"1950-07-09","1.07621625943101"
"1950-07-10","1.69698909995876"
"1950-07-11","1.68490860085467"
"1950-07-12","2.03734086705493"
"1950-07-13","1.29067038831773"
"1950-07-14","1.95109905334778"
"1950-07-15","2.36680505673091"
"1950-07-16","2.22312390107613"
"1950-07-17","1.7486991028249"
"1950-07-18","1.1227571148893"
"1950-07-19","1.26689336310217"
"1950-07-20","1.36035305416429"
"1950-07-21","1.70051051308582"
"1950-07-22","2.21767610259902"
"1950-07-23","3.11859601245814"
"1950-07-24","2.02936234128424"
"1950-07-25","2.80016434553898"
"1950-07-26","4.35189557488347"
"1950-07-27","0.955931530370341"
"1950-07-28","0.296806938172161"
"1950-07-29","1.45238298126113"
"1950-07-30","2.10935924605374"
"1950-07-31","1.97408900013218"
"1950-08-01","3.10683909329501"
"1950-08-02","1.89444615727379"
"1950-08-03","1.40501285657222"
"1950-08-04","0.718589777070465"
"1950-08-05","1.18268599783703"
"1950-08-06","1.15550525776752"
"1950-08-07","1.26988513554846"
"1950-08-08","2.14533634877308"
"1950-08-09","1.53981351323458"
"1950-08-10","1.98753586656603"
"1950-08-11","4.52124698234327"
"1950-08-12","2.27327337461117"
"1950-08-13","2.18309210440813"
"1950-08-14","2.8985406629967"
"1950-08-15","3.13337771871905"
"1950-08-16","2.23339772482455"
"1950-08-17","1.17426088220113"
"1950-08-18","2.74452907440466"
"1950-08-19","1.64623634123699"
"1950-08-20","1.22865392493479"
"1950-08-21","3.16550254718566"
"1950-08-22","3.02200665102377"
"1950-08-23","3.42823826595818"
"1950-08-24","4.08126838640733"
"1950-08-25","5.62378740723515"
"1950-08-26","3.14140099390245"
"1950-08-27","5.18533996895794"
"1950-08-28","3.8900998846277"
"1950-08-29","2.19566825664405"
"1950-08-30","1.97053816875854"
"1950-08-31","1.42096430901841"
"1950-09-01","0.834348717712479"
"1950-09-02","0.943337958257694"
"1950-09-03","1.40021932257331"
"1950-09-04","2.99214344932919"
"1950-09-05","5.5729198620949"
"1950-09-06","6.38652943016647"
"1950-09-07","14.8659443999782"
"1950-09-08","5.09560138941843"
"1950-09-09","4.29256238204576"
"1950-09-10","3.79272558059527"
"1950-09-11","4.25803691174561"
"1950-09-12","4.09014887056309"
"1950-09-13","6.41763654725376"
"1950-09-14","5.73908666511635"
"1950-09-15","0.356857138343188"
"1950-09-16","1.56888832055129"
"1950-09-17","1.35404965449205"
"1950-09-18","2.22159816124739"
"1950-09-19","1.57342386413446"
"1950-09-20","1.5520538140685"
"1950-09-21","2.65038173332875"
"1950-09-22","8.517399484461"
"1950-09-23","2.22841650453997"
"1950-09-24","3.3653885234486"
"1950-09-25","0.602045464180249"
"1950-09-26","0.707419752945632"
"1950-09-27","3.09655075207417"
"1950-09-28","2.41903642606942"
"1950-09-29","3.9359162245994"
"1950-09-30","4.77695277552584"
"1950-10-01","4.26614358569636"
"1950-10-02","4.65998817212654"
"1950-10-03","4.02164170029875"
"1950-10-04","8.41711187156248"
"1950-10-05","2.07556172263571"
"1950-10-06","5.07027848613211"
"1950-10-07","3.1246881714631"
"1950-10-08","3.31481084575901"
"1950-10-09","7.82496743800836"
"1950-10-10","18.332348084553"
"1950-10-11","10.6689697839481"
"1950-10-12","3.91311314044061"
"1950-10-13","5.40372615459161"
"1950-10-14","5.78882208118191"
"1950-10-15","6.24018644151233"
"1950-10-16","7.90308238933613"
"1950-10-17","1.79557909413334"
"1950-10-18","3.16472709875602"
"1950-10-19","4.13336751419744"
"1950-10-20","4.60895595199618"
"1950-10-21","5.34304083270944"
"1950-10-22","4.47359407722176"
"1950-10-23","5.48388713107997"
"1950-10-24","9.85984937246744"
"1950-10-25","4.37928145014362"
"1950-10-26","2.97556445608923"
"1950-10-27","4.99140394095219"
"1950-10-28","4.63176609582199"
"1950-10-29","5.07444384707001"
"1950-10-30","7.24745435528941"
"1950-10-31","4.87739443004905"
"1950-11-01","9.13272297433961"
"1950-11-02","11.2730446212736"
"1950-11-03","5.49150933383347"
"1950-11-04","5.24417639759196"
"1950-11-05","10.9752736638635"
"1950-11-06","8.42552976071577"
"1950-11-07","5.57889074370975"
"1950-11-08","6.11059226205339"
"1950-11-09","5.30183906369395"
"1950-11-10","14.7440160321983"
"1950-11-11","11.9314824306604"
"1950-11-12","9.98982716432382"
"1950-11-13","6.65362159204689"
"1950-11-14","7.75832248353339"
"1950-11-15","10.1781701938414"
"1950-11-16","14.2173296135741"
"1950-11-17","2.11537314880462"
"1950-11-18","2.16420490504343"
"1950-11-19","2.18843519029679"
"1950-11-20","3.80098375123301"
"1950-11-21","4.62495338220101"
"1950-11-22","11.4492975014113"
"1950-11-23","7.38492067551716"
"1950-11-24","10.2760318429955"
"1950-11-25","12.3749411178358"
"1950-11-26","13.7758760287132"
"1950-11-27","38.7945734412123"
"1950-11-28","15.4973604544933"
"1950-11-29","14.4117336376405"
"1950-11-30","13.0907948213222"
"1950-12-01","20.07232445143"
"1950-12-02","22.2955017626544"
"1950-12-03","17.0474680450572"
"1950-12-04","25.2090056283133"
"1950-12-05","32.4540182584292"
"1950-12-06","23.6966804322742"
"1950-12-07","18.327303630449"
"1950-12-08","15.7172617127885"
"1950-12-09","12.195224278933"
"1950-12-10","17.3407796409739"
"1950-12-11","37.8394755078601"
"1950-12-12","15.3239344807414"
"1950-12-13","23.4904305016324"
"1950-12-14","9.75936388969421"
"1950-12-15","6.86043669393052"
"1950-12-16","16.4648658207485"
"1950-12-17","37.1552575759557"
"1950-12-18","19.2028525174954"
"1950-12-19","34.9597085234407"
"1950-12-20","4.23985621268615"
"1950-12-21","10.1061953724205"
"1950-12-22","12.8912376449222"
"1950-12-23","18.8873845385267"
"1950-12-24","23.9082576248037"
"1950-12-25","27.2066812928105"
"1950-12-26","22.7508032290966"
"1950-12-27","22.2957280724596"
"1950-12-28","21.53356388637"
"1950-12-29","17.999646325132"
"1950-12-30","14.686171403695"
"1950-12-31","19.3280750332457"
"1951-01-01","22.5896910299986"
"1951-01-02","17.1493448984055"
"1951-01-03","18.4277945184088"
"1951-01-04","5.39746837595325"
"1951-01-05","12.8890922657855"
"1951-01-06","20.9145907901582"
"1951-01-07","12.6085203736375"
"1951-01-08","15.5906145108211"
"1951-01-09","18.2208999947552"
"1951-01-10","26.2441261299761"
"1951-01-11","33.7105680110651"
"1951-01-12","25.4730571234897"
"1951-01-13","16.0407666375627"
"1951-01-14","27.0283447529846"
"1951-01-15","17.0329725711377"
"1951-01-16","19.9599142528716"
"1951-01-17","27.5212007250105"
"1951-01-18","21.7450132576418"
"1951-01-19","22.932296459809"
"1951-01-20","21.3047343373815"
"1951-01-21","24.344459996079"
"1951-01-22","20.1286736030083"
"1951-01-23","15.5332026419702"
"1951-01-24","18.1613378772488"
"1951-01-25","20.1777208336504"
"1951-01-26","25.3476543426514"
"1951-01-27","26.2705361750219"
"1951-01-28","23.5681758154006"
"1951-01-29","33.5598006888385"
"1951-01-30","19.3229151184941"
"1951-01-31","32.8926124159908"
"1951-02-01","37.8526557575573"
"1951-02-02","18.8171883496371"
"1951-02-03","21.2314653933306"
"1951-02-04","18.5552566990708"
"1951-02-05","13.3913791375759"
"1951-02-06","24.0378526877531"
"1951-02-07","37.307453939925"
"1951-02-08","34.0692323131479"
"1951-02-09","26.019063008296"
"1951-02-10","16.3607844232997"
"1951-02-11","16.880811142199"
"1951-02-12","26.9673987714759"
"1951-02-13","19.3326351859353"
"1951-02-14","16.6411018123874"
"1951-02-15","21.4040156153889"
"1951-02-16","44.3865070921002"
"1951-02-17","10.6072619405144"
"1951-02-18","7.04617567341049"
"1951-02-19","0.87083643087835"
"1951-02-20","0.323388417319947"
"1951-02-21","1.54136276399934"
"1951-02-22","2.92690701531125"
"1951-02-23","3.3687165619491"
"1951-02-24","5.27189777836655"
"1951-02-25","11.3114817379873"
"1951-02-26","6.83277375873549"
"1951-02-27","7.41317484285924"
"1951-02-28","9.41601401077205"
"1951-03-01","10.1607070340739"
"1951-03-02","12.0192837281661"
"1951-03-03","10.8219290677603"
"1951-03-04","9.48094111809999"
"1951-03-05","10.9714902902578"
"1951-03-06","18.9601155421435"
"1951-03-07","11.0424626317375"
"1951-03-08","12.5384140489421"
"1951-03-09","9.17149713957981"
"1951-03-10","20.6051676737798"
"1951-03-11","24.1802542715362"
"1951-03-12","20.3514724004836"
"1951-03-13","20.079886110314"
"1951-03-14","12.3324094334722"
"1951-03-15","18.6371023954251"
"1951-03-16","15.8322162979093"
"1951-03-17","19.36296733014"
"1951-03-18","7.60097590359775"
"1951-03-19","11.7142043340774"
"1951-03-20","8.57127417733659"
"1951-03-21","10.7230479706933"
"1951-03-22","8.96369655410965"
"1951-03-23","10.8509057486728"
"1951-03-24","12.1624346130338"
"1951-03-25","20.8458897933299"
"1951-03-26","35.431475304938"
"1951-03-27","17.8065206684591"
"1951-03-28","15.0598370564448"
"1951-03-29","8.38600096661291"
"1951-03-30","8.55231268478162"
"1951-03-31","10.7080358488735"
"1951-04-01","16.7919536937367"
"1951-04-02","10.2168301627749"
"1951-04-03","4.27852537363639"
"1951-04-04","4.17968648749513"
"1951-04-05","4.75921034916139"
"1951-04-06","7.07482484673267"
"1951-04-07","5.11071950235924"
"1951-04-08","7.67917338697425"
"1951-04-09","6.75307791109209"
"1951-04-10","4.45597847586586"
"1951-04-11","6.55871091105721"
"1951-04-12","2.62065886594839"
"1951-04-13","1.94478228902726"
"1951-04-14","3.42859808545866"
"1951-04-15","4.73712081775005"
"1951-04-16","8.04280671490219"
"1951-04-17","6.12644713833219"
"1951-04-18","5.6469783460423"
"1951-04-19","8.02170146543742"
"1951-04-20","3.51266749712812"
"1951-04-21","3.22850049690251"
"1951-04-22","3.85021886913291"
"1951-04-23","4.69471860989864"
"1951-04-24","8.01199471176445"
"1951-04-25","5.12099655004807"
"1951-04-26","5.65088111497623"
"1951-04-27","4.5340917737453"
"1951-04-28","5.37144875836063"
"1951-04-29","7.24168330559999"
"1951-04-30","6.55550588828661"
"1951-05-01","4.17562005839823"
"1951-05-02","8.2258375268994"
"1951-05-03","5.9931043159394"
"1951-05-04","4.3558633766133"
"1951-05-05","14.3340688721958"
"1951-05-06","7.92206554805046"
"1951-05-07","4.88281259443853"
"1951-05-08","1.69776923112668"
"1951-05-09","5.54292551805447"
"1951-05-10","2.83821586522705"
"1951-05-11","1.72241529951364"
"1951-05-12","3.90019007523855"
"1951-05-13","1.51180336317975"
"1951-05-14","1.56031301320889"
"1951-05-15","1.02285874347924"
"1951-05-16","1.53091248108711"
"1951-05-17","1.42374060912566"
"1951-05-18","1.33540809747977"
"1951-05-19","3.86135603364928"
"1951-05-20","2.53571600134755"
"1951-05-21","4.02747728711083"
"1951-05-22","5.24877878959045"
"1951-05-23","4.5306055824478"
"1951-05-24","1.24570060234307"
"1951-05-25","1.19226516570364"
"1951-05-26","1.19722473005325"
"1951-05-27","0.655102286657149"
"1951-05-28","1.64648738447012"
"1951-05-29","1.26573126656669"
"1951-05-30","1.68673344514458"
"1951-05-31","9.05219127760305"
"1951-06-01","2.79350694536647"
"1951-06-02","2.11619079138809"
"1951-06-03","1.8214474915168"
"1951-06-04","3.33507620694833"
"1951-06-05","1.4071462715601"
"1951-06-06","0.875703874862555"
"1951-06-07","1.46300429502478"
"1951-06-08","2.92750207828237"
"1951-06-09","3.62882986342236"
"1951-06-10","1.53749842264436"
"1951-06-11","1.20185750206828"
"1951-06-12","0.141730707227474"
"1951-06-13","0.370632565044092"
"1951-06-14","1.0315307800646"
"1951-06-15","1.22794128709283"
"1951-06-16","1.61870284772022"
"1951-06-17","1.44639303841632"
"1951-06-18","1.08897787674423"
"1951-06-19","1.66019917695553"
"1951-06-20","1.59732310132031"
"1951-06-21","1.51132890930423"
"1951-06-22","1.09473837737913"
"1951-06-23","1.16228650568368"
"1951-06-24","0.157599285712619"
"1951-06-25","0.910807492735582"
"1951-06-26","1.7990289819447"
"1951-06-27","2.54760032789016"
"1951-06-28","2.09706333215102"
"1951-06-29","3.6726802030167"
"1951-06-30","2.57251716072941"
"1951-07-01","1.93744047276385"
"1951-07-02","1.72111781657516"
"1951-07-03","1.57487179293777"
"1951-07-04","3.47783998003254"
"1951-07-05","0.6992086523023"
"1951-07-06","0.674134046935932"
"1951-07-07","1.14205283565181"
"1951-07-08","0.48377146494466"
"1951-07-09","1.18639577131767"
"1951-07-10","2.4049912445989"
"1951-07-11","1.87764100259517"
"1951-07-12","2.51115293368633"
"1951-07-13","1.56290300661351"
"1951-07-14","1.66752030065049"
"1951-07-15","0.511796476085594"
"1951-07-16","1.00680739568038"
"1951-07-17","0.827367919122244"
"1951-07-18","1.64635251191529"
"1951-07-19","1.86089070754134"
"1951-07-20","1.92964078698839"
"1951-07-21","1.57323493663367"
"1951-07-22","1.09348574555701"
"1951-07-23","2.19514701708958"
"1951-07-24","4.07677304628607"
"1951-07-25","2.34620219591634"
"1951-07-26","2.73823361659979"
"1951-07-27","2.01137819254037"
"1951-07-28","1.83678776270899"
"1951-07-29","3.02634760363277"
"1951-07-30","2.1580232752092"
"1951-07-31","1.74142039002794"
"1951-08-01","1.34289845850045"
"1951-08-02","2.33740726610025"
"1951-08-03","1.05944230946111"
"1951-08-04","1.59221300702074"
"1951-08-05","2.08901705667054"
"1951-08-06","2.5676869463611"
"1951-08-07","0.852617499954773"
"1951-08-08","1.92767758893244"
"1951-08-09","1.45933900631609"
"1951-08-10","2.5048280802124"
"1951-08-11","2.22939005842457"
"1951-08-12","1.71800740030937"
"1951-08-13","3.184575290907"
"1951-08-14","1.77579525654966"
"1951-08-15","1.35979680420258"
"1951-08-16","2.76265650110327"
"1951-08-17","5.17873760064443"
"1951-08-18","1.31161362642334"
"1951-08-19","0.636543247639101"
"1951-08-20","0.578765206748531"
"1951-08-21","1.08821394388036"
"1951-08-22","1.21793223769118"
"1951-08-23","1.4697904586792"
"1951-08-24","1.40954776372744"
"1951-08-25","2.55817766029597"
"1951-08-26","1.41322610982053"
"1951-08-27","2.23396413021789"
"1951-08-28","1.64299618797901"
"1951-08-29","2.73758678905892"
"1951-08-30","2.14989105628166"
"1951-08-31","1.47607793836367"
"1951-09-01","1.46719177641394"
"1951-09-02","4.33216917927647"
"1951-09-03","3.87632991534807"
"1951-09-04","2.68269605708845"
"1951-09-05","1.65533965129357"
"1951-09-06","2.04297126371623"
"1951-09-07","2.47638568604663"
"1951-09-08","4.13679337656343"
"1951-09-09","5.05532507359723"
"1951-09-10","5.76561990238371"
"1951-09-11","5.95023578173154"
"1951-09-12","9.58642199545196"
"1951-09-13","5.33697434111591"
"1951-09-14","4.36258074628326"
"1951-09-15","4.90615712357806"
"1951-09-16","2.69413294110979"
"1951-09-17","10.3159472911389"
"1951-09-18","3.19669189417001"
"1951-09-19","3.38643821493372"
"1951-09-20","3.41089102819368"
"1951-09-21","2.696029520138"
"1951-09-22","1.8363104269102"
"1951-09-23","2.04557314450607"
"1951-09-24","4.55792519850132"
"1951-09-25","3.37395869550251"
"1951-09-26","3.66512321342121"
"1951-09-27","3.72697188018204"
"1951-09-28","3.34517375731365"
"1951-09-29","2.27400570101552"
"1951-09-30","4.96762575241394"
"1951-10-01","6.63441458563784"
"1951-10-02","3.90245706539649"
"1951-10-03","4.6076444253261"
"1951-10-04","5.23286376267801"
"1951-10-05","5.07001167871219"
"1951-10-06","5.29239892237114"
"1951-10-07","7.30350710303236"
"1951-10-08","16.9958533786592"
"1951-10-09","14.5325196480854"
"1951-10-10","6.27708143589301"
"1951-10-11","0.375260397533834"
"1951-10-12","1.35889969566168"
"1951-10-13","2.24631414939831"
"1951-10-14","2.22205728234409"
"1951-10-15","9.99144968687198"
"1951-10-16","3.63706460917667"
"1951-10-17","2.50538093103217"
"1951-10-18","2.77662324247422"
"1951-10-19","4.8139090269675"
"1951-10-20","4.03438287792784"
"1951-10-21","5.78102596342822"
"1951-10-22","1.98432897450604"
"1951-10-23","3.24766409938986"
"1951-10-24","2.15665817222038"
"1951-10-25","2.59865272541841"
"1951-10-26","3.39669655347283"
"1951-10-27","3.04640598059733"
"1951-10-28","10.1053509216804"
"1951-10-29","5.6148964837516"
"1951-10-30","4.46248115037943"
"1951-10-31","4.15907399633746"
"1951-11-01","12.7533226095753"
"1951-11-02","20.2669083896653"
"1951-11-03","17.3271678784193"
"1951-11-04","8.97759243523404"
"1951-11-05","32.763682468629"
"1951-11-06","7.49774036056552"
"1951-11-07","7.01141163126215"
"1951-11-08","14.1644514463681"
"1951-11-09","4.84771652861591"
"1951-11-10","4.81277983658241"
"1951-11-11","9.10591699344255"
"1951-11-12","9.66588703688089"
"1951-11-13","8.90248815631454"
"1951-11-14","5.92869450003554"
"1951-11-15","6.94454184703497"
"1951-11-16","6.49066793763792"
"1951-11-17","12.5926357595435"
"1951-11-18","9.65222522603485"
"1951-11-19","32.2760257142963"
"1951-11-20","11.7897487037626"
"1951-11-21","7.91573356343554"
"1951-11-22","27.4354901251855"
"1951-11-23","8.53062195076055"
"1951-11-24","12.3267704109093"
"1951-11-25","9.54122665434173"
"1951-11-26","7.41853218161183"
"1951-11-27","8.92359096250493"
"1951-11-28","9.04572746970437"
"1951-11-29","8.73919313191336"
"1951-11-30","10.4329478843904"
"1951-12-01","19.8462490560688"
"1951-12-02","34.506519623133"
"1951-12-03","17.7347456366469"
"1951-12-04","25.9588631964349"
"1951-12-05","22.138991975165"
"1951-12-06","26.1909824676844"
"1951-12-07","20.5998465756833"
"1951-12-08","12.1714246551712"
"1951-12-09","8.62951341155287"
"1951-12-10","8.22125581564841"
"1951-12-11","8.73705048736556"
"1951-12-12","19.1806121842686"
"1951-12-13","22.6536769722447"
"1951-12-14","9.60947006605404"
"1951-12-15","12.7475876529495"
"1951-12-16","11.5275773271854"
"1951-12-17","32.0807026454381"
"1951-12-18","14.1113297928979"
"1951-12-19","13.3242846794459"
"1951-12-20","9.94660943204706"
"1951-12-21","11.6910357671383"
"1951-12-22","12.5179039152154"
"1951-12-23","11.3352526008309"
"1951-12-24","18.5328657348435"
"1951-12-25","23.5077167857777"
"1951-12-26","25.8585463354598"
"1951-12-27","37.005974435187"
"1951-12-28","19.7397407391371"
"1951-12-29","23.098818593211"
"1951-12-30","12.9883118356977"
"1951-12-31","13.3657130679011"
"1952-01-01","24.2309791556685"
"1952-01-02","17.4724737947637"
"1952-01-03","22.1394792201715"
"1952-01-04","6.92375557660024"
"1952-01-05","7.67237221472191"
"1952-01-06","10.6904434332084"
"1952-01-07","12.8293239853599"
"1952-01-08","12.4639034787298"
"1952-01-09","17.6498105267942"
"1952-01-10","36.6662100507067"
"1952-01-11","17.5020207760138"
"1952-01-12","10.7151902382508"
"1952-01-13","40.6324275871376"
"1952-01-14","17.5398026833803"
"1952-01-15","16.2899991279041"
"1952-01-16","38.8636857565347"
"1952-01-17","17.6242889387783"
"1952-01-18","23.5491914749146"
"1952-01-19","50.5283590622278"
"1952-01-20","25.233573471829"
"1952-01-21","29.676080943186"
"1952-01-22","40.5818755409934"
"1952-01-23","59.3348647443763"
"1952-01-24","20.534406103097"
"1952-01-25","4.48029516295437"
"1952-01-26","5.54376090476007"
"1952-01-27","12.0873806868797"
"1952-01-28","10.2582769192658"
"1952-01-29","16.2217534888874"
"1952-01-30","23.0919469053095"
"1952-01-31","26.8340101964546"
"1952-02-01","16.1497731931282"
"1952-02-02","24.8238228595618"
"1952-02-03","16.6926116303448"
"1952-02-04","24.1835861247339"
"1952-02-05","44.8268381919696"
"1952-02-06","25.0243459016214"
"1952-02-07","18.0907364923717"
"1952-02-08","16.302844169336"
"1952-02-09","18.1989431979852"
"1952-02-10","1.65566099264147"
"1952-02-11","6.04363969910196"
"1952-02-12","7.52713981954566"
"1952-02-13","14.0873571040826"
"1952-02-14","16.190590513733"
"1952-02-15","10.2197388374444"
"1952-02-16","17.8166977069079"
"1952-02-17","4.79005145510554"
"1952-02-18","7.0716140053489"
"1952-02-19","9.12423019388537"
"1952-02-20","12.2425260399327"
"1952-02-21","10.1894606945319"
"1952-02-22","14.2823193744147"
"1952-02-23","12.4166453555549"
"1952-02-24","16.4602612210559"
"1952-02-25","19.1106319551344"
"1952-02-26","15.206971490538"
"1952-02-27","14.1457007354472"
"1952-02-28","15.7692611805804"
"1952-02-29","17.6785239141225"
"1952-03-01","15.0024413195523"
"1952-03-02","14.5578742130494"
"1952-03-03","21.5329770897374"
"1952-03-04","17.9726854320212"
"1952-03-05","15.3381517418535"
"1952-03-06","13.7878248825734"
"1952-03-07","15.6554459018625"
"1952-03-08","23.9825020785972"
"1952-03-09","19.8096623647781"
"1952-03-10","23.7616174086864"
"1952-03-11","14.3603837335265"
"1952-03-12","10.3970901150724"
"1952-03-13","12.9069669958833"
"1952-03-14","12.3059267770676"
"1952-03-15","12.5408421409078"
"1952-03-16","15.1064011730673"
"1952-03-17","21.6793696209466"
"1952-03-18","16.5205454434151"
"1952-03-19","12.3153845200807"
"1952-03-20","2.50985176306524"
"1952-03-21","3.25457892118594"
"1952-03-22","4.43972773933823"
"1952-03-23","8.52791207074087"
"1952-03-24","12.6983194320233"
"1952-03-25","12.6206468524355"
"1952-03-26","31.3660164416094"
"1952-03-27","19.4487337570686"
"1952-03-28","23.5478016576726"
"1952-03-29","30.3391274538907"
"1952-03-30","18.8978847714214"
"1952-03-31","30.2479010908119"
"1952-04-01","11.2916393919941"
"1952-04-02","11.5050301304111"
"1952-04-03","9.37034888391371"
"1952-04-04","11.3141754261859"
"1952-04-05","13.4680515532886"
"1952-04-06","12.6047553974829"
"1952-04-07","10.270770449659"
"1952-04-08","19.5484134872238"
"1952-04-09","7.89828109844422"
"1952-04-10","7.68383150802546"
"1952-04-11","8.35979461773133"
"1952-04-12","5.92910465843234"
"1952-04-13","6.55783850702888"
"1952-04-14","3.91895288358003"
"1952-04-15","3.52360911389966"
"1952-04-16","6.85606513910995"
"1952-04-17","2.9002017234311"
"1952-04-18","2.96672297517459"
"1952-04-19","2.52174593153454"
"1952-04-20","2.77222553243885"
"1952-04-21","3.79189727910153"
"1952-04-22","5.36906766117393"
"1952-04-23","4.17097198756742"
"1952-04-24","4.12627844789844"
"1952-04-25","5.04999858011931"
"1952-04-26","5.14755912002547"
"1952-04-27","7.21551437192149"
"1952-04-28","5.67513960986942"
"1952-04-29","5.6935332801951"
"1952-04-30","5.44573427614196"
"1952-05-01","2.60677324641835"
"1952-05-02","3.49608088133139"
"1952-05-03","5.51016231171497"
"1952-05-04","8.52188480984081"
"1952-05-05","11.0205834407311"
"1952-05-06","10.4634917762888"
"1952-05-07","7.615092242951"
"1952-05-08","1.60794183553813"
"1952-05-09","5.82927512296867"
"1952-05-10","4.13487700131032"
"1952-05-11","3.8727968920877"
"1952-05-12","3.4475789281713"
"1952-05-13","3.30668039806993"
"1952-05-14","2.2012098106471"
"1952-05-15","2.60975692721156"
"1952-05-16","1.85714962123792"
"1952-05-17","1.92213546081539"
"1952-05-18","3.4445782966944"
"1952-05-19","5.59404211152684"
"1952-05-20","3.28941252311587"
"1952-05-21","3.49942471325656"
"1952-05-22","3.89629175497856"
"1952-05-23","1.20588248581081"
"1952-05-24","0.252241886749025"
"1952-05-25","1.25896282855308"
"1952-05-26","2.41024707509326"
"1952-05-27","2.42865325104107"
"1952-05-28","2.76520768053088"
"1952-05-29","1.96026585618784"
"1952-05-30","1.3156966257405"
"1952-05-31","0.738604239127659"
"1952-06-01","1.57431023638873"
"1952-06-02","1.168860584949"
"1952-06-03","2.99784422752919"
"1952-06-04","1.98908044778423"
"1952-06-05","2.64118806146956"
"1952-06-06","0.738269008228402"
"1952-06-07","1.10964847091602"
"1952-06-08","1.8290510462089"
"1952-06-09","1.54039213654799"
"1952-06-10","1.74864181889084"
"1952-06-11","1.52571340943828"
"1952-06-12","1.14981389664984"
"1952-06-13","1.48204928055986"
"1952-06-14","1.40852664017574"
"1952-06-15","0.395255106803659"
"1952-06-16","0.375571583546859"
"1952-06-17","0.777447902537011"
"1952-06-18","1.20028350157139"
"1952-06-19","2.25324470088595"
"1952-06-20","1.59312060488251"
"1952-06-21","1.10183022871162"
"1952-06-22","1.13913044449571"
"1952-06-23","0.804761863567612"
"1952-06-24","3.72678594336365"
"1952-06-25","2.06375472641094"
"1952-06-26","1.34343713915451"
"1952-06-27","1.94963996389728"
"1952-06-28","1.72889688598129"
"1952-06-29","2.07857191433638"
"1952-06-30","1.60787695826906"
"1952-07-01","1.71811138551473"
"1952-07-02","3.07027037990042"
"1952-07-03","1.97302568784524"
"1952-07-04","1.63585397117324"
"1952-07-05","1.72756235178931"
"1952-07-06","1.55601210808341"
"1952-07-07","1.05025358749675"
"1952-07-08","1.71750306025212"
"1952-07-09","2.42646715341708"
"1952-07-10","3.34570595247921"
"1952-07-11","2.37929617120074"
"1952-07-12","2.24411945709418"
"1952-07-13","0.565676669408749"
"1952-07-14","1.08396072221267"
"1952-07-15","1.58868424820177"
"1952-07-16","0.519629432073919"
"1952-07-17","1.49745005265975"
"1952-07-18","1.08236422218802"
"1952-07-19","1.5977258727406"
"1952-07-20","1.85847163148773"
"1952-07-21","1.68078683465074"
"1952-07-22","1.29134100585273"
"1952-07-23","1.52680439711649"
"1952-07-24","1.32657438232785"
"1952-07-25","1.87152413759397"
"1952-07-26","2.39360412890777"
"1952-07-27","2.13538062830508"
"1952-07-28","3.28671759237975"
"1952-07-29","3.41503256894809"
"1952-07-30","1.41920331133392"
"1952-07-31","2.38527206528238"
"1952-08-01","1.81193837213826"
"1952-08-02","2.05911983556046"
"1952-08-03","1.61961691191186"
"1952-08-04","1.61957584289245"
"1952-08-05","1.73614721264674"
"1952-08-06","1.49287519826517"
"1952-08-07","2.16021146531745"
"1952-08-08","1.63769561078125"
"1952-08-09","1.8361383901659"
"1952-08-10","2.08473306765288"
"1952-08-11","1.63253400974717"
"1952-08-12","1.57235775546078"
"1952-08-13","2.52249756958578"
"1952-08-14","3.13176921642188"
"1952-08-15","2.94928829907339"
"1952-08-16","3.12800906695329"
"1952-08-17","3.20875889707953"
"1952-08-18","1.53608494171332"
"1952-08-19","1.54478838252815"
"1952-08-20","6.00804320764748"
"1952-08-21","3.71275009943809"
"1952-08-22","7.29599642237544"
"1952-08-23","0.873067753849092"
"1952-08-24","0.777767217391497"
"1952-08-25","1.10116369931987"
"1952-08-26","1.20432544031959"
"1952-08-27","1.55926576243851"
"1952-08-28","1.37842487501892"
"1952-08-29","3.41411634441062"
"1952-08-30","2.77418796995501"
"1952-08-31","3.72386849803842"
"1952-09-01","8.25404658462062"
"1952-09-02","6.38902602154455"
"1952-09-03","2.74645130484651"
"1952-09-04","6.29227616673424"
"1952-09-05","4.65867871484715"
"1952-09-06","4.35264867828006"
"1952-09-07","5.72650327826991"
"1952-09-08","5.06500959447968"
"1952-09-09","2.90992505996774"
"1952-09-10","2.21219332380728"
"1952-09-11","1.78251491132237"
"1952-09-12","2.26160652322687"
"1952-09-13","8.29838227400016"
"1952-09-14","2.2705132465858"
"1952-09-15","0.658425328664449"
"1952-09-16","2.82753612262346"
"1952-09-17","1.05824989080429"
"1952-09-18","2.36363026293325"
"1952-09-19","3.40773674239328"
"1952-09-20","5.11819958635223"
"1952-09-21","4.87347291016475"
"1952-09-22","3.44284546968741"
"1952-09-23","2.92458983391394"
"1952-09-24","2.34782055033234"
"1952-09-25","3.39443923074962"
"1952-09-26","8.50799787508977"
"1952-09-27","7.74429054900165"
"1952-09-28","4.47831242734736"
"1952-09-29","7.28788666240065"
"1952-09-30","1.37498104017534"
"1952-10-01","0.254462254398958"
"1952-10-02","0.678928348199501"
"1952-10-03","1.43178715102084"
"1952-10-04","2.12023409478592"
"1952-10-05","2.35993064778708"
"1952-10-06","3.20978009881395"
"1952-10-07","4.4700345956918"
"1952-10-08","8.9604387407179"
"1952-10-09","5.75453306070138"
"1952-10-10","1.83002647383388"
"1952-10-11","2.98232359235937"
"1952-10-12","2.85707612032498"
"1952-10-13","2.71620671031795"
"1952-10-14","4.22087656316303"
"1952-10-15","9.00366478048878"
"1952-10-16","5.59811438368512"
"1952-10-17","3.92113717964717"
"1952-10-18","2.86288569474117"
"1952-10-19","6.30964418303915"
"1952-10-20","11.4506254629655"
"1952-10-21","3.65537765609238"
"1952-10-22","4.07716822779024"
"1952-10-23","5.85755147046341"
"1952-10-24","4.87728265766458"
"1952-10-25","2.01602145629528"
"1952-10-26","2.96747381862624"
"1952-10-27","2.09370812967226"
"1952-10-28","3.66337834911429"
"1952-10-29","3.58518948957518"
"1952-10-30","2.59531168891238"
"1952-10-31","2.24925082418826"
"1952-11-01","5.36148466279496"
"1952-11-02","2.28445196635537"
"1952-11-03","2.12715771587896"
"1952-11-04","3.68306935091555"
"1952-11-05","2.7506357837162"
"1952-11-06","2.43389009900423"
"1952-11-07","4.83429169706452"
"1952-11-08","5.08971817410869"
"1952-11-09","3.64370027945671"
"1952-11-10","5.4926044631314"
"1952-11-11","2.28224121311526"
"1952-11-12","3.72645556565487"
"1952-11-13","6.63034914169477"
"1952-11-14","3.90187113316028"
"1952-11-15","5.68070954781074"
"1952-11-16","3.41617827652853"
"1952-11-17","3.2617084038206"
"1952-11-18","3.96488933490984"
"1952-11-19","7.69509361316631"
"1952-11-20","2.99142069217963"
"1952-11-21","6.15208780094659"
"1952-11-22","5.48739347623024"
"1952-11-23","5.0338662093852"
"1952-11-24","8.18594172919467"
"1952-11-25","14.5262258703058"
"1952-11-26","1.03150311280123"
"1952-11-27","2.63922052156358"
"1952-11-28","2.35638193160425"
"1952-11-29","4.6440868578948"
"1952-11-30","8.38488507580447"
"1952-12-01","8.12744719641549"
"1952-12-02","7.51164130731062"
"1952-12-03","15.8821843341315"
"1952-12-04","13.2807223827808"
"1952-12-05","5.8923015259045"
"1952-12-06","4.4360053977925"
"1952-12-07","6.31916031241417"
"1952-12-08","6.23657334263707"
"1952-12-09","6.52618822081264"
"1952-12-10","4.53418274920482"
"1952-12-11","2.90334102843618"
"1952-12-12","4.99358072883381"
"1952-12-13","3.65824151658393"
"1952-12-14","6.06820866323653"
"1952-12-15","8.34982851263765"
"1952-12-16","23.0611524416771"
"1952-12-17","11.0604952971141"
"1952-12-18","9.20039869799758"
"1952-12-19","14.7024713677245"
"1952-12-20","14.1769570829548"
"1952-12-21","11.9208087776646"
"1952-12-22","9.39540787073441"
"1952-12-23","15.6707210272422"
"1952-12-24","21.7800601075738"
"1952-12-25","21.6719474255781"
"1952-12-26","13.0452078369273"
"1952-12-27","17.1681746032847"
"1952-12-28","26.3646598832432"
"1952-12-29","21.1738855931666"
"1952-12-30","14.6499993708227"
"1952-12-31","18.5625280363735"
"1953-01-01","18.06330002954"
"1953-01-02","18.5400920647047"
"1953-01-03","17.236345751461"
"1953-01-04","25.6254168671447"
"1953-01-05","9.70770421585479"
"1953-01-06","12.21531656707"
"1953-01-07","12.662626163268"
"1953-01-08","15.2106409320584"
"1953-01-09","16.7266462375591"
"1953-01-10","15.8743360238674"
"1953-01-11","14.8237689294856"
"1953-01-12","16.3761950695153"
"1953-01-13","40.9712964920771"
"1953-01-14","10.1613051901648"
"1953-01-15","6.84050622234097"
"1953-01-16","16.9936939875285"
"1953-01-17","16.9409194508672"
"1953-01-18","42.1061550817448"
"1953-01-19","13.7695434640496"
"1953-01-20","11.2551085484492"
"1953-01-21","20.5369205103292"
"1953-01-22","15.9936008742361"
"1953-01-23","18.4097191451432"
"1953-01-24","9.70452763817527"
"1953-01-25","11.950016098105"
"1953-01-26","28.713733487315"
"1953-01-27","21.7997344458774"
"1953-01-28","10.5736120634781"
"1953-01-29","10.8696639579096"
"1953-01-30","8.82322606483063"
"1953-01-31","12.466992164587"
"1953-02-01","21.5313401614433"
"1953-02-02","18.1072039500975"
"1953-02-03","23.3198919089842"
"1953-02-04","38.6944397269905"
"1953-02-05","12.6862147876195"
"1953-02-06","16.7325499109376"
"1953-02-07","12.5923005409571"
"1953-02-08","16.9489840263928"
"1953-02-09","16.2169557835633"
"1953-02-10","14.9048424138651"
"1953-02-11","12.2322016773802"
"1953-02-12","19.2460704159427"
"1953-02-13","23.8954675393703"
"1953-02-14","16.929434371717"
"1953-02-15","21.255998161448"
"1953-02-16","21.4206316729129"
"1953-02-17","17.3094059626261"
"1953-02-18","21.3090811064749"
"1953-02-19","18.6960343943014"
"1953-02-20","20.1331150087959"
"1953-02-21","24.63790871261"
"1953-02-22","19.7813931172028"
"1953-02-23","27.8280958613276"
"1953-02-24","32.4710753717464"
"1953-02-25","28.9094085363083"
"1953-02-26","29.8159525982745"
"1953-02-27","13.491644805644"
"1953-02-28","16.2227629252843"
"1953-03-01","14.1126759454801"
"1953-03-02","19.0316552207583"
"1953-03-03","21.54937284643"
"1953-03-04","21.5930898220508"
"1953-03-05","24.2681887283986"
"1953-03-06","36.9512624864454"
"1953-03-07","17.4114187496565"
"1953-03-08","28.5039783865858"
"1953-03-09","37.9530838970498"
"1953-03-10","23.6877672352316"
"1953-03-11","19.3308145556099"
"1953-03-12","14.8255295650268"
"1953-03-13","19.5370354838185"
"1953-03-14","20.1405637295215"
"1953-03-15","29.7554228976691"
"1953-03-16","29.6071978647471"
"1953-03-17","41.2487749702487"
"1953-03-18","15.2449129773425"
"1953-03-19","13.3956961693702"
"1953-03-20","31.1836494016441"
"1953-03-21","7.07362901080738"
"1953-03-22","10.0205708860835"
"1953-03-23","20.2899869654602"
"1953-03-24","13.7034921997037"
"1953-03-25","14.2010308922111"
"1953-03-26","21.7832780813242"
"1953-03-27","20.2747803560067"
"1953-03-28","20.2415514116163"
"1953-03-29","13.2518737821868"
"1953-03-30","22.62517170679"
"1953-03-31","10.0016301514266"
"1953-04-01","28.301256865134"
"1953-04-02","9.9370972563178"
"1953-04-03","19.0057701837449"
"1953-04-04","2.5353677231512"
"1953-04-05","3.94943569645737"
"1953-04-06","5.11529537764463"
"1953-04-07","7.31965334694107"
"1953-04-08","8.28228320910301"
"1953-04-09","7.65298382028357"
"1953-04-10","7.32318423527144"
"1953-04-11","12.4144031887963"
"1953-04-12","14.4275486438305"
"1953-04-13","5.78245717622501"
"1953-04-14","10.7208721338412"
"1953-04-15","13.5739402585215"
"1953-04-16","12.0082689900419"
"1953-04-17","7.40709475624613"
"1953-04-18","6.44413873953221"
"1953-04-19","6.9579014695568"
"1953-04-20","6.74621266307253"
"1953-04-21","7.07082340624425"
"1953-04-22","10.8022769952749"
"1953-04-23","16.7098633489567"
"1953-04-24","9.75636139782992"
"1953-04-25","9.01841400608872"
"1953-04-26","3.32118829246207"
"1953-04-27","6.81084101153659"
"1953-04-28","4.94624679325979"
"1953-04-29","7.83541226077389"
"1953-04-30","8.93125143918124"
"1953-05-01","7.5821259290109"
"1953-05-02","7.10209913687272"
"1953-05-03","6.62188823295362"
"1953-05-04","6.21916543972957"
"1953-05-05","6.22904388935535"
"1953-05-06","6.6820185132873"
"1953-05-07","9.76445843130995"
"1953-05-08","10.5297528448559"
"1953-05-09","11.5464075633458"
"1953-05-10","18.1124858691063"
"1953-05-11","21.0738793657972"
"1953-05-12","9.73000812840152"
"1953-05-13","4.96437861754265"
"1953-05-14","6.06822256505231"
"1953-05-15","2.78068217312619"
"1953-05-16","4.55727915949636"
"1953-05-17","8.41701446467148"
"1953-05-18","5.51961738103396"
"1953-05-19","2.1664571636941"
"1953-05-20","2.9141264383669"
"1953-05-21","2.78543015424307"
"1953-05-22","4.05302308209531"
"1953-05-23","2.64750560447251"
"1953-05-24","3.8132641788943"
"1953-05-25","5.68044105081847"
"1953-05-26","4.31490079458658"
"1953-05-27","5.11917261282603"
"1953-05-28","2.52264034154611"
"1953-05-29","6.03443964735254"
"1953-05-30","6.0796982803386"
"1953-05-31","7.941316799684"
"1953-06-01","5.57109066108605"
"1953-06-02","5.27047038852394"
"1953-06-03","6.51762690946653"
"1953-06-04","3.62374397428521"
"1953-06-05","2.06750586564407"
"1953-06-06","3.13682230158802"
"1953-06-07","3.55642953708574"
"1953-06-08","5.11200167864432"
"1953-06-09","6.61873912914491"
"1953-06-10","0.634239868313332"
"1953-06-11","2.51929631913121"
"1953-06-12","2.20035652119618"
"1953-06-13","1.80861390243361"
"1953-06-14","1.71047808552459"
"1953-06-15","2.6382245119516"
"1953-06-16","3.41355504334231"
"1953-06-17","1.35551464196407"
"1953-06-18","0.173298489374967"
"1953-06-19","0.867078092610423"
"1953-06-20","2.06943967467521"
"1953-06-21","3.05240181572252"
"1953-06-22","1.43413970523486"
"1953-06-23","1.40274041604041"
"1953-06-24","1.60890771648584"
"1953-06-25","2.29687852538251"
"1953-06-26","2.42361265304801"
"1953-06-27","2.36708064009617"
"1953-06-28","1.56451678985641"
"1953-06-29","6.17839500862799"
"1953-06-30","3.52566385049841"
"1953-07-01","2.47266936269931"
"1953-07-02","2.38252662270616"
"1953-07-03","2.99124471501355"
"1953-07-04","4.88689413215175"
"1953-07-05","3.35994599985354"
"1953-07-06","5.67013944485487"
"1953-07-07","1.01654352570251"
"1953-07-08","1.20319357011225"
"1953-07-09","1.49010358508918"
"1953-07-10","1.30561817698664"
"1953-07-11","1.48238918733545"
"1953-07-12","3.12509882295286"
"1953-07-13","4.61094007089541"
"1953-07-14","4.82818613991593"
"1953-07-15","0.485479785024604"
"1953-07-16","0.785191851647901"
"1953-07-17","1.72019914424781"
"1953-07-18","1.77056022497999"
"1953-07-19","2.36339662833647"
"1953-07-20","2.85315223283324"
"1953-07-21","2.58458979976126"
"1953-07-22","2.98429718613625"
"1953-07-23","0.774055661488469"
"1953-07-24","0.91017077200405"
"1953-07-25","1.10521369188766"
"1953-07-26","4.19916514142767"
"1953-07-27","3.2649096985916"
"1953-07-28","4.53313440058654"
"1953-07-29","3.91390327148107"
"1953-07-30","4.9618749768187"
"1953-07-31","4.49719816730136"
"1953-08-01","3.47500473699528"
"1953-08-02","2.54609948228964"
"1953-08-03","9.23294708326265"
"1953-08-04","0.209571733522467"
"1953-08-05","0.620238286205184"
"1953-08-06","1.22238256804871"
"1953-08-07","1.52603456055447"
"1953-08-08","5.06516536128469"
"1953-08-09","2.09036283524005"
"1953-08-10","1.08939033462888"
"1953-08-11","1.77676236977825"
"1953-08-12","2.24705902503166"
"1953-08-13","1.50754058696491"
"1953-08-14","2.38060113336101"
"1953-08-15","1.17176624274615"
"1953-08-16","2.75771764398137"
"1953-08-17","1.70969314015273"
"1953-08-18","1.81290722525481"
"1953-08-19","2.76328914557701"
"1953-08-20","4.51134053246799"
"1953-08-21","3.12864276908693"
"1953-08-22","2.12058057800516"
"1953-08-23","1.47855188023476"
"1953-08-24","2.70130780842397"
"1953-08-25","2.26785648798014"
"1953-08-26","2.87793082747109"
"1953-08-27","2.8568741431484"
"1953-08-28","2.26435142961931"
"1953-08-29","3.35052918252491"
"1953-08-30","3.50808363972288"
"1953-08-31","6.01660850140956"
"1953-09-01","2.56467415618174"
"1953-09-02","1.35879764567206"
"1953-09-03","1.58335531648103"
"1953-09-04","2.05431361038447"
"1953-09-05","6.13234345014993"
"1953-09-06","7.09707218227964"
"1953-09-07","5.89095317440116"
"1953-09-08","6.75215022698109"
"1953-09-09","4.76272972631248"
"1953-09-10","3.6096733813678"
"1953-09-11","4.58268240726355"
"1953-09-12","2.89719769887594"
"1953-09-13","3.31968728056202"
"1953-09-14","4.21760819020209"
"1953-09-15","4.15906140195343"
"1953-09-16","5.4727649368765"
"1953-09-17","4.50518269559522"
"1953-09-18","6.14845606258937"
"1953-09-19","0.588867634405821"
"1953-09-20","0.945664424142796"
"1953-09-21","1.09523047300386"
"1953-09-22","1.93118690321972"
"1953-09-23","2.25820326727706"
"1953-09-24","1.9566923271526"
"1953-09-25","2.51800330621856"
"1953-09-26","5.01267519038477"
"1953-09-27","6.70433395455926"
"1953-09-28","3.06925925651154"
"1953-09-29","1.575545875025"
"1953-09-30","0.360412826140722"
"1953-10-01","1.30139344066252"
"1953-10-02","2.4974630696949"
"1953-10-03","5.78595499249248"
"1953-10-04","5.12027580191047"
"1953-10-05","2.30664435222551"
"1953-10-06","1.85767996182173"
"1953-10-07","3.96421378205865"
"1953-10-08","4.72211685634795"
"1953-10-09","4.32009639213612"
"1953-10-10","2.5677728283973"
"1953-10-11","1.68376130510718"
"1953-10-12","2.08474824206654"
"1953-10-13","1.67921735004429"
"1953-10-14","10.3293605903526"
"1953-10-15","6.62300768043056"
"1953-10-16","6.7670409483311"
"1953-10-17","7.78411757791197"
"1953-10-18","4.69984580944111"
"1953-10-19","17.0332476298014"
"1953-10-20","5.23502660468543"
"1953-10-21","1.75915141771366"
"1953-10-22","2.54353562603781"
"1953-10-23","4.08462262772895"
"1953-10-24","5.69077660717489"
"1953-10-25","5.8841029209492"
"1953-10-26","6.53294035882661"
"1953-10-27","12.3514071233345"
"1953-10-28","9.95927572663212"
"1953-10-29","2.79105037141156"
"1953-10-30","3.63578686466465"
"1953-10-31","4.20381882515821"
"1953-11-01","3.78994919572558"
"1953-11-02","3.28427056252182"
"1953-11-03","3.73670361903839"
"1953-11-04","3.38999273457052"
"1953-11-05","0.49500255375391"
"1953-11-06","1.20077850979257"
"1953-11-07","1.31679021181676"
"1953-11-08","2.19489735319759"
"1953-11-09","3.11345563951509"
"1953-11-10","3.54200434220302"
"1953-11-11","4.13195403649177"
"1953-11-12","10.318139624286"
"1953-11-13","11.5858166878358"
"1953-11-14","10.8252049607116"
"1953-11-15","8.77146135573779"
"1953-11-16","10.3518260567735"
"1953-11-17","12.9062938091559"
"1953-11-18","9.82316920251557"
"1953-11-19","10.884927724863"
"1953-11-20","10.9261559614371"
"1953-11-21","19.3954873105664"
"1953-11-22","9.73437363554389"
"1953-11-23","9.21065929132106"
"1953-11-24","9.35328566770017"
"1953-11-25","12.0014813163064"
"1953-11-26","11.5409443553908"
"1953-11-27","3.90476376889072"
"1953-11-28","7.83997015725999"
"1953-11-29","8.63312792055535"
"1953-11-30","6.96566493893082"
"1953-12-01","15.471360233439"
"1953-12-02","15.5530454648005"
"1953-12-03","32.1755390745221"
"1953-12-04","18.608607612131"
"1953-12-05","13.6519547829896"
"1953-12-06","15.3609850788529"
"1953-12-07","1.89222770542293"
"1953-12-08","3.84734355164813"
"1953-12-09","7.61896830306941"
"1953-12-10","4.40714951407858"
"1953-12-11","6.41603114955869"
"1953-12-12","9.82193803580808"
"1953-12-13","15.5167844574173"
"1953-12-14","10.5536003463712"
"1953-12-15","21.6621482857378"
"1953-12-16","15.4731646492368"
"1953-12-17","10.7810963841228"
"1953-12-18","20.1506082154972"
"1953-12-19","34.4460901532854"
"1953-12-20","34.0183741127774"
"1953-12-21","21.658951334107"
"1953-12-22","11.9681646565854"
"1953-12-23","15.7656740254654"
"1953-12-24","15.9217401768738"
"1953-12-25","14.0429691236257"
"1953-12-26","25.7817341238905"
"1953-12-27","13.6091752052307"
"1953-12-28","19.1248633355805"
"1953-12-29","23.1507718883035"
"1953-12-30","10.7060559910613"
"1953-12-31","11.3505519520153"
"1954-01-01","15.9341673665232"
"1954-01-02","14.0254975521203"
"1954-01-03","19.2022138983656"
"1954-01-04","24.7095909242506"
"1954-01-05","18.5372948667188"
"1954-01-06","24.6493920578069"
"1954-01-07","26.3963310935281"
"1954-01-08","30.932014985518"
"1954-01-09","35.8892741182666"
"1954-01-10","16.3947785055483"
"1954-01-11","18.9724096033996"
"1954-01-12","20.8734537306286"
"1954-01-13","23.3424396597462"
"1954-01-14","22.8570288043001"
"1954-01-15","33.5507361341865"
"1954-01-16","39.9711614749132"
"1954-01-17","15.7536127742751"
"1954-01-18","17.9903778183512"
"1954-01-19","13.5513653197846"
"1954-01-20","22.1105283679384"
"1954-01-21","24.2292056847444"
"1954-01-22","25.712579136803"
"1954-01-23","22.7098832935482"
"1954-01-24","13.5388509948532"
"1954-01-25","22.6469029926118"
"1954-01-26","39.8384539121157"
"1954-01-27","33.6247709777964"
"1954-01-28","9.84833649923275"
"1954-01-29","2.12815601562525"
"1954-01-30","2.0619916417898"
"1954-01-31","4.08844777619168"
"1954-02-01","8.6367402613421"
"1954-02-02","11.4285790104887"
"1954-02-03","9.77085762312918"
"1954-02-04","10.5937057718054"
"1954-02-05","12.0783008228649"
"1954-02-06","15.2275568664848"
"1954-02-07","19.0593759074356"
"1954-02-08","32.5138030526958"
"1954-02-09","16.4504444568188"
"1954-02-10","13.4434223670464"
"1954-02-11","16.8564812672603"
"1954-02-12","17.5980015234514"
"1954-02-13","13.2645600760654"
"1954-02-14","14.7704608925493"
"1954-02-15","10.7169574844889"
"1954-02-16","10.1122993514651"
"1954-02-17","16.7553834295892"
"1954-02-18","18.2366353113414"
"1954-02-19","10.9099326649786"
"1954-02-20","18.3024078055378"
"1954-02-21","15.3192436251289"
"1954-02-22","18.5879589014755"
"1954-02-23","11.4736627335156"
"1954-02-24","19.1644170604227"
"1954-02-25","17.0502192757346"
"1954-02-26","17.5271687858549"
"1954-02-27","14.679263579381"
"1954-02-28","14.5459455700664"
"1954-03-01","14.6904369288193"
"1954-03-02","18.7769885248952"
"1954-03-03","25.4119197217933"
"1954-03-04","25.2354082132315"
"1954-03-05","16.5193824809351"
"1954-03-06","17.4397823284199"
"1954-03-07","12.9685022222015"
"1954-03-08","33.4431601767932"
"1954-03-09","13.5355333807148"
"1954-03-10","13.3670531599037"
"1954-03-11","21.528363359955"
"1954-03-12","14.3871532188349"
"1954-03-13","15.2699550963067"
"1954-03-14","26.4433556676427"
"1954-03-15","17.3576390196235"
"1954-03-16","9.64067871539624"
"1954-03-17","23.5556071269048"
"1954-03-18","20.7591433669582"
"1954-03-19","19.035642405093"
"1954-03-20","10.200149492784"
"1954-03-21","33.2182862170331"
"1954-03-22","8.70879650270784"
"1954-03-23","7.82059779105248"
"1954-03-24","31.8824049879462"
"1954-03-25","12.7638864661708"
"1954-03-26","9.8555116694727"
"1954-03-27","33.0380407886588"
"1954-03-28","11.628891189377"
"1954-03-29","10.8928574793267"
"1954-03-30","15.3938627449465"
"1954-03-31","24.5813883785562"
"1954-04-01","32.9305975199778"
"1954-04-02","18.5657044262081"
"1954-04-03","21.390089939167"
"1954-04-04","8.17531080989095"
"1954-04-05","8.69287383091914"
"1954-04-06","1.80025047663744"
"1954-04-07","3.03623092303544"
"1954-04-08","4.56075493701093"
"1954-04-09","4.83236041987613"
"1954-04-10","6.36954069240785"
"1954-04-11","8.57768661532051"
"1954-04-12","12.5850396218238"
"1954-04-13","23.89595429309"
"1954-04-14","0.790027701751494"
"1954-04-15","1.4416425758368"
"1954-04-16","2.09836025568314"
"1954-04-17","2.61498534589103"
"1954-04-18","2.92038570583125"
"1954-04-19","4.68823187872445"
"1954-04-20","9.40408404358538"
"1954-04-21","4.95458971421956"
"1954-04-22","8.78448563169091"
"1954-04-23","12.3742587163851"
"1954-04-24","11.0811320589734"
"1954-04-25","3.6789822917738"
"1954-04-26","2.31581799873026"
"1954-04-27","5.25723922407472"
"1954-04-28","8.27092697300436"
"1954-04-29","1.52744913720465"
"1954-04-30","3.5274186731675"
"1954-05-01","2.56592876351241"
"1954-05-02","2.75177760648005"
"1954-05-03","4.47013623038412"
"1954-05-04","2.20642294144476"
"1954-05-05","3.92060858914346"
"1954-05-06","3.65574036609559"
"1954-05-07","3.33587129420532"
"1954-05-08","2.5208401727728"
"1954-05-09","3.93534728278329"
"1954-05-10","2.62778950305212"
"1954-05-11","2.15645503262421"
"1954-05-12","4.20254774733539"
"1954-05-13","6.93622865202107"
"1954-05-14","4.53736964500312"
"1954-05-15","5.75545997795088"
"1954-05-16","6.26591859028969"
"1954-05-17","11.4852853409656"
"1954-05-18","6.57429640220873"
"1954-05-19","6.41512242178896"
"1954-05-20","3.97370918462803"
"1954-05-21","2.53812656748346"
"1954-05-22","1.95295831380468"
"1954-05-23","3.59280234807497"
"1954-05-24","6.90556538466251"
"1954-05-25","4.73755654215297"
"1954-05-26","4.75414303474096"
"1954-05-27","6.83798983499601"
"1954-05-28","2.63964736255216"
"1954-05-29","4.77729576206827"
"1954-05-30","5.31248001876848"
"1954-05-31","5.96534374523989"
"1954-06-01","5.62297171509111"
"1954-06-02","1.31176200241367"
"1954-06-03","1.60480896980215"
"1954-06-04","1.99288380455661"
"1954-06-05","2.98946695565145"
"1954-06-06","1.95158846631195"
"1954-06-07","1.26257137496234"
"1954-06-08","3.89637228885254"
"1954-06-09","3.56334782627238"
"1954-06-10","3.63526261110842"
"1954-06-11","4.79898540385358"
"1954-06-12","3.76627576531786"
"1954-06-13","4.26616578855556"
"1954-06-14","6.52416977428255"
"1954-06-15","2.92053732030835"
"1954-06-16","2.47332320107526"
"1954-06-17","1.78759638687749"
"1954-06-18","4.16992968088621"
"1954-06-19","4.90490588636109"
"1954-06-20","6.33739503637537"
"1954-06-21","4.30268217578079"
"1954-06-22","3.1362067920305"
"1954-06-23","5.02942133259464"
"1954-06-24","3.14794800343452"
"1954-06-25","2.08795537976992"
"1954-06-26","2.89541902247961"
"1954-06-27","4.02068441254752"
"1954-06-28","4.58027182977437"
"1954-06-29","1.28178390667036"
"1954-06-30","1.61859683798892"
"1954-07-01","1.57626245328874"
"1954-07-02","1.37606216960655"
"1954-07-03","2.06664670249084"
"1954-07-04","3.57354251904921"
"1954-07-05","2.17175333556675"
"1954-07-06","2.29514277923159"
"1954-07-07","3.29304070802994"
"1954-07-08","1.67361710765661"
"1954-07-09","2.08217647336262"
"1954-07-10","3.1235867821293"
"1954-07-11","3.57193671882927"
"1954-07-12","5.50421176689528"
"1954-07-13","3.42154677296098"
"1954-07-14","4.18750436739488"
"1954-07-15","2.73235797624051"
"1954-07-16","0.931113154921697"
"1954-07-17","2.62427086644358"
"1954-07-18","3.03573717002745"
"1954-07-19","2.19601214112657"
"1954-07-20","4.36774496134225"
"1954-07-21","5.14258830371873"
"1954-07-22","4.51141365911021"
"1954-07-23","3.1770238035169"
"1954-07-24","4.38583537742689"
"1954-07-25","2.43664774634105"
"1954-07-26","2.66511938027489"
"1954-07-27","2.86306402151719"
"1954-07-28","4.00698070995735"
"1954-07-29","3.99350198342171"
"1954-07-30","6.87146054769491"
"1954-07-31","5.53053823229554"
"1954-08-01","3.24614518261575"
"1954-08-02","3.97873392894671"
"1954-08-03","2.71959222872536"
"1954-08-04","3.529025653482"
"1954-08-05","5.68187934082824"
"1954-08-06","3.73112234150693"
"1954-08-07","1.22086101909091"
"1954-08-08","3.5526284509665"
"1954-08-09","5.87808781217187"
"1954-08-10","3.43195351893768"
"1954-08-11","3.84773770632682"
"1954-08-12","2.4388302537528"
"1954-08-13","2.35519619447328"
"1954-08-14","2.75530904866916"
"1954-08-15","3.98893124277974"
"1954-08-16","9.4439765968364"
"1954-08-17","4.92175219482158"
"1954-08-18","7.95109363809808"
"1954-08-19","17.5582294691177"
"1954-08-20","1.70391807643882"
"1954-08-21","7.20031971358634"
"1954-08-22","3.95549881677607"
"1954-08-23","3.28585128918355"
"1954-08-24","1.36368737760044"
"1954-08-25","2.18342821370988"
"1954-08-26","2.7739986018701"
"1954-08-27","2.13147908320159"
"1954-08-28","2.31877648030525"
"1954-08-29","6.43853890534603"
"1954-08-30","5.26163984377147"
"1954-08-31","10.8099470014696"
"1954-09-01","15.7059556075505"
"1954-09-02","1.00268774379641"
"1954-09-03","2.19970190202519"
"1954-09-04","2.84008577440208"
"1954-09-05","2.49842513175238"
"1954-09-06","2.61289021798543"
"1954-09-07","3.1015353868534"
"1954-09-08","4.19698800978723"
"1954-09-09","3.7055919864477"
"1954-09-10","6.1780950073556"
"1954-09-11","8.96910294825897"
"1954-09-12","2.89350892055086"
"1954-09-13","4.56106534922794"
"1954-09-14","5.46828509615613"
"1954-09-15","6.69258136976333"
"1954-09-16","11.629415225157"
"1954-09-17","3.24103947274097"
"1954-09-18","3.0577906379194"
"1954-09-19","3.69476035198608"
"1954-09-20","3.73942403488861"
"1954-09-21","5.22098772505145"
"1954-09-22","5.76128604917815"
"1954-09-23","15.5110611461458"
"1954-09-24","6.93791583502964"
"1954-09-25","6.42964834671516"
"1954-09-26","5.88004971273018"
"1954-09-27","6.39403556022809"
"1954-09-28","6.50738008920248"
"1954-09-29","9.85040940557207"
"1954-09-30","11.6695004500352"
"1954-10-01","14.1804083209017"
"1954-10-02","8.77596184495208"
"1954-10-03","7.82092447869189"
"1954-10-04","8.50071411525016"
"1954-10-05","12.7568421776677"
"1954-10-06","12.1070513653033"
"1954-10-07","9.27200811043446"
"1954-10-08","9.42557195461158"
"1954-10-09","8.1887291592437"
"1954-10-10","13.8036198327036"
"1954-10-11","9.83415953731124"
"1954-10-12","8.8461412433938"
"1954-10-13","7.13279832493175"
"1954-10-14","6.78197609397756"
"1954-10-15","11.6406500040195"
"1954-10-16","10.0415197285739"
"1954-10-17","5.75289452488804"
"1954-10-18","4.88501461321141"
"1954-10-19","7.3940313290724"
"1954-10-20","9.13075374731254"
"1954-10-21","21.6758425741485"
"1954-10-22","14.7804865847418"
"1954-10-23","13.3610960126439"
"1954-10-24","2.13045234842734"
"1954-10-25","0.431143679482725"
"1954-10-26","1.03701281837829"
"1954-10-27","1.65888072376127"
"1954-10-28","2.80449437269401"
"1954-10-29","5.44987904922271"
"1954-10-30","6.70004324995594"
"1954-10-31","7.69866745915764"
"1954-11-01","7.83786188369189"
"1954-11-02","9.03128593515008"
"1954-11-03","8.64926656293663"
"1954-11-04","12.0196469057174"
"1954-11-05","10.7965790905478"
"1954-11-06","3.98222696845666"
"1954-11-07","2.19068675897854"
"1954-11-08","2.69819857560711"
"1954-11-09","2.35404579412369"
"1954-11-10","4.98727359993633"
"1954-11-11","15.5402902669205"
"1954-11-12","13.6070980127756"
"1954-11-13","11.1293062967655"
"1954-11-14","11.8294390796067"
"1954-11-15","10.0589878507507"
"1954-11-16","7.5905092949475"
"1954-11-17","13.7965883424272"
"1954-11-18","8.67834393389813"
"1954-11-19","16.7931941288374"
"1954-11-20","1.75357472148293"
"1954-11-21","1.89771580725134"
"1954-11-22","4.78733753487145"
"1954-11-23","5.97214982674751"
"1954-11-24","8.38665154795626"
"1954-11-25","21.2781146491245"
"1954-11-26","16.63339780213"
"1954-11-27","17.273773773408"
"1954-11-28","35.9907227677184"
"1954-11-29","10.1668798149406"
"1954-11-30","14.25542010683"
"1954-12-01","19.6583599445624"
"1954-12-02","1.61742882411201"
"1954-12-03","1.31176521142066"
"1954-12-04","2.81566229733554"
"1954-12-05","4.85783421632015"
"1954-12-06","6.15746879887271"
"1954-12-07","7.68928647763801"
"1954-12-08","7.79352428283526"
"1954-12-09","20.1204973650185"
"1954-12-10","5.78200443792137"
"1954-12-11","2.64567328454096"
"1954-12-12","0.406827913218246"
"1954-12-13","1.26822444448223"
"1954-12-14","3.23055660105371"
"1954-12-15","4.91037102282305"
"1954-12-16","4.71985465675205"
"1954-12-17","6.67343164832045"
"1954-12-18","8.61485453188677"
"1954-12-19","11.1723104555369"
"1954-12-20","10.3195886921573"
"1954-12-21","15.7017962199785"
"1954-12-22","12.2316084775058"
"1954-12-23","20.1652343551834"
"1954-12-24","21.6075752266558"
"1954-12-25","17.6112131515107"
"1954-12-26","32.1218050011309"
"1954-12-27","14.3293243115082"
"1954-12-28","16.0189640594251"
"1954-12-29","13.8162402177786"
"1954-12-30","26.5445981789461"
"1954-12-31","31.3806562630129"
"1955-01-01","4.04544247899737"
"1955-01-02","32.266984749666"
"1955-01-03","5.70313886904613"
"1955-01-04","7.19639754604984"
"1955-01-05","11.6015997098122"
"1955-01-06","12.8038279277422"
"1955-01-07","15.4064426834965"
"1955-01-08","16.5450577653332"
"1955-01-09","11.7158344256413"
"1955-01-10","18.4795128834712"
"1955-01-11","14.4638003002514"
"1955-01-12","17.1275909844931"
"1955-01-13","14.5675698482629"
"1955-01-14","14.2417648199833"
"1955-01-15","27.8413375342563"
"1955-01-16","32.4516389277074"
"1955-01-17","22.2292552386527"
"1955-01-18","23.9583336966378"
"1955-01-19","19.6036238360715"
"1955-01-20","21.2013418065521"
"1955-01-21","19.2168798322801"
"1955-01-22","19.121999538306"
"1955-01-23","28.0045483989633"
"1955-01-24","20.3328987014242"
"1955-01-25","37.5349161304953"
"1955-01-26","20.1239576133299"
"1955-01-27","16.915191922869"
"1955-01-28","16.0878447763848"
"1955-01-29","11.005201387199"
"1955-01-30","11.8785562391405"
"1955-01-31","11.683662111109"
"1955-02-01","12.3584560398416"
"1955-02-02","20.2999160939997"
"1955-02-03","17.1512059546136"
"1955-02-04","21.5329436099891"
"1955-02-05","30.4050959384803"
"1955-02-06","25.1051386589612"
"1955-02-07","25.5278723663066"
"1955-02-08","9.57691381710432"
"1955-02-09","8.23974146574607"
"1955-02-10","1.08054716904442"
"1955-02-11","1.22698666897171"
"1955-02-12","0.937066626368147"
"1955-02-13","2.86794352092784"
"1955-02-14","3.6004885288028"
"1955-02-15","1.87258912880957"
"1955-02-16","6.94071890858861"
"1955-02-17","7.41454192570278"
"1955-02-18","11.1091812523929"
"1955-02-19","12.5503829918899"
"1955-02-20","13.857661629136"
"1955-02-21","9.59162459641824"
"1955-02-22","14.5628191361696"
"1955-02-23","12.5675218301418"
"1955-02-24","11.3403808791916"
"1955-02-25","16.8040411234934"
"1955-02-26","17.1507701171941"
"1955-02-27","15.9701910184059"
"1955-02-28","17.7177460740655"
"1955-03-01","16.4230226830487"
"1955-03-02","9.42404422925148"
"1955-03-03","6.7295466676935"
"1955-03-04","7.74563785032792"
"1955-03-05","12.3491835418718"
"1955-03-06","10.4950233021856"
"1955-03-07","9.70739410243509"
"1955-03-08","13.3395968639489"
"1955-03-09","12.8717392595299"
"1955-03-10","21.6165695396853"
"1955-03-11","13.1364141893593"
"1955-03-12","19.0763740415697"
"1955-03-13","13.1957514523428"
"1955-03-14","9.89204500867175"
"1955-03-15","12.4118380381431"
"1955-03-16","12.1079124785089"
"1955-03-17","12.7157640539723"
"1955-03-18","11.6174781456654"
"1955-03-19","11.6720792204787"
"1955-03-20","14.798443404111"
"1955-03-21","22.232741921495"
"1955-03-22","18.0146467902444"
"1955-03-23","5.34137661426098"
"1955-03-24","2.68554793911063"
"1955-03-25","5.60880299770471"
"1955-03-26","6.96380164509728"
"1955-03-27","9.29909172718659"
"1955-03-28","21.5443434901052"
"1955-03-29","12.1841954875302"
"1955-03-30","10.7182216809426"
"1955-03-31","33.6220682069853"
"1955-04-01","13.0584081509413"
"1955-04-02","8.69398666769911"
"1955-04-03","8.10950502791962"
"1955-04-04","10.7473489360892"
"1955-04-05","13.3787673706616"
"1955-04-06","10.0473472442462"
"1955-04-07","9.2398997901322"
"1955-04-08","10.7834211469213"
"1955-04-09","14.9664402586041"
"1955-04-10","9.28649331068064"
"1955-04-11","12.6583954534489"
"1955-04-12","12.5904199096548"
"1955-04-13","15.1947664264993"
"1955-04-14","5.23193890088564"
"1955-04-15","6.50893989166656"
"1955-04-16","7.17611236489696"
"1955-04-17","16.6946210200652"
"1955-04-18","8.37357831723762"
"1955-04-19","6.60389823418159"
"1955-04-20","6.71389277776082"
"1955-04-21","8.81406047127464"
"1955-04-22","7.71579516708077"
"1955-04-23","9.82629655243514"
"1955-04-24","8.96445741385092"
"1955-04-25","6.24457141228052"
"1955-04-26","6.65640924400065"
"1955-04-27","4.86950746759192"
"1955-04-28","6.28102610844038"
"1955-04-29","8.13820742219041"
"1955-04-30","7.52212214057064"
"1955-05-01","7.35330292776033"
"1955-05-02","9.5007594085875"
"1955-05-03","3.03799598454397"
"1955-05-04","2.51817877416487"
"1955-05-05","4.26289318289076"
"1955-05-06","1.73774941930007"
"1955-05-07","2.49203496294104"
"1955-05-08","2.37147691162118"
"1955-05-09","3.98859804378443"
"1955-05-10","4.68722168088475"
"1955-05-11","6.89398397511734"
"1955-05-12","8.73264524327728"
"1955-05-13","3.76152379120583"
"1955-05-14","3.91215764366703"
"1955-05-15","6.90227919481533"
"1955-05-16","10.3328916789133"
"1955-05-17","1.16228064830169"
"1955-05-18","3.26909224669655"
"1955-05-19","2.72172868006673"
"1955-05-20","1.87520411030039"
"1955-05-21","2.27741675704589"
"1955-05-22","2.23254989764907"
"1955-05-23","4.78287871781882"
"1955-05-24","5.59896041201307"
"1955-05-25","3.91350899449675"
"1955-05-26","1.1820338925758"
"1955-05-27","3.10580057434705"
"1955-05-28","4.39318286263065"
"1955-05-29","3.51057436430093"
"1955-05-30","2.90079367496235"
"1955-05-31","1.56411774514557"
"1955-06-01","2.87394048047788"
"1955-06-02","0.299576004999347"
"1955-06-03","0.721339460510712"
"1955-06-04","1.09233178591831"
"1955-06-05","2.11333727952722"
"1955-06-06","2.79200565556943"
"1955-06-07","1.85805745713122"
"1955-06-08","2.08354982333782"
"1955-06-09","3.55910922541763"
"1955-06-10","4.30738424480735"
"1955-06-11","3.76484200990561"
"1955-06-12","1.90287832793219"
"1955-06-13","1.05632464923126"
"1955-06-14","1.12252614727784"
"1955-06-15","2.8686127701363"
"1955-06-16","1.73917658517371"
"1955-06-17","0.853780257301929"
"1955-06-18","0.15307838294768"
"1955-06-19","0.649993836976491"
"1955-06-20","1.17612519950578"
"1955-06-21","1.01261304396314"
"1955-06-22","0.387335038820515"
"1955-06-23","0.553650134988935"
"1955-06-24","1.04512949594301"
"1955-06-25","0.824420715694304"
"1955-06-26","0.991336478041364"
"1955-06-27","1.57539491787617"
"1955-06-28","0.767943163906341"
"1955-06-29","1.66595411326462"
"1955-06-30","1.02689176565641"
"1955-07-01","1.61302694355771"
"1955-07-02","1.55188995754564"
"1955-07-03","2.91951166086899"
"1955-07-04","1.92302566973162"
"1955-07-05","1.13230457966462"
"1955-07-06","1.8027060042212"
"1955-07-07","1.53820303663031"
"1955-07-08","1.88115551254966"
"1955-07-09","2.31837335886893"
"1955-07-10","2.02298751821766"
"1955-07-11","2.30632714894943"
"1955-07-12","2.77771373667242"
"1955-07-13","1.06892083849742"
"1955-07-14","0.281445467691401"
"1955-07-15","0.945820769899851"
"1955-07-16","1.00769734098798"
"1955-07-17","0.911612588347811"
"1955-07-18","0.960034315075193"
"1955-07-19","1.12877421642279"
"1955-07-20","1.31572787212087"
"1955-07-21","1.3279018898805"
"1955-07-22","1.7119882106781"
"1955-07-23","1.85672141953464"
"1955-07-24","1.48735228296998"
"1955-07-25","1.68236180533578"
"1955-07-26","2.14198282219115"
"1955-07-27","3.87477289391803"
"1955-07-28","2.69992966440333"
"1955-07-29","1.91554305808885"
"1955-07-30","1.97105726831919"
"1955-07-31","1.84673078209807"
"1955-08-01","1.6473670271568"
"1955-08-02","1.42853731807176"
"1955-08-03","1.76401081094236"
"1955-08-04","1.74438545236856"
"1955-08-05","1.66568394050454"
"1955-08-06","2.29272355997201"
"1955-08-07","1.28128721152162"
"1955-08-08","0.470597221665246"
"1955-08-09","0.337672988654344"
"1955-08-10","0.335803043516554"
"1955-08-11","0.654018936122393"
"1955-08-12","1.06278641689649"
"1955-08-13","1.70848480486251"
"1955-08-14","1.48303578161832"
"1955-08-15","1.21907800132836"
"1955-08-16","2.02390946712329"
"1955-08-17","1.64772523875102"
"1955-08-18","2.20270295950757"
"1955-08-19","2.37431022524834"
"1955-08-20","0.716050578466742"
"1955-08-21","1.04224695445913"
"1955-08-22","1.37641361846036"
"1955-08-23","0.385468853677893"
"1955-08-24","0.684111583284485"
"1955-08-25","1.09848883331983"
"1955-08-26","0.849523704095836"
"1955-08-27","1.76349345952659"
"1955-08-28","3.25692653139948"
"1955-08-29","2.213374241735"
"1955-08-30","2.65556309749554"
"1955-08-31","2.52146145456281"
"1955-09-01","1.31004083956475"
"1955-09-02","1.52442897036994"
"1955-09-03","1.51273719805144"
"1955-09-04","1.71599996593091"
"1955-09-05","0.880939730060049"
"1955-09-06","1.81970546488122"
"1955-09-07","3.05862663266979"
"1955-09-08","0.713979023166033"
"1955-09-09","1.22340494949064"
"1955-09-10","2.39037748074635"
"1955-09-11","2.86661128667526"
"1955-09-12","6.89781537922946"
"1955-09-13","4.00860116285679"
"1955-09-14","8.77668151814184"
"1955-09-15","2.84868300606162"
"1955-09-16","5.24067634111875"
"1955-09-17","3.75503792494406"
"1955-09-18","3.42715282512434"
"1955-09-19","3.9845123967051"
"1955-09-20","3.6126635626797"
"1955-09-21","6.20769749678575"
"1955-09-22","1.15284734203186"
"1955-09-23","0.555247281730433"
"1955-09-24","1.16400485805103"
"1955-09-25","1.68718297437672"
"1955-09-26","2.98183579207499"
"1955-09-27","0.793876878562428"
"1955-09-28","2.49863850838178"
"1955-09-29","2.57252295295913"
"1955-09-30","3.70173559870039"
"1955-10-01","6.8095589158855"
"1955-10-02","2.10301619264987"
"1955-10-03","2.29532673916259"
"1955-10-04","4.34580853903964"
"1955-10-05","6.53710484195065"
"1955-10-06","3.29075007572835"
"1955-10-07","1.26981492359917"
"1955-10-08","0.977061811108868"
"1955-10-09","1.60941704888364"
"1955-10-10","2.06365594280747"
"1955-10-11","2.16593069663812"
"1955-10-12","3.2233554527357"
"1955-10-13","4.82539704558137"
"1955-10-14","6.5852190921833"
"1955-10-15","3.869009831251"
"1955-10-16","3.38557879323567"
"1955-10-17","22.2348090456678"
"1955-10-18","7.30396931615227"
"1955-10-19","7.03459060037291"
"1955-10-20","3.20048902354715"
"1955-10-21","3.18569217835154"
"1955-10-22","3.61296133458356"
"1955-10-23","9.18674685119034"
"1955-10-24","10.0070915376985"
"1955-10-25","5.00562239260901"
"1955-10-26","4.6119065903998"
"1955-10-27","5.07561701561982"
"1955-10-28","12.075755373224"
"1955-10-29","5.80769243591276"
"1955-10-30","6.19766021910168"
"1955-10-31","5.47025937074191"
"1955-11-01","4.61697224672739"
"1955-11-02","5.05487705051125"
"1955-11-03","6.45356820672105"
"1955-11-04","20.8201384234738"
"1955-11-05","6.95280311530803"
"1955-11-06","8.21695295350376"
"1955-11-07","13.2648406111317"
"1955-11-08","6.71888172832918"
"1955-11-09","6.96675755993112"
"1955-11-10","5.09414928067814"
"1955-11-11","3.68111012353526"
"1955-11-12","4.36204855782645"
"1955-11-13","11.4818694003217"
"1955-11-14","11.1865850588976"
"1955-11-15","7.40119031290987"
"1955-11-16","6.9905952406136"
"1955-11-17","9.59614739479957"
"1955-11-18","5.3257677813113"
"1955-11-19","6.65254668343119"
"1955-11-20","7.44353839432522"
"1955-11-21","19.1292046179503"
"1955-11-22","25.7404735656012"
"1955-11-23","4.72473690313694"
"1955-11-24","7.02334540127676"
"1955-11-25","3.7994847078344"
"1955-11-26","3.52997484171029"
"1955-11-27","6.67684546900002"
"1955-11-28","6.62772747087272"
"1955-11-29","16.8692597950692"
"1955-11-30","10.9202255273794"
"1955-12-01","11.8460470484449"
"1955-12-02","10.8624669545657"
"1955-12-03","8.82446914421016"
"1955-12-04","7.00082840354412"
"1955-12-05","4.50365006768858"
"1955-12-06","11.6843272174076"
"1955-12-07","21.3956598719477"
"1955-12-08","24.249908306898"
"1955-12-09","22.724184647267"
"1955-12-10","25.2801507644323"
"1955-12-11","20.8683074191535"
"1955-12-12","9.74402140332507"
"1955-12-13","11.1615721198904"
"1955-12-14","16.271695415695"
"1955-12-15","32.7629167548506"
"1955-12-16","13.6608240944999"
"1955-12-17","19.427235867554"
"1955-12-18","19.7688793372282"
"1955-12-19","28.5911593003706"
"1955-12-20","14.3450087241796"
"1955-12-21","11.6772862017413"
"1955-12-22","11.8374451249193"
"1955-12-23","14.6546314330328"
"1955-12-24","11.9569857027624"
"1955-12-25","11.9533552070717"
"1955-12-26","10.040945747714"
"1955-12-27","7.78848752624545"
"1955-12-28","7.9031373267566"
"1955-12-29","12.7145067747537"
"1955-12-30","9.29740173476083"
"1955-12-31","9.15881709773819"
"1956-01-01","17.9899093743527"
"1956-01-02","8.49111136007103"
"1956-01-03","16.2466258135709"
"1956-01-04","17.2610391744804"
"1956-01-05","13.2183606882632"
"1956-01-06","14.7657792392747"
"1956-01-07","23.0042862830224"
"1956-01-08","35.4765938928117"
"1956-01-09","23.5632402329218"
"1956-01-10","10.0677343240548"
"1956-01-11","18.0375229641473"
"1956-01-12","7.46395978576693"
"1956-01-13","11.1486257577871"
"1956-01-14","23.2093171908226"
"1956-01-15","24.6756087918302"
"1956-01-16","13.5230554502248"
"1956-01-17","16.3339671407427"
"1956-01-18","9.81248891405213"
"1956-01-19","5.81656242139412"
"1956-01-20","8.67945757572785"
"1956-01-21","12.9880317423767"
"1956-01-22","22.8273584935572"
"1956-01-23","21.4028351895221"
"1956-01-24","22.4428434991217"
"1956-01-25","18.9847495339134"
"1956-01-26","18.1297032492501"
"1956-01-27","17.2743370192392"
"1956-01-28","20.8849145592033"
"1956-01-29","17.4136510163675"
"1956-01-30","15.7220994197961"
"1956-01-31","24.6787082333585"
"1956-02-01","22.7670819955471"
"1956-02-02","23.6949009461836"
"1956-02-03","31.9818240739566"
"1956-02-04","27.966689188243"
"1956-02-05","17.261081501519"
"1956-02-06","18.7089821827876"
"1956-02-07","25.2399336992404"
"1956-02-08","28.0118993783926"
"1956-02-09","19.4694246564593"
"1956-02-10","27.5689652760824"
"1956-02-11","26.5212182627096"
"1956-02-12","24.2005911657821"
"1956-02-13","23.660510310879"
"1956-02-14","17.8951254592829"
"1956-02-15","17.5562921251569"
"1956-02-16","16.1611829774204"
"1956-02-17","11.2864584128062"
"1956-02-18","18.1839283493174"
"1956-02-19","20.8295875524546"
"1956-02-20","21.5562613516143"
"1956-02-21","25.7442246020098"
"1956-02-22","42.1778627948844"
"1956-02-23","38.0355426408512"
"1956-02-24","33.4654200665362"
"1956-02-25","21.9482115460681"
"1956-02-26","20.2769768496096"
"1956-02-27","14.5764938453575"
"1956-02-28","26.6435480076513"
"1956-02-29","23.1319314329139"
"1956-03-01","17.8789977242936"
"1956-03-02","9.55454318760794"
"1956-03-03","5.1875492927832"
"1956-03-04","14.6157553082421"
"1956-03-05","8.02151007105262"
"1956-03-06","0.292680857340237"
"1956-03-07","2.55064674915173"
"1956-03-08","4.05218513651844"
"1956-03-09","6.26873530763568"
"1956-03-10","9.71391774875261"
"1956-03-11","7.1326361889447"
"1956-03-12","7.7757044664193"
"1956-03-13","4.53244394450993"
"1956-03-14","8.61395950338025"
"1956-03-15","8.11524016206915"
"1956-03-16","9.70485492805382"
"1956-03-17","11.184251719223"
"1956-03-18","10.3621898853418"
"1956-03-19","12.2908095756134"
"1956-03-20","8.96013885555845"
"1956-03-21","1.97012592600538"
"1956-03-22","7.06748874775775"
"1956-03-23","7.98648549055124"
"1956-03-24","14.4718811935161"
"1956-03-25","14.2437094795755"
"1956-03-26","11.5912956840548"
"1956-03-27","15.5128159378514"
"1956-03-28","10.7418064100918"
"1956-03-29","9.67441438906121"
"1956-03-30","10.88215251196"
"1956-03-31","0.661700206659573"
"1956-04-01","2.1336955549397"
"1956-04-02","3.82538814423404"
"1956-04-03","4.73045589500691"
"1956-04-04","4.58849229699089"
"1956-04-05","4.88618685027738"
"1956-04-06","6.21718570577118"
"1956-04-07","6.55124999331189"
"1956-04-08","6.11185936597519"
"1956-04-09","7.05896162986755"
"1956-04-10","4.622346072873"
"1956-04-11","3.65927766463457"
"1956-04-12","8.89999481300255"
"1956-04-13","10.2141328683663"
"1956-04-14","10.796082468776"
"1956-04-15","2.02629052147721"
"1956-04-16","3.8656984260588"
"1956-04-17","4.66902711252113"
"1956-04-18","3.91324222049156"
"1956-04-19","0.946678203179852"
"1956-04-20","1.64487791135585"
"1956-04-21","1.72580985128234"
"1956-04-22","2.05448774419306"
"1956-04-23","3.80317875484884"
"1956-04-24","6.83050712775358"
"1956-04-25","4.44416056953983"
"1956-04-26","3.10754133483548"
"1956-04-27","4.41263482374546"
"1956-04-28","3.65236196192828"
"1956-04-29","4.51186002797379"
"1956-04-30","5.50247184796767"
"1956-05-01","1.10054163267086"
"1956-05-02","0.198174550339128"
"1956-05-03","0.875774052752045"
"1956-05-04","1.33337866060145"
"1956-05-05","2.24931987874952"
"1956-05-06","2.06938340240743"
"1956-05-07","2.89636249459667"
"1956-05-08","2.16447499226698"
"1956-05-09","2.6532415662493"
"1956-05-10","2.74666687910691"
"1956-05-11","0.333791993042349"
"1956-05-12","0.649250370728505"
"1956-05-13","1.62829856413267"
"1956-05-14","2.19002593157095"
"1956-05-15","3.15390939655758"
"1956-05-16","0.142127942019727"
"1956-05-17","0.43133263559246"
"1956-05-18","0.510330798144722"
"1956-05-19","0.732380976763381"
"1956-05-20","1.23232162218073"
"1956-05-21","1.17878617688175"
"1956-05-22","0.955032225553091"
"1956-05-23","0.735167900979261"
"1956-05-24","1.35895033187164"
"1956-05-25","1.28735004655727"
"1956-05-26","1.44022140822885"
"1956-05-27","1.60675425485615"
"1956-05-28","2.09952745731775"
"1956-05-29","2.85355047488109"
"1956-05-30","2.74410794823717"
"1956-05-31","1.60394611990168"
"1956-06-01","1.94638137809642"
"1956-06-02","1.7532205518448"
"1956-06-03","2.27296872546663"
"1956-06-04","0.891138002727971"
"1956-06-05","0.369255000765705"
"1956-06-06","0.990593591938803"
"1956-06-07","0.863625422055587"
"1956-06-08","1.17275251402999"
"1956-06-09","1.66073595548605"
"1956-06-10","1.53467943116184"
"1956-06-11","0.923233066544388"
"1956-06-12","0.456017893243146"
"1956-06-13","0.955425304445353"
"1956-06-14","1.83884142448892"
"1956-06-15","1.90956575891156"
"1956-06-16","1.32583980952506"
"1956-06-17","1.39480748146901"
"1956-06-18","1.58700786885761"
"1956-06-19","1.17296494311327"
"1956-06-20","1.45082516097403"
"1956-06-21","1.24856190364082"
"1956-06-22","1.24470194038891"
"1956-06-23","1.29606601647484"
"1956-06-24","1.53433206948367"
"1956-06-25","0.806241098549459"
"1956-06-26","0.93553321327998"
"1956-06-27","0.919467606134229"
"1956-06-28","1.22523350781435"
"1956-06-29","1.12548327415343"
"1956-06-30","1.49309863756487"
"1956-07-01","1.22792474357855"
"1956-07-02","0.884738766011738"
"1956-07-03","0.667738975707071"
"1956-07-04","0.653966655978909"
"1956-07-05","1.17223766478367"
"1956-07-06","0.437483876298516"
"1956-07-07","0.227706331388775"
"1956-07-08","0.383461190637572"
"1956-07-09","0.772375376193554"
"1956-07-10","0.904035196159825"
"1956-07-11","1.38790800870755"
"1956-07-12","2.21814907061589"
"1956-07-13","1.45474707538431"
"1956-07-14","1.39669430552623"
"1956-07-15","0.967159182865382"
"1956-07-16","0.883468531426929"
"1956-07-17","0.422304256363607"
"1956-07-18","1.08811563259853"
"1956-07-19","1.00466172345531"
"1956-07-20","0.91384822962346"
"1956-07-21","1.86631848079302"
"1956-07-22","1.47643473370251"
"1956-07-23","1.83370732590234"
"1956-07-24","0.914269109179963"
"1956-07-25","0.892585167685499"
"1956-07-26","0.955652321055854"
"1956-07-27","1.25655300663663"
"1956-07-28","1.8162450769763"
"1956-07-29","3.61337525245947"
"1956-07-30","1.45048167875835"
"1956-07-31","1.22724964066501"
"1956-08-01","2.52076769236362"
"1956-08-02","2.87741791376304"
"1956-08-03","2.73304916099036"
"1956-08-04","2.67063354052506"
"1956-08-05","2.44681359679152"
"1956-08-06","3.21343645079311"
"1956-08-07","3.19471590343492"
"1956-08-08","0.974501706434019"
"1956-08-09","3.8459539537306"
"1956-08-10","1.71332232579911"
"1956-08-11","1.76830975827459"
"1956-08-12","1.61065532041318"
"1956-08-13","2.20890520467903"
"1956-08-14","1.96893320487433"
"1956-08-15","0.93502272991262"
"1956-08-16","1.00099759139282"
"1956-08-17","1.97092961426421"
"1956-08-18","2.13178431084662"
"1956-08-19","2.33914246394005"
"1956-08-20","2.89577608681344"
"1956-08-21","2.61441278999502"
"1956-08-22","1.45691798720912"
"1956-08-23","2.95473612554662"
"1956-08-24","1.95889559394611"
"1956-08-25","1.47197798707268"
"1956-08-26","1.67350603956165"
"1956-08-27","2.11256870975742"
"1956-08-28","1.89155243227492"
"1956-08-29","2.60186168693361"
"1956-08-30","2.63975139355763"
"1956-08-31","4.17467875140054"
"1956-09-01","2.38332633229045"
"1956-09-02","0.567444762239208"
"1956-09-03","0.694817417240762"
"1956-09-04","1.67166412237919"
"1956-09-05","2.67456003184958"
"1956-09-06","5.94248807688296"
"1956-09-07","1.70940028614812"
"1956-09-08","0.885948475305136"
"1956-09-09","0.970256054362693"
"1956-09-10","1.08201582962042"
"1956-09-11","1.99900450850978"
"1956-09-12","2.38064163484615"
"1956-09-13","2.1821800405845"
"1956-09-14","2.01893726494405"
"1956-09-15","2.49580969284107"
"1956-09-16","5.83865617364"
"1956-09-17","5.70846520254622"
"1956-09-18","3.42917463222107"
"1956-09-19","2.36365815777799"
"1956-09-20","3.22152549673469"
"1956-09-21","1.89431119584418"
"1956-09-22","1.45423051721348"
"1956-09-23","2.51048729352621"
"1956-09-24","3.49841401380894"
"1956-09-25","5.82752616374524"
"1956-09-26","5.367128808261"
"1956-09-27","2.32809504260232"
"1956-09-28","2.23437441092033"
"1956-09-29","3.14356295422558"
"1956-09-30","2.45232544807129"
"1956-10-01","3.2578483061357"
"1956-10-02","3.68957217379566"
"1956-10-03","1.71994535283093"
"1956-10-04","1.92830765337655"
"1956-10-05","2.73819950803534"
"1956-10-06","1.39980895875336"
"1956-10-07","3.06783311449604"
"1956-10-08","3.36604044086489"
"1956-10-09","7.02345823312735"
"1956-10-10","8.7953239127155"
"1956-10-11","4.5710337621309"
"1956-10-12","3.76323688907541"
"1956-10-13","8.79531895856321"
"1956-10-14","7.33569480743243"
"1956-10-15","1.15577717093162"
"1956-10-16","0.623644530740909"
"1956-10-17","1.06272797970287"
"1956-10-18","0.425400728303375"
"1956-10-19","1.31755722975318"
"1956-10-20","1.54110274970273"
"1956-10-21","4.75943349811422"
"1956-10-22","4.57998337735345"
"1956-10-23","4.9357735821695"
"1956-10-24","3.10456418113791"
"1956-10-25","4.55291166656461"
"1956-10-26","3.80462498659695"
"1956-10-27","3.83849087551043"
"1956-10-28","3.72500673310581"
"1956-10-29","7.31232057505356"
"1956-10-30","4.1371439576665"
"1956-10-31","4.62800617806323"
"1956-11-01","4.32888996962345"
"1956-11-02","6.91255680410377"
"1956-11-03","5.62252519192634"
"1956-11-04","5.99495847400649"
"1956-11-05","7.53466445955879"
"1956-11-06","6.36135969533549"
"1956-11-07","6.09616670257601"
"1956-11-08","6.91273310690215"
"1956-11-09","12.6706116581376"
"1956-11-10","7.91244625322746"
"1956-11-11","4.42090744012362"
"1956-11-12","5.20258699660693"
"1956-11-13","7.55279476302011"
"1956-11-14","8.14835711475058"
"1956-11-15","2.94468368415709"
"1956-11-16","2.37995765013096"
"1956-11-17","4.46696177757148"
"1956-11-18","5.54602583662256"
"1956-11-19","7.29887943143968"
"1956-11-20","3.35213633300938"
"1956-11-21","5.64710167063263"
"1956-11-22","15.2102512570171"
"1956-11-23","9.36844378013115"
"1956-11-24","30.3102568011263"
"1956-11-25","7.84307693506216"
"1956-11-26","10.2017654464358"
"1956-11-27","8.14191007820559"
"1956-11-28","8.05491629926673"
"1956-11-29","9.51314390686167"
"1956-11-30","10.9805758959287"
"1956-12-01","11.7368569312158"
"1956-12-02","15.7273260463368"
"1956-12-03","9.89266686573689"
"1956-12-04","13.3824500170621"
"1956-12-05","9.87735320066477"
"1956-12-06","16.8972371439913"
"1956-12-07","12.6766801768051"
"1956-12-08","6.91750906762623"
"1956-12-09","9.03558560573694"
"1956-12-10","9.51167488614202"
"1956-12-11","13.3448521151687"
"1956-12-12","4.73624107899604"
"1956-12-13","11.3336247840485"
"1956-12-14","11.4666056736207"
"1956-12-15","15.5209257365305"
"1956-12-16","14.5628037349486"
"1956-12-17","32.8119675111977"
"1956-12-18","16.7761314482916"
"1956-12-19","17.9669704592073"
"1956-12-20","20.5017700360451"
"1956-12-21","13.7829644504564"
"1956-12-22","15.0965636055191"
"1956-12-23","21.5600265940546"
"1956-12-24","24.0442798251197"
"1956-12-25","20.9744036290553"
"1956-12-26","12.3020617497432"
"1956-12-27","12.1649529324982"
"1956-12-28","28.4951415165162"
"1956-12-29","16.0588803022971"
"1956-12-30","15.2564046558364"
"1956-12-31","23.040705598278"
"1957-01-01","15.3335502653411"
"1957-01-02","35.1301825469707"
"1957-01-03","24.8328477479679"
"1957-01-04","20.9772212763369"
"1957-01-05","21.8251805326123"
"1957-01-06","19.5905522453837"
"1957-01-07","21.8849811264963"
"1957-01-08","17.6914140589826"
"1957-01-09","20.2888745477189"
"1957-01-10","22.7282152588749"
"1957-01-11","29.5621501295081"
"1957-01-12","35.5192775643749"
"1957-01-13","34.8901767978421"
"1957-01-14","28.6155153745181"
"1957-01-15","26.3388508057698"
"1957-01-16","23.0802613501941"
"1957-01-17","28.7661241225866"
"1957-01-18","39.5516463275596"
"1957-01-19","20.3101756479833"
"1957-01-20","20.3047775045618"
"1957-01-21","22.633142207092"
"1957-01-22","30.9194780737807"
"1957-01-23","17.08199947737"
"1957-01-24","19.9628532624348"
"1957-01-25","23.8616751468543"
"1957-01-26","16.4999505080186"
"1957-01-27","24.1656800885221"
"1957-01-28","25.3817927620628"
"1957-01-29","23.6982729115011"
"1957-01-30","42.0715513931208"
"1957-01-31","37.5811489072197"
"1957-02-01","34.6513376277247"
"1957-02-02","17.6659702841854"
"1957-02-03","19.8607999586956"
"1957-02-04","28.534902762541"
"1957-02-05","37.0687080482384"
"1957-02-06","10.0186800461311"
"1957-02-07","0.120170435275544"
"1957-02-08","0.435385129958778"
"1957-02-09","1.73472019372048"
"1957-02-10","3.37427481738004"
"1957-02-11","2.60003965241568"
"1957-02-12","6.05638609923326"
"1957-02-13","6.39930366747307"
"1957-02-14","12.7471701097695"
"1957-02-15","9.32323351463714"
"1957-02-16","9.47007413240738"
"1957-02-17","19.0171235113433"
"1957-02-18","19.3915574870584"
"1957-02-19","20.0198479111577"
"1957-02-20","10.0326353703742"
"1957-02-21","14.5961328192707"
"1957-02-22","14.9954868457018"
"1957-02-23","17.3058823837346"
"1957-02-24","9.61464143109012"
"1957-02-25","13.5201616823931"
"1957-02-26","18.1228961614303"
"1957-02-27","19.3356691954972"
"1957-02-28","22.8479145264729"
"1957-03-01","19.3954136299364"
"1957-03-02","15.3021432496769"
"1957-03-03","11.7108309754045"
"1957-03-04","9.28965554196081"
"1957-03-05","13.5036392934395"
"1957-03-06","13.03314058502"
"1957-03-07","13.2054453556672"
"1957-03-08","26.8442148728804"
"1957-03-09","4.61633293401627"
"1957-03-10","8.74185939836296"
"1957-03-11","5.20784211984444"
"1957-03-12","12.6341293859275"
"1957-03-13","5.31426360854855"
"1957-03-14","3.27552398613521"
"1957-03-15","6.10672511373247"
"1957-03-16","7.23078030786473"
"1957-03-17","9.28647361689316"
"1957-03-18","11.3362113634745"
"1957-03-19","8.8395770019267"
"1957-03-20","13.9575248094864"
"1957-03-21","22.9839310707984"
"1957-03-22","9.21557505306227"
"1957-03-23","6.44074308356165"
"1957-03-24","10.4252133926788"
"1957-03-25","11.0153827667236"
"1957-03-26","18.1335091611524"
"1957-03-27","11.2302010936654"
"1957-03-28","9.66570747775949"
"1957-03-29","10.3476686663442"
"1957-03-30","16.4082504495398"
"1957-03-31","11.2464105804245"
"1957-04-01","12.617425881423"
"1957-04-02","8.82327275049119"
"1957-04-03","9.49058536327246"
"1957-04-04","10.1654488328215"
"1957-04-05","20.0551058203627"
"1957-04-06","13.974357627687"
"1957-04-07","10.3925012592629"
"1957-04-08","11.3459150388643"
"1957-04-09","21.7036271528764"
"1957-04-10","7.9743182989426"
"1957-04-11","7.21778156024553"
"1957-04-12","14.0449498638962"
"1957-04-13","15.6174911255444"
"1957-04-14","6.19304733668571"
"1957-04-15","13.0320655112659"
"1957-04-16","16.9043788208074"
"1957-04-17","9.44119227087343"
"1957-04-18","7.96603651480241"
"1957-04-19","5.89077799841439"
"1957-04-20","9.46346840404329"
"1957-04-21","5.94208928207298"
"1957-04-22","7.22437791700487"
"1957-04-23","9.85198618323256"
"1957-04-24","13.3781482069007"
"1957-04-25","6.04065409883276"
"1957-04-26","6.11175464242052"
"1957-04-27","7.96133441636057"
"1957-04-28","8.8118638682675"
"1957-04-29","4.01533162077784"
"1957-04-30","4.94929531100508"
"1957-05-01","4.4448428748748"
"1957-05-02","4.19362469191675"
"1957-05-03","2.79191003733383"
"1957-05-04","4.76321853187693"
"1957-05-05","6.0384165647226"
"1957-05-06","4.59007732408903"
"1957-05-07","8.58077597618103"
"1957-05-08","18.2446175467916"
"1957-05-09","5.85338481009265"
"1957-05-10","11.1633252323448"
"1957-05-11","6.09940854759959"
"1957-05-12","7.21498237337385"
"1957-05-13","8.43066295194419"
"1957-05-14","6.34879173035229"
"1957-05-15","8.9777984092762"
"1957-05-16","6.96091235458077"
"1957-05-17","1.61079773448762"
"1957-05-18","4.65798970527979"
"1957-05-19","4.52152976096967"
"1957-05-20","2.41398090833709"
"1957-05-21","3.52834461855166"
"1957-05-22","3.09424740630827"
"1957-05-23","3.13760006866414"
"1957-05-24","2.17014278465019"
"1957-05-25","4.49254721996588"
"1957-05-26","8.89230431622757"
"1957-05-27","4.85053455494183"
"1957-05-28","10.7508951482319"
"1957-05-29","10.7389967462201"
"1957-05-30","4.49137714569703"
"1957-05-31","5.81141164447322"
"1957-06-01","4.00868304725333"
"1957-06-02","9.14727275608938"
"1957-06-03","7.34733789565759"
"1957-06-04","5.6849246128297"
"1957-06-05","7.44489195439723"
"1957-06-06","7.19771985883837"
"1957-06-07","9.08618558020819"
"1957-06-08","9.07794953321482"
"1957-06-09","3.43722542230185"
"1957-06-10","8.45269756296496"
"1957-06-11","6.66663717965543"
"1957-06-12","0.991642636654181"
"1957-06-13","1.27722315699894"
"1957-06-14","2.99092454156834"
"1957-06-15","3.32487910598904"
"1957-06-16","8.05973185708512"
"1957-06-17","4.52325315650923"
"1957-06-18","4.90793722532528"
"1957-06-19","3.37746071531659"
"1957-06-20","0.257188312290035"
"1957-06-21","0.33354017038495"
"1957-06-22","0.91918389234708"
"1957-06-23","1.56477272136387"
"1957-06-24","1.53043785781571"
"1957-06-25","3.13222193537336"
"1957-06-26","3.20269825448205"
"1957-06-27","6.23463744105715"
"1957-06-28","3.35087070475409"
"1957-06-29","2.70186266264358"
"1957-06-30","3.04066928124531"
"1957-07-01","4.22759538243859"
"1957-07-02","3.26521049949514"
"1957-07-03","3.56778080638869"
"1957-07-04","5.02867485640885"
"1957-07-05","2.4928987406807"
"1957-07-06","4.51882090196981"
"1957-07-07","2.77987320495374"
"1957-07-08","3.75105649258667"
"1957-07-09","2.35678999609761"
"1957-07-10","2.36560311126503"
"1957-07-11","4.93541548572061"
"1957-07-12","1.96673767417024"
"1957-07-13","3.56123320416455"
"1957-07-14","2.81346729875127"
"1957-07-15","2.48183336350825"
"1957-07-16","3.15473836763597"
"1957-07-17","5.1440169212622"
"1957-07-18","6.98447794315619"
"1957-07-19","9.07124185871768"
"1957-07-20","3.56059937508075"
"1957-07-21","0.961094856842772"
"1957-07-22","2.73827165378121"
"1957-07-23","3.80054332812627"
"1957-07-24","4.01412852579381"
"1957-07-25","2.4210728378523"
"1957-07-26","1.97142485390494"
"1957-07-27","3.52154942224552"
"1957-07-28","9.06130928188175"
"1957-07-29","2.05616012486545"
"1957-07-30","3.09936562580464"
"1957-07-31","3.98698035153476"
"1957-08-01","5.45062195480644"
"1957-08-02","7.62750929258603"
"1957-08-03","6.43828108300378"
"1957-08-04","5.10744449999425"
"1957-08-05","8.53545646337204"
"1957-08-06","10.1675278201248"
"1957-08-07","1.7005508947166"
"1957-08-08","3.80612724993652"
"1957-08-09","1.89398435203286"
"1957-08-10","3.16062857765398"
"1957-08-11","2.46058389441275"
"1957-08-12","3.69472395006196"
"1957-08-13","4.11021821839469"
"1957-08-14","6.65865393634482"
"1957-08-15","5.17631833584278"
"1957-08-16","5.06537098750408"
"1957-08-17","4.66526894187514"
"1957-08-18","9.72946633508195"
"1957-08-19","16.2663409926675"
"1957-08-20","4.5299268775172"
"1957-08-21","2.533507832072"
"1957-08-22","0.971043246003973"
"1957-08-23","2.07597076209077"
"1957-08-24","2.78705399996274"
"1957-08-25","3.35295142549457"
"1957-08-26","6.33731109187717"
"1957-08-27","4.69970652190122"
"1957-08-28","4.48067328166136"
"1957-08-29","9.85473544463451"
"1957-08-30","8.17031898849454"
"1957-08-31","7.14022688483779"
"1957-09-01","3.82481033358223"
"1957-09-02","8.42262805385507"
"1957-09-03","9.37323890413557"
"1957-09-04","6.1222600689182"
"1957-09-05","23.4130659185963"
"1957-09-06","4.91741367052128"
"1957-09-07","1.73859712046882"
"1957-09-08","2.27486071209887"
"1957-09-09","3.13640136049165"
"1957-09-10","6.83908283762085"
"1957-09-11","9.62811032414952"
"1957-09-12","7.88957572344578"
"1957-09-13","23.9003550479938"
"1957-09-14","11.0795804411818"
"1957-09-15","3.34538746299424"
"1957-09-16","2.63867560345115"
"1957-09-17","2.70689492359822"
"1957-09-18","6.79211939103676"
"1957-09-19","5.58464265153522"
"1957-09-20","14.3621389071147"
"1957-09-21","11.8418778547477"
"1957-09-22","4.79344372883504"
"1957-09-23","6.93372987255906"
"1957-09-24","5.49479567230522"
"1957-09-25","5.74258802463482"
"1957-09-26","7.91689017944006"
"1957-09-27","5.31116133567059"
"1957-09-28","6.7015371332953"
"1957-09-29","5.41722725222121"
"1957-09-30","4.87679878690026"
"1957-10-01","3.90818176750755"
"1957-10-02","4.94843139096256"
"1957-10-03","4.69115722411639"
"1957-10-04","10.2534278347379"
"1957-10-05","4.40192519186379"
"1957-10-06","3.24682656136942"
"1957-10-07","4.92314784248154"
"1957-10-08","12.8370585947326"
"1957-10-09","13.5856852737856"
"1957-10-10","7.24413288774945"
"1957-10-11","4.94466104161688"
"1957-10-12","7.96814971671992"
"1957-10-13","4.76069021302384"
"1957-10-14","10.6333778513458"
"1957-10-15","10.8336814007202"
"1957-10-16","10.7355412332527"
"1957-10-17","6.96837208074925"
"1957-10-18","8.29307809743014"
"1957-10-19","12.8673935700289"
"1957-10-20","42.4396952426795"
"1957-10-21","8.17722453286637"
"1957-10-22","2.0609515033243"
"1957-10-23","1.39800814793998"
"1957-10-24","4.09560607625292"
"1957-10-25","4.8634592823652"
"1957-10-26","5.09709581307003"
"1957-10-27","9.83651406321175"
"1957-10-28","9.82079522847097"
"1957-10-29","9.7674752220963"
"1957-10-30","10.6765757474032"
"1957-10-31","15.1337536279257"
"1957-11-01","23.9172000843725"
"1957-11-02","15.9999850302032"
"1957-11-03","9.82210784144216"
"1957-11-04","9.99339507771777"
"1957-11-05","9.72518171686115"
"1957-11-06","9.70686308439676"
"1957-11-07","7.35591840640807"
"1957-11-08","8.59117003488334"
"1957-11-09","9.07435369130337"
"1957-11-10","9.77358061307437"
"1957-11-11","15.2957012395322"
"1957-11-12","9.83870031100847"
"1957-11-13","10.1575143894592"
"1957-11-14","25.8747051660117"
"1957-11-15","20.5100018885229"
"1957-11-16","21.5332517149128"
"1957-11-17","7.25174324027388"
"1957-11-18","3.7223035391275"
"1957-11-19","4.71164186808454"
"1957-11-20","6.77321723787299"
"1957-11-21","16.1148001879325"
"1957-11-22","11.2572355239422"
"1957-11-23","12.1892080730174"
"1957-11-24","15.1278430724041"
"1957-11-25","8.5569491138706"
"1957-11-26","11.2416221698125"
"1957-11-27","13.4866658185984"
"1957-11-28","12.0468190634922"
"1957-11-29","46.1414436860518"
"1957-11-30","8.57689286000801"
"1957-12-01","22.368476223636"
"1957-12-02","18.8881311602407"
"1957-12-03","13.6241275366251"
"1957-12-04","12.6969979893078"
"1957-12-05","15.7218626711792"
"1957-12-06","37.3554186139788"
"1957-12-07","14.7896834988615"
"1957-12-08","25.6167167316784"
"1957-12-09","24.6589528079673"
"1957-12-10","25.7131573772018"
"1957-12-11","14.4806457432834"
"1957-12-12","14.6830170061681"
"1957-12-13","13.528335175989"
"1957-12-14","9.11920113274545"
"1957-12-15","18.4447897750062"
"1957-12-16","21.9577989165401"
"1957-12-17","30.1405800782241"
"1957-12-18","39.9802147753827"
"1957-12-19","55.5246100652786"
"1957-12-20","20.2945073156646"
"1957-12-21","20.1407721052954"
"1957-12-22","36.8823343582484"
"1957-12-23","15.1840368720876"
"1957-12-24","12.8127805742867"
"1957-12-25","3.97432719525837"
"1957-12-26","7.5068303831728"
"1957-12-27","13.5852777514107"
"1957-12-28","22.2030984787714"
"1957-12-29","10.217618236294"
"1957-12-30","8.87043055414637"
"1957-12-31","17.9975130485766"
"1958-01-01","17.6057751684478"
"1958-01-02","19.4765615153622"
"1958-01-03","18.6134561935028"
"1958-01-04","30.7283605435194"
"1958-01-05","31.9444786872699"
"1958-01-06","21.402605804014"
"1958-01-07","35.6484466238971"
"1958-01-08","27.2229248600089"
"1958-01-09","48.1785409109933"
"1958-01-10","24.0888125432002"
"1958-01-11","16.7995157076683"
"1958-01-12","20.4995196577791"
"1958-01-13","35.1839101139085"
"1958-01-14","28.767249924796"
"1958-01-15","22.738151909469"
"1958-01-16","15.4271839046891"
"1958-01-17","23.6930679841475"
"1958-01-18","40.8218250192089"
"1958-01-19","12.1823740707331"
"1958-01-20","24.8462368440834"
"1958-01-21","21.8139174696687"
"1958-01-22","19.0924268862902"
"1958-01-23","28.0628223749466"
"1958-01-24","18.1904990827882"
"1958-01-25","29.733040582566"
"1958-01-26","28.3722108906998"
"1958-01-27","9.07182555178027"
"1958-01-28","22.3843248912266"
"1958-01-29","19.0057454831672"
"1958-01-30","2.57713885069926"
"1958-01-31","0.426752231853865"
"1958-02-01","4.0266254722298"
"1958-02-02","7.01032538950701"
"1958-02-03","14.2618628167487"
"1958-02-04","13.8274366948512"
"1958-02-05","13.6451240989553"
"1958-02-06","18.6018649344836"
"1958-02-07","23.7802918215335"
"1958-02-08","25.4796745663597"
"1958-02-09","25.9702471035383"
"1958-02-10","14.7082446251081"
"1958-02-11","18.1090678219155"
"1958-02-12","20.1143394610583"
"1958-02-13","25.6323843126173"
"1958-02-14","17.5447179125501"
"1958-02-15","27.3555487347888"
"1958-02-16","28.5710337791608"
"1958-02-17","5.77202174777076"
"1958-02-18","6.94679562250773"
"1958-02-19","4.49906892023045"
"1958-02-20","6.51401013510052"
"1958-02-21","10.3152358846747"
"1958-02-22","8.3321139296412"
"1958-02-23","16.6435629960262"
"1958-02-24","27.6025638951884"
"1958-02-25","23.3179619818023"
"1958-02-26","47.289793262234"
"1958-02-27","26.0840995012424"
"1958-02-28","23.3680322077367"
"1958-03-01","12.8401415482228"
"1958-03-02","17.1270597466143"
"1958-03-03","17.6362180008001"
"1958-03-04","13.3136531264235"
"1958-03-05","18.0766579599091"
"1958-03-06","22.7009572487373"
"1958-03-07","7.34092743881853"
"1958-03-08","12.4061520770515"
"1958-03-09","12.7644161744551"
"1958-03-10","16.7805486096964"
"1958-03-11","16.0763393005767"
"1958-03-12","17.2128241134412"
"1958-03-13","12.7570783194009"
"1958-03-14","12.4379226263467"
"1958-03-15","20.4060719518951"
"1958-03-16","20.3001381514908"
"1958-03-17","22.9037139776981"
"1958-03-18","26.0625693911598"
"1958-03-19","22.9761196937396"
"1958-03-20","23.6051113409397"
"1958-03-21","10.788762412546"
"1958-03-22","12.079715076463"
"1958-03-23","14.4953773981565"
"1958-03-24","9.66397829592486"
"1958-03-25","11.4418757777193"
"1958-03-26","18.6309137261791"
"1958-03-27","6.89008094531633"
"1958-03-28","14.7650719101811"
"1958-03-29","6.25970151207664"
"1958-03-30","15.9934010670815"
"1958-03-31","10.3222093148665"
"1958-04-01","17.8396521233893"
"1958-04-02","11.626443656492"
"1958-04-03","13.8807762773522"
"1958-04-04","18.1506322307504"
"1958-04-05","24.6353410043758"
"1958-04-06","12.4670888128735"
"1958-04-07","11.0974098067263"
"1958-04-08","11.4351979416686"
"1958-04-09","10.0383437598422"
"1958-04-10","9.67588134451862"
"1958-04-11","13.5600346094602"
"1958-04-12","19.2453407312368"
"1958-04-13","31.0911459241595"
"1958-04-14","4.9777779125032"
"1958-04-15","6.8932195886389"
"1958-04-16","6.51764464481568"
"1958-04-17","9.67133151297961"
"1958-04-18","25.6911740653959"
"1958-04-19","5.43320110659579"
"1958-04-20","9.15538236589143"
"1958-04-21","10.9265297542919"
"1958-04-22","12.5848110227874"
"1958-04-23","9.92537812856369"
"1958-04-24","14.0392873297522"
"1958-04-25","10.1653874777096"
"1958-04-26","10.2991221993517"
"1958-04-27","12.832909445742"
"1958-04-28","10.9239398906757"
"1958-04-29","17.5808317836745"
"1958-04-30","23.0691979106887"
"1958-05-01","15.5594354687315"
"1958-05-02","8.99474487882672"
"1958-05-03","9.9735029848107"
"1958-05-04","5.4120660411331"
"1958-05-05","6.19041793274157"
"1958-05-06","5.55505839415959"
"1958-05-07","4.04765214496877"
"1958-05-08","2.65389615684361"
"1958-05-09","3.38105344978762"
"1958-05-10","4.16559555571833"
"1958-05-11","6.04496225753388"
"1958-05-12","1.72596501400976"
"1958-05-13","2.80588084356093"
"1958-05-14","1.31423385512261"
"1958-05-15","0.504998438689229"
"1958-05-16","1.33921350522604"
"1958-05-17","3.99438115025496"
"1958-05-18","3.82577364004794"
"1958-05-19","3.48685769240061"
"1958-05-20","3.14774119247606"
"1958-05-21","4.94267538176987"
"1958-05-22","6.16530059658604"
"1958-05-23","1.60450318226696"
"1958-05-24","1.30551542623928"
"1958-05-25","1.63310825039362"
"1958-05-26","2.42296396153959"
"1958-05-27","2.37943963783902"
"1958-05-28","3.7216187316876"
"1958-05-29","3.96252567956458"
"1958-05-30","3.56263306453114"
"1958-05-31","4.4339640370179"
"1958-06-01","3.47214582394728"
"1958-06-02","3.50814169929141"
"1958-06-03","5.21115326674986"
"1958-06-04","9.08245654591234"
"1958-06-05","4.3916422188024"
"1958-06-06","2.27814666017309"
"1958-06-07","4.11136342281903"
"1958-06-08","4.04240824391832"
"1958-06-09","4.87255461004389"
"1958-06-10","5.5116237004598"
"1958-06-11","4.50137291119728"
"1958-06-12","5.14381164802617"
"1958-06-13","3.2259748725148"
"1958-06-14","5.7800244278722"
"1958-06-15","3.32834905979437"
"1958-06-16","1.39137323349069"
"1958-06-17","4.59720422127546"
"1958-06-18","0.895854552844902"
"1958-06-19","3.93733490442301"
"1958-06-20","6.41743398125554"
"1958-06-21","10.4956681718042"
"1958-06-22","8.80457172146091"
"1958-06-23","2.87088548311423"
"1958-06-24","4.71965674765698"
"1958-06-25","3.60894264906516"
"1958-06-26","2.96924182372692"
"1958-06-27","4.11434577140973"
"1958-06-28","4.67328406360758"
"1958-06-29","3.59374172966202"
"1958-06-30","5.38325914211603"
"1958-07-01","4.2525951950065"
"1958-07-02","4.39457980791728"
"1958-07-03","6.91128632929418"
"1958-07-04","3.06686144912398"
"1958-07-05","4.21209658740403"
"1958-07-06","3.55613396952163"
"1958-07-07","5.11198565557406"
"1958-07-08","4.76543409070927"
"1958-07-09","3.49851174271984"
"1958-07-10","4.07534231974449"
"1958-07-11","2.08777764091244"
"1958-07-12","1.97132947279777"
"1958-07-13","2.22593915720523"
"1958-07-14","8.87332814699644"
"1958-07-15","1.2273980131397"
"1958-07-16","0.535741013623935"
"1958-07-17","1.04239758913651"
"1958-07-18","1.60915573496065"
"1958-07-19","1.47569467946564"
"1958-07-20","1.53349797975965"
"1958-07-21","2.1868426950721"
"1958-07-22","4.09181446146655"
"1958-07-23","2.05546083349686"
"1958-07-24","4.03653493201062"
"1958-07-25","4.04531191179763"
"1958-07-26","2.11732312443452"
"1958-07-27","1.37551489227262"
"1958-07-28","0.783706711871283"
"1958-07-29","3.15810724641338"
"1958-07-30","2.47635246781044"
"1958-07-31","2.30667847485253"
"1958-08-01","1.91967607947526"
"1958-08-02","2.10115730188368"
"1958-08-03","2.54280928357855"
"1958-08-04","2.34167713017175"
"1958-08-05","3.71987825967533"
"1958-08-06","1.05195083620744"
"1958-08-07","0.309359650849264"
"1958-08-08","1.42402107858813"
"1958-08-09","1.08779275136722"
"1958-08-10","1.54035545221139"
"1958-08-11","1.85134547084441"
"1958-08-12","3.8635894356868"
"1958-08-13","5.13061411298199"
"1958-08-14","2.76939401043442"
"1958-08-15","0.221313893278956"
"1958-08-16","0.34927868357662"
"1958-08-17","0.940307902244778"
"1958-08-18","1.25634346076678"
"1958-08-19","1.94722841921952"
"1958-08-20","2.72679040442297"
"1958-08-21","1.93960668101455"
"1958-08-22","1.99437243533341"
"1958-08-23","1.80692210316142"
"1958-08-24","2.68237051200041"
"1958-08-25","1.01450421928843"
"1958-08-26","1.62694589000244"
"1958-08-27","2.0548302743471"
"1958-08-28","4.89829691044696"
"1958-08-29","4.27799849695974"
"1958-08-30","2.54409765397315"
"1958-08-31","2.59330349979979"
"1958-09-01","6.85247098109423"
"1958-09-02","2.83996172204162"
"1958-09-03","2.25830725028917"
"1958-09-04","2.55615864229667"
"1958-09-05","2.14119732341209"
"1958-09-06","2.50365558692387"
"1958-09-07","2.88440729013253"
"1958-09-08","4.56556265075485"
"1958-09-09","5.68981610954582"
"1958-09-10","7.52226295306053"
"1958-09-11","1.68302288367635"
"1958-09-12","1.88494132104374"
"1958-09-13","2.10405785232395"
"1958-09-14","3.04776804271714"
"1958-09-15","2.78412941781989"
"1958-09-16","5.54041170248222"
"1958-09-17","2.26089397214708"
"1958-09-18","2.77743777619812"
"1958-09-19","4.28403231333861"
"1958-09-20","2.63357563168456"
"1958-09-21","2.91233472597031"
"1958-09-22","3.79184399409728"
"1958-09-23","3.4643879065782"
"1958-09-24","3.95463372773422"
"1958-09-25","8.93884019108562"
"1958-09-26","3.21074494138941"
"1958-09-27","5.90941208059138"
"1958-09-28","2.9860020339231"
"1958-09-29","3.56057915027007"
"1958-09-30","5.69565008316205"
"1958-10-01","5.71074739369479"
"1958-10-02","2.43322176928128"
"1958-10-03","0.991809752338376"
"1958-10-04","0.307279468034253"
"1958-10-05","2.03646138078207"
"1958-10-06","1.21939898453234"
"1958-10-07","2.69339293538234"
"1958-10-08","2.86836891076265"
"1958-10-09","2.58060469642862"
"1958-10-10","0.599422053212211"
"1958-10-11","2.00083790145395"
"1958-10-12","2.53369538556962"
"1958-10-13","3.89473014837736"
"1958-10-14","3.66063202872421"
"1958-10-15","2.92087850684211"
"1958-10-16","3.62451695054124"
"1958-10-17","4.33738554452921"
"1958-10-18","3.94295975707826"
"1958-10-19","3.97198399398234"
"1958-10-20","3.71990653008094"
"1958-10-21","3.00757453426138"
"1958-10-22","5.08597708780528"
"1958-10-23","5.37522888338411"
"1958-10-24","3.96114285348298"
"1958-10-25","2.04877389180454"
"1958-10-26","6.39625047140823"
"1958-10-27","4.56870595098058"
"1958-10-28","3.62006073390251"
"1958-10-29","10.3736643584776"
"1958-10-30","9.15041438119236"
"1958-10-31","5.85467065774001"
"1958-11-01","5.73807103190071"
"1958-11-02","4.06661699138162"
"1958-11-03","5.82540677223371"
"1958-11-04","6.88571524929691"
"1958-11-05","7.8511597697353"
"1958-11-06","11.535246337131"
"1958-11-07","8.77864032390314"
"1958-11-08","20.4502104102791"
"1958-11-09","8.4630062879422"
"1958-11-10","13.8419673473804"
"1958-11-11","17.4724153749871"
"1958-11-12","12.232200428521"
"1958-11-13","1.74604230306365"
"1958-11-14","3.7847546635123"
"1958-11-15","3.31264317371112"
"1958-11-16","8.44803123247056"
"1958-11-17","8.40369782096896"
"1958-11-18","12.0406765256609"
"1958-11-19","16.5583912944381"
"1958-11-20","15.9611611180491"
"1958-11-21","5.54948406818109"
"1958-11-22","6.15671935716233"
"1958-11-23","6.13774206524804"
"1958-11-24","4.04186813681673"
"1958-11-25","8.60970992236942"
"1958-11-26","13.6100770446645"
"1958-11-27","10.4825969134574"
"1958-11-28","11.2056748340656"
"1958-11-29","1.54984108582784"
"1958-11-30","5.45335001372672"
"1958-12-01","7.92307575750145"
"1958-12-02","7.7301032414168"
"1958-12-03","10.5576570302377"
"1958-12-04","11.9070322358763"
"1958-12-05","15.791061605726"
"1958-12-06","12.4392084600605"
"1958-12-07","12.2024169690681"
"1958-12-08","18.6292175565447"
"1958-12-09","9.90050869173818"
"1958-12-10","9.68548862139384"
"1958-12-11","7.68135899382752"
"1958-12-12","5.02399099208576"
"1958-12-13","7.78624106640424"
"1958-12-14","13.1873340957609"
"1958-12-15","8.31206508632346"
"1958-12-16","8.60744516261212"
"1958-12-17","12.3127472906402"
"1958-12-18","11.5484931768277"
"1958-12-19","16.8094658851624"
"1958-12-20","16.4414573231817"
"1958-12-21","10.3260642346882"
"1958-12-22","19.9121315035469"
"1958-12-23","15.5887339373172"
"1958-12-24","15.9595732358627"
"1958-12-25","6.65901887984503"
"1958-12-26","28.367525154378"
"1958-12-27","18.8438851864307"
"1958-12-28","17.9226495507476"
"1958-12-29","17.2889269977421"
"1958-12-30","21.0471986299985"
"1958-12-31","22.2599366278875"
"1959-01-01","23.2966496686399"
"1959-01-02","22.7837060086139"
"1959-01-03","24.1383098255504"
"1959-01-04","24.9017675119045"
"1959-01-05","21.9851546514602"
"1959-01-06","17.1166747989077"
"1959-01-07","16.4433604793631"
"1959-01-08","19.4056511750985"
"1959-01-09","21.2377716700236"
"1959-01-10","24.8202943967018"
"1959-01-11","24.6480333113567"
"1959-01-12","48.2772417027197"
"1959-01-13","28.9471939508017"
"1959-01-14","38.1481784473766"
"1959-01-15","33.5403646906733"
"1959-01-16","51.8619800253864"
"1959-01-17","48.8203939462637"
"1959-01-18","55.9125543239313"
"1959-01-19","37.2670364132175"
"1959-01-20","37.709473382859"
"1959-01-21","37.2349245476"
"1959-01-22","30.030314144118"
"1959-01-23","18.9470031994246"
"1959-01-24","22.4603690316667"
"1959-01-25","2.88222269797738"
"1959-01-26","3.2296526303023"
"1959-01-27","6.47801522465495"
"1959-01-28","10.8180452414921"
"1959-01-29","12.0905047071961"
"1959-01-30","21.0599397168015"
"1959-01-31","20.4787148727483"
"1959-02-01","32.1496887578593"
"1959-02-02","32.7730971208383"
"1959-02-03","10.270462916527"
"1959-02-04","22.5950988876871"
"1959-02-05","19.7491390096161"
"1959-02-06","8.95031535677064"
"1959-02-07","9.45075870076299"
"1959-02-08","14.7431724680451"
"1959-02-09","15.9005302660393"
"1959-02-10","16.8616366923113"
"1959-02-11","20.6190291607019"
"1959-02-12","22.4470444592563"
"1959-02-13","6.8663043624911"
"1959-02-14","0.488543889578029"
"1959-02-15","2.17757727792769"
"1959-02-16","3.93411733551975"
"1959-02-17","9.36140584739256"
"1959-02-18","13.2184807542083"
"1959-02-19","8.41232150406032"
"1959-02-20","10.6543745762342"
"1959-02-21","14.2240274334367"
"1959-02-22","16.4679070200239"
"1959-02-23","21.6421413318419"
"1959-02-24","15.3815368697757"
"1959-02-25","21.2385275188463"
"1959-02-26","33.0486695343282"
"1959-02-27","14.0411810833654"
"1959-02-28","29.0482384859225"
"1959-03-01","19.239501432939"
"1959-03-02","15.0221964931075"
"1959-03-03","6.15802669937993"
"1959-03-04","6.16305836454614"
"1959-03-05","3.05914574964738"
"1959-03-06","4.70309595679824"
"1959-03-07","1.64550877391518"
"1959-03-08","3.59087106675813"
"1959-03-09","6.55408736740872"
"1959-03-10","7.10270655309999"
"1959-03-11","13.8466101518441"
"1959-03-12","12.2816487865531"
"1959-03-13","14.9007502407223"
"1959-03-14","14.0786383533891"
"1959-03-15","19.4935586194455"
"1959-03-16","12.9366572914702"
"1959-03-17","9.72953146979922"
"1959-03-18","14.1424645242237"
"1959-03-19","14.8401810679085"
"1959-03-20","16.1540236452441"
"1959-03-21","36.4820791302305"
"1959-03-22","18.2344634956096"
"1959-03-23","11.3550255659855"
"1959-03-24","12.3588577245737"
"1959-03-25","11.963614920001"
"1959-03-26","10.061384902888"
"1959-03-27","4.94312183204151"
"1959-03-28","8.31146252258515"
"1959-03-29","10.0710727105409"
"1959-03-30","7.00670900850585"
"1959-03-31","0.893366161427457"
"1959-04-01","0.219361420124124"
"1959-04-02","0.885354097658422"
"1959-04-03","1.8769976860517"
"1959-04-04","3.66264616875421"
"1959-04-05","5.42172360523439"
"1959-04-06","7.13063818345338"
"1959-04-07","4.7982745903395"
"1959-04-08","5.63398253711271"
"1959-04-09","7.30904076883803"
"1959-04-10","9.38617855542666"
"1959-04-11","7.84554205621992"
"1959-04-12","8.03319436337525"
"1959-04-13","6.36632564057519"
"1959-04-14","11.5546470514108"
"1959-04-15","5.41517778908536"
"1959-04-16","4.09935259380382"
"1959-04-17","4.89204683138695"
"1959-04-18","6.21378270062533"
"1959-04-19","10.3861344861778"
"1959-04-20","10.3654790853525"
"1959-04-21","13.52727372925"
"1959-04-22","13.7008689451011"
"1959-04-23","8.29222516889696"
"1959-04-24","10.3565316716314"
"1959-04-25","6.44504885756092"
"1959-04-26","4.76012723476856"
"1959-04-27","5.4607971117094"
"1959-04-28","6.45120169486834"
"1959-04-29","8.96557951179934"
"1959-04-30","6.15235984635043"
"1959-05-01","5.78408414151245"
"1959-05-02","4.88748798999952"
"1959-05-03","4.50376476405503"
"1959-05-04","7.88384650899218"
"1959-05-05","9.48954760563838"
"1959-05-06","8.06929546414"
"1959-05-07","9.17950085850505"
"1959-05-08","17.4050269168177"
"1959-05-09","8.96931783874314"
"1959-05-10","5.87903193271521"
"1959-05-11","6.82826370387882"
"1959-05-12","7.1215783651773"
"1959-05-13","9.06791980648454"
"1959-05-14","9.16573313097933"
"1959-05-15","9.59016287997687"
"1959-05-16","8.84405046314388"
"1959-05-17","8.5708162619438"
"1959-05-18","4.61200557229839"
"1959-05-19","0.883707762345091"
"1959-05-20","2.93085714800533"
"1959-05-21","4.72613706372001"
"1959-05-22","1.84722123246688"
"1959-05-23","7.27955476133338"
"1959-05-24","4.62804778468557"
"1959-05-25","4.54816976202515"
"1959-05-26","2.805328264897"
"1959-05-27","5.62209691268541"
"1959-05-28","3.1259852105921"
"1959-05-29","4.32103303655401"
"1959-05-30","3.72189871057287"
"1959-05-31","4.00057631292384"
"1959-06-01","4.50416264131472"
"1959-06-02","6.63246285038077"
"1959-06-03","3.95021473071276"
"1959-06-04","2.35693611985161"
"1959-06-05","1.11862454198914"
"1959-06-06","1.88568414057488"
"1959-06-07","4.49473575802593"
"1959-06-08","1.42822319978759"
"1959-06-09","3.72158920364979"
"1959-06-10","2.94737370860525"
"1959-06-11","4.28749687692304"
"1959-06-12","3.59494635346648"
"1959-06-13","3.03772211152238"
"1959-06-14","3.62692242576962"
"1959-06-15","2.86903360963384"
"1959-06-16","2.3472198144698"
"1959-06-17","4.56180813766661"
"1959-06-18","5.61176576604059"
"1959-06-19","4.6828409784284"
"1959-06-20","3.02004869314499"
"1959-06-21","3.7548601431248"
"1959-06-22","8.58613143958055"
"1959-06-23","4.50229911267499"
"1959-06-24","5.56072496955013"
"1959-06-25","2.35852361854279"
"1959-06-26","5.8095859511074"
"1959-06-27","4.13509378237126"
"1959-06-28","3.38499958368091"
"1959-06-29","3.0238108843952"
"1959-06-30","2.96491881650248"
"1959-07-01","3.01025275531269"
"1959-07-02","1.93459236776674"
"1959-07-03","1.6993408239249"
"1959-07-04","1.61474951379227"
"1959-07-05","1.81992332321225"
"1959-07-06","4.72972457078628"
"1959-07-07","5.00152824812637"
"1959-07-08","5.14538323621213"
"1959-07-09","4.07442150642345"
"1959-07-10","6.41461101548496"
"1959-07-11","6.29175670632036"
"1959-07-12","6.75847511012833"
"1959-07-13","1.43689410885175"
"1959-07-14","3.40439548817548"
"1959-07-15","2.96988530050624"
"1959-07-16","4.40185970042175"
"1959-07-17","5.80269682355773"
"1959-07-18","4.47663370819835"
"1959-07-19","7.14750095776149"
"1959-07-20","5.32096061200807"
"1959-07-21","10.0835718386101"
"1959-07-22","3.34290634398853"
"1959-07-23","6.85070284930142"
"1959-07-24","4.81917142713225"
"1959-07-25","5.63707296905063"
"1959-07-26","2.58667456923109"
"1959-07-27","1.65027231603732"
"1959-07-28","4.02668013975218"
"1959-07-29","3.95114914498804"
"1959-07-30","3.19036182180628"
"1959-07-31","5.92409793432657"
"1959-08-01","2.7244339664003"
"1959-08-02","4.66284243962465"
"1959-08-03","3.48255761877283"
"1959-08-04","4.9302660613865"
"1959-08-05","0.350189075607694"
"1959-08-06","2.02622241420405"
"1959-08-07","2.18829149020699"
"1959-08-08","4.27111693223317"
"1959-08-09","3.5500630171268"
"1959-08-10","4.19757397453506"
"1959-08-11","3.23934549867333"
"1959-08-12","1.38130481592763"
"1959-08-13","1.27569392071916"
"1959-08-14","2.81050836369073"
"1959-08-15","5.04707560807596"
"1959-08-16","3.72254476480154"
"1959-08-17","4.66642020146052"
"1959-08-18","3.86323568831274"
"1959-08-19","6.06183789405988"
"1959-08-20","6.13507145617431"
"1959-08-21","7.48827330477826"
"1959-08-22","7.75953723341872"
"1959-08-23","5.12894441451861"
"1959-08-24","6.47502921257184"
"1959-08-25","7.43736955200955"
"1959-08-26","5.92877968049153"
"1959-08-27","7.34598772763174"
"1959-08-28","6.68696117917181"
"1959-08-29","8.88942064970603"
"1959-08-30","7.75162067661038"
"1959-08-31","5.16009251741104"
"1959-09-01","4.59458426531259"
"1959-09-02","5.46886581879158"
"1959-09-03","6.136332405594"
"1959-09-04","7.38205409256411"
"1959-09-05","10.8447340102423"
"1959-09-06","6.364973657575"
"1959-09-07","7.63931534403846"
"1959-09-08","9.41174323011786"
"1959-09-09","6.43672499821816"
"1959-09-10","7.21625042890573"
"1959-09-11","14.3488680521647"
"1959-09-12","4.4492992472339"
"1959-09-13","2.25140234350642"
"1959-09-14","2.04162826579371"
"1959-09-15","0.591646567599856"
"1959-09-16","1.87808026457246"
"1959-09-17","1.91101581451697"
"1959-09-18","8.93352278899321"
"1959-09-19","2.05607950403577"
"1959-09-20","3.08675789368617"
"1959-09-21","4.21919820267401"
"1959-09-22","3.40819265316059"
"1959-09-23","4.51865772199837"
"1959-09-24","5.22734965700092"
"1959-09-25","5.05111953706452"
"1959-09-26","7.2135914414476"
"1959-09-27","6.86296477668729"
"1959-09-28","7.62294969723854"
"1959-09-29","5.19068051261819"
"1959-09-30","4.74392358100776"
"1959-10-01","2.70076969769094"
"1959-10-02","7.90090577014081"
"1959-10-03","4.52870746092363"
"1959-10-04","5.14161027871169"
"1959-10-05","8.05373284001371"
"1959-10-06","9.4762730412669"
"1959-10-07","15.2118602067361"
"1959-10-08","2.32043242351317"
"1959-10-09","1.61508273555861"
"1959-10-10","6.52466157040039"
"1959-10-11","5.13374499325112"
"1959-10-12","7.20766857021299"
"1959-10-13","5.903698063516"
"1959-10-14","6.48220473244077"
"1959-10-15","8.68658977772766"
"1959-10-16","4.83718083534406"
"1959-10-17","3.95464765509486"
"1959-10-18","7.77776846018704"
"1959-10-19","4.58803493739207"
"1959-10-20","3.58165400807476"
"1959-10-21","7.23366127540539"
"1959-10-22","8.75821005162739"
"1959-10-23","8.36333443643727"
"1959-10-24","5.40209758023679"
"1959-10-25","4.32263336862837"
"1959-10-26","6.4834931856626"
"1959-10-27","11.7134629224802"
"1959-10-28","2.82114254086565"
"1959-10-29","4.04052133529217"
"1959-10-30","3.36515703397396"
"1959-10-31","4.41378638780478"
"1959-11-01","8.89677109759607"
"1959-11-02","16.8439333160202"
"1959-11-03","12.4387767366517"
"1959-11-04","12.0198045994812"
"1959-11-05","9.25843923432486"
"1959-11-06","14.2564260846093"
"1959-11-07","22.6266863149998"
"1959-11-08","8.27296839131937"
"1959-11-09","10.183730957312"
"1959-11-10","12.7544092760458"
"1959-11-11","12.513894209098"
"1959-11-12","14.5368415948116"
"1959-11-13","6.5348860340201"
"1959-11-14","17.1684792857149"
"1959-11-15","13.1003169992785"
"1959-11-16","23.1195594572918"
"1959-11-17","15.111689926742"
"1959-11-18","12.9474043061723"
"1959-11-19","18.197039505104"
"1959-11-20","27.3499077470788"
"1959-11-21","42.9449182072759"
"1959-11-22","23.6016377081603"
"1959-11-23","39.583320592905"
"1959-11-24","15.9857378955527"
"1959-11-25","16.1321787772241"
"1959-11-26","16.0221521080314"
"1959-11-27","29.4346873378341"
"1959-11-28","3.0881879398059"
"1959-11-29","3.4119970723019"
"1959-11-30","11.404024317151"
"1959-12-01","8.39909289306376"
"1959-12-02","8.66626242022494"
"1959-12-03","17.7992586552839"
"1959-12-04","9.85999840472168"
"1959-12-05","8.21056510462905"
"1959-12-06","8.97748331022469"
"1959-12-07","6.0526715444796"
"1959-12-08","13.5966009422814"
"1959-12-09","7.80351514630503"
"1959-12-10","8.03636812544488"
"1959-12-11","6.6957114609805"
"1959-12-12","10.2178741376121"
"1959-12-13","12.5776499383377"
"1959-12-14","10.2053140608263"
"1959-12-15","29.5081860203764"
"1959-12-16","17.7825733531605"
"1959-12-17","24.7905942660906"
"1959-12-18","17.940918588019"
"1959-12-19","13.4164281324907"
"1959-12-20","10.6807419510631"
"1959-12-21","15.0959211283432"
"1959-12-22","21.9147301834899"
"1959-12-23","20.0225486342525"
"1959-12-24","15.334130095197"
"1959-12-25","2.66966468231245"
"1959-12-26","2.11114544566576"
"1959-12-27","3.927970182328"
"1959-12-28","6.82281659433852"
"1959-12-29","12.7829065952466"
"1959-12-30","21.5726713143386"
"1959-12-31","26.8318682047196"
"1960-01-01","21.7511594925092"
"1960-01-02","20.6866480344302"
"1960-01-03","25.2115718915865"
"1960-01-04","9.08216899349576"
"1960-01-05","12.0761309898261"
"1960-01-06","18.59544559165"
"1960-01-07","37.0474190897756"
"1960-01-08","11.3019097914427"
"1960-01-09","7.83479603441247"
"1960-01-10","16.2084167591937"
"1960-01-11","18.33888941513"
"1960-01-12","7.78532088886608"
"1960-01-13","18.9662208598413"
"1960-01-14","22.1777393497946"
"1960-01-15","27.6932283872134"
"1960-01-16","43.7219292776925"
"1960-01-17","19.6485948872257"
"1960-01-18","18.6872309688882"
"1960-01-19","15.325190612248"
"1960-01-20","20.5551477737757"
"1960-01-21","22.8403190802702"
"1960-01-22","16.9923826688296"
"1960-01-23","27.9286308206005"
"1960-01-24","50.1181367568639"
"1960-01-25","33.0186771789154"
"1960-01-26","16.4135907160771"
"1960-01-27","20.2710087639945"
"1960-01-28","33.9019557077647"
"1960-01-29","31.9440857528092"
"1960-01-30","27.9199386282917"
"1960-01-31","36.5171227062935"
"1960-02-01","4.14000701904297"
"1960-02-02","14.4101726616616"
"1960-02-03","14.6469104176476"
"1960-02-04","18.0649263022782"
"1960-02-05","18.3257036910945"
"1960-02-06","20.6623058236523"
"1960-02-07","23.4198517448458"
"1960-02-08","21.0425435185949"
"1960-02-09","17.534060626835"
"1960-02-10","26.8505001769953"
"1960-02-11","25.6389773026173"
"1960-02-12","15.4752638432887"
"1960-02-13","6.85750065531049"
"1960-02-14","2.09983256020587"
"1960-02-15","3.95311876834729"
"1960-02-16","4.37614457560824"
"1960-02-17","14.3566679882281"
"1960-02-18","16.6170551972988"
"1960-02-19","15.7589111266198"
"1960-02-20","18.4401871466533"
"1960-02-21","24.2661535089666"
"1960-02-22","3.87155000729994"
"1960-02-23","8.02608081066247"
"1960-02-24","13.7770845941651"
"1960-02-25","14.1431029286735"
"1960-02-26","15.7799263351407"
"1960-02-27","21.713568481016"
"1960-02-28","16.4376224005893"
"1960-02-29","15.791921933492"
"1960-03-01","16.6206487432703"
"1960-03-02","20.0534600757417"
"1960-03-03","12.2517843576737"
"1960-03-04","20.3394522893996"
"1960-03-05","26.6576563682391"
"1960-03-06","2.27175487726282"
"1960-03-07","3.43503510119853"
"1960-03-08","5.40417866582994"
"1960-03-09","11.5855173084127"
"1960-03-10","8.97468783174242"
"1960-03-11","10.07911142952"
"1960-03-12","13.513523527038"
"1960-03-13","14.3603597347871"
"1960-03-14","14.0459754993389"
"1960-03-15","12.5800492897694"
"1960-03-16","15.6951530402873"
"1960-03-17","13.0864631706502"
"1960-03-18","13.3768574499981"
"1960-03-19","12.6759473709833"
"1960-03-20","13.4458847066541"
"1960-03-21","5.35356035686675"
"1960-03-22","13.9901338511215"
"1960-03-23","12.5826394774697"
"1960-03-24","11.8425429827207"
"1960-03-25","12.8014712498818"
"1960-03-26","18.0238080272427"
"1960-03-27","15.1533053117397"
"1960-03-28","18.4545505820931"
"1960-03-29","20.6945313540372"
"1960-03-30","42.2063162337134"
"1960-03-31","13.5011865814011"
"1960-04-01","5.61844222524982"
"1960-04-02","7.76082232400968"
"1960-04-03","18.2200701391542"
"1960-04-04","14.1517854913489"
"1960-04-05","9.50474414061674"
"1960-04-06","10.6014981022129"
"1960-04-07","17.8597442247135"
"1960-04-08","10.5810925186454"
"1960-04-09","1.65505531610865"
"1960-04-10","3.87986700668996"
"1960-04-11","4.24106327228216"
"1960-04-12","4.47338820587505"
"1960-04-13","11.2267195074073"
"1960-04-14","20.8384733200073"
"1960-04-15","9.72703844541079"
"1960-04-16","7.9658724012829"
"1960-04-17","8.6389196269956"
"1960-04-18","7.13157588991768"
"1960-04-19","6.44660379979518"
"1960-04-20","2.10179627148104"
"1960-04-21","0.524490038779649"
"1960-04-22","1.47801389948372"
"1960-04-23","3.07173903839606"
"1960-04-24","2.94194818213905"
"1960-04-25","7.93356785423312"
"1960-04-26","2.77882991750519"
"1960-04-27","1.546226574616"
"1960-04-28","0.493076064232817"
"1960-04-29","1.51013148066414"
"1960-04-30","1.78864553764269"
"1960-05-01","2.77132092783977"
"1960-05-02","3.07088103051826"
"1960-05-03","5.52601635404479"
"1960-05-04","3.1599376051973"
"1960-05-05","0.406823278150775"
"1960-05-06","0.97605778238216"
"1960-05-07","2.06214844003255"
"1960-05-08","2.52154800605464"
"1960-05-09","2.03716411038395"
"1960-05-10","1.93684242452894"
"1960-05-11","2.32113532031769"
"1960-05-12","0.453466064728055"
"1960-05-13","0.379448532719504"
"1960-05-14","1.07910216028814"
"1960-05-15","1.52533359451469"
"1960-05-16","1.95557762934016"
"1960-05-17","2.74765586220857"
"1960-05-18","1.9390731395194"
"1960-05-19","2.99795670839615"
"1960-05-20","1.64670143099058"
"1960-05-21","2.58395045531261"
"1960-05-22","1.71265084906058"
"1960-05-23","1.65438481494462"
"1960-05-24","2.19798607227606"
"1960-05-25","2.63879202919089"
"1960-05-26","3.12220156966866"
"1960-05-27","0.381407999792398"
"1960-05-28","1.27848021473203"
"1960-05-29","1.32056317681616"
"1960-05-30","1.62577779668492"
"1960-05-31","1.20329509404573"
"1960-06-01","0.80321916847518"
"1960-06-02","1.2383209384365"
"1960-06-03","1.86477645986524"
"1960-06-04","2.86989347965686"
"1960-06-05","2.05420611740707"
"1960-06-06","1.66296895422461"
"1960-06-07","1.42199988463224"
"1960-06-08","1.09403493574687"
"1960-06-09","0.341829022239426"
"1960-06-10","1.64611842712283"
"1960-06-11","0.991895171599987"
"1960-06-12","1.22038647132518"
"1960-06-13","0.981987879647837"
"1960-06-14","1.84446808992526"
"1960-06-15","0.488601989592567"
"1960-06-16","0.967456908840122"
"1960-06-17","0.813626035854414"
"1960-06-18","1.05343462855785"
"1960-06-19","0.964962821373176"
"1960-06-20","1.34146338327106"
"1960-06-21","1.35713031333246"
"1960-06-22","3.12596390360878"
"1960-06-23","2.49286767646864"
"1960-06-24","1.72473858703266"
"1960-06-25","2.45922382672628"
"1960-06-26","1.63254999727398"
"1960-06-27","1.41807257045399"
"1960-06-28","1.06448431448503"
"1960-06-29","1.34572360396901"
"1960-06-30","1.34678076459216"
"1960-07-01","1.55864409218619"
"1960-07-02","1.16302797443423"
"1960-07-03","3.29693804984485"
"1960-07-04","3.71433876654802"
"1960-07-05","1.69889074331754"
"1960-07-06","1.82411550404706"
"1960-07-07","1.78089924963006"
"1960-07-08","3.05304265383518"
"1960-07-09","1.49634556801288"
"1960-07-10","1.01035455811075"
"1960-07-11","1.45957242307209"
"1960-07-12","3.18045003847642"
"1960-07-13","1.52135275465585"
"1960-07-14","1.9512440838339"
"1960-07-15","1.74620776878291"
"1960-07-16","2.96886329681842"
"1960-07-17","1.12144294961706"
"1960-07-18","2.44878316880305"
"1960-07-19","2.08769974564061"
"1960-07-20","2.23555203278859"
"1960-07-21","2.03672642534945"
"1960-07-22","2.01937644073973"
"1960-07-23","1.97781158538608"
"1960-07-24","1.57928966069634"
"1960-07-25","1.12153248237325"
"1960-07-26","2.39704390573295"
"1960-07-27","3.98193542678635"
"1960-07-28","0.725132455976752"
"1960-07-29","0.891376542580592"
"1960-07-30","2.4193383998427"
"1960-07-31","1.86048797224507"
"1960-08-01","1.74392504519198"
"1960-08-02","2.3061377519653"
"1960-08-03","1.57274625401992"
"1960-08-04","1.39200098135255"
"1960-08-05","1.05227429758419"
"1960-08-06","2.43448859401596"
"1960-08-07","2.87934458049345"
"1960-08-08","0.554603969025147"
"1960-08-09","0.401524561501685"
"1960-08-10","1.35767521435048"
"1960-08-11","0.503379014405337"
"1960-08-12","0.579316123674958"
"1960-08-13","1.06067489752006"
"1960-08-14","1.93260998785238"
"1960-08-15","1.08869284152727"
"1960-08-16","3.10701427263615"
"1960-08-17","2.01356834818274"
"1960-08-18","2.19552941910632"
"1960-08-19","1.11106924448178"
"1960-08-20","2.74480090280632"
"1960-08-21","2.57395097084376"
"1960-08-22","2.76899930254205"
"1960-08-23","1.65101749711222"
"1960-08-24","2.22802021596339"
"1960-08-25","6.54149196364663"
"1960-08-26","5.37420302964908"
"1960-08-27","1.44679798527713"
"1960-08-28","2.04608236801573"
"1960-08-29","2.68970491230746"
"1960-08-30","2.44234800106519"
"1960-08-31","5.79789075500521"
"1960-09-01","4.93637374469212"
"1960-09-02","3.8538069441205"
"1960-09-03","1.53880013525486"
"1960-09-04","0.866180674983309"
"1960-09-05","1.6311145273896"
"1960-09-06","3.33537584362608"
"1960-09-07","1.11159332477169"
"1960-09-08","1.30078890674558"
"1960-09-09","1.44426268287551"
"1960-09-10","1.90882896009462"
"1960-09-11","2.62740275250885"
"1960-09-12","3.12029785872538"
"1960-09-13","2.17397334358909"
"1960-09-14","0.0916496089607219"
"1960-09-15","0.226133262924044"
"1960-09-16","0.749985289973614"
"1960-09-17","0.766152482818473"
"1960-09-18","1.55016678184658"
"1960-09-19","2.38418812772412"
"1960-09-20","2.11474369614671"
"1960-09-21","1.49569166583932"
"1960-09-22","1.76404853249009"
"1960-09-23","3.70048850594145"
"1960-09-24","5.49470161591773"
"1960-09-25","0.384567433476319"
"1960-09-26","0.503783970789024"
"1960-09-27","0.782634318858643"
"1960-09-28","1.33137420226227"
"1960-09-29","2.12641925619536"
"1960-09-30","2.08756566628233"
"1960-10-01","1.71153776599215"
"1960-10-02","2.39305527643724"
"1960-10-03","3.58546038184847"
"1960-10-04","6.62493526264703"
"1960-10-05","2.3558141977498"
"1960-10-06","1.48738347606741"
"1960-10-07","1.42288454715566"
"1960-10-08","3.78028106560439"
"1960-10-09","4.51554468338624"
"1960-10-10","7.31178914623343"
"1960-10-11","4.14584035687632"
"1960-10-12","3.40933692764926"
"1960-10-13","3.26686373778752"
"1960-10-14","11.0600634261127"
"1960-10-15","14.782512862961"
"1960-10-16","24.3702933447702"
"1960-10-17","4.19990657779562"
"1960-10-18","5.36928793207391"
"1960-10-19","4.88627871754882"
"1960-10-20","6.78129774564272"
"1960-10-21","7.88019423670583"
"1960-10-22","7.8544544967222"
"1960-10-23","11.2772515614827"
"1960-10-24","8.77905742120949"
"1960-10-25","7.05201548208922"
"1960-10-26","10.5664178241383"
"1960-10-27","19.450492413013"
"1960-10-28","10.8352406747413"
"1960-10-29","16.379936319409"
"1960-10-30","15.0790839504886"
"1960-10-31","8.58459557392896"
"1960-11-01","6.37313725267138"
"1960-11-02","8.8077488585468"
"1960-11-03","8.41850889245153"
"1960-11-04","8.79997172087302"
"1960-11-05","11.3050070139237"
"1960-11-06","8.57653121205119"
"1960-11-07","22.7340226689458"
"1960-11-08","4.48997847832643"
"1960-11-09","2.98847832308187"
"1960-11-10","5.15319402599748"
"1960-11-11","4.70443739055039"
"1960-11-12","0.314416384429256"
"1960-11-13","0.864449924398294"
"1960-11-14","1.95099302597376"
"1960-11-15","1.99868738548064"
"1960-11-16","6.64598583039783"
"1960-11-17","1.49316175211044"
"1960-11-18","3.79101282074338"
"1960-11-19","6.68204683039612"
"1960-11-20","5.97886630157372"
"1960-11-21","0.461560957037009"
"1960-11-22","1.67209413350919"
"1960-11-23","1.80335103807511"
"1960-11-24","5.43331399108424"
"1960-11-25","5.37495881190032"
"1960-11-26","6.02495798868534"
"1960-11-27","5.91124377673839"
"1960-11-28","15.0269962967216"
"1960-11-29","7.9524293162606"
"1960-11-30","11.6003452936808"
"1960-12-01","4.56020326531811"
"1960-12-02","2.04868761750011"
"1960-12-03","3.13759668900337"
"1960-12-04","4.7155579024063"
"1960-12-05","7.78289735884893"
"1960-12-06","7.06776505012017"
"1960-12-07","8.00266883177159"
"1960-12-08","12.2909940558595"
"1960-12-09","17.509386591065"
"1960-12-10","45.350847731421"
"1960-12-11","16.04632046522"
"1960-12-12","11.7370364098322"
"1960-12-13","16.6468793943331"
"1960-12-14","21.4281526994912"
"1960-12-15","8.30049381421242"
"1960-12-16","10.462001682876"
"1960-12-17","12.9612905617916"
"1960-12-18","11.9313448889431"
"1960-12-19","13.4812486698101"
"1960-12-20","19.4230434409468"
"1960-12-21","27.391961696344"
"1960-12-22","36.970111310224"
"1960-12-23","23.3744562817858"
"1960-12-24","24.280166423682"
"1960-12-25","37.4396149358708"
"1960-12-26","24.1571386634529"
"1960-12-27","31.1107176826114"
"1960-12-28","14.5083917828349"
"1960-12-29","17.8128851812123"
"1960-12-30","18.5936621164347"
"1960-12-31","18.1952754284912"
"1961-01-01","15.9585488079946"
"1961-01-02","15.1184129880104"
"1961-01-03","10.3711037439701"
"1961-01-04","17.6897667496751"
"1961-01-05","24.1074005473744"
"1961-01-06","23.8820176970907"
"1961-01-07","22.4147859053178"
"1961-01-08","22.7431527174912"
"1961-01-09","20.6652774975929"
"1961-01-10","17.2774854759117"
"1961-01-11","26.7701823453367"
"1961-01-12","32.1861418934612"
"1961-01-13","29.7029476413479"
"1961-01-14","20.2988500636377"
"1961-01-15","14.150823452772"
"1961-01-16","33.4550214577547"
"1961-01-17","33.1171584521537"
"1961-01-18","32.1138893226524"
"1961-01-19","38.2650103961235"
"1961-01-20","19.5243486594328"
"1961-01-21","25.5226189749581"
"1961-01-22","37.8921902561601"
"1961-01-23","36.9925788284896"
"1961-01-24","49.0324453048376"
"1961-01-25","52.6022157545214"
"1961-01-26","41.2281362360174"
"1961-01-27","33.2897579886697"
"1961-01-28","36.8303760677189"
"1961-01-29","18.6773352973905"
"1961-01-30","23.7059238813656"
"1961-01-31","35.055080446846"
"1961-02-01","24.0210954492742"
"1961-02-02","20.3103569162872"
"1961-02-03","27.7145295741754"
"1961-02-04","35.310953743014"
"1961-02-05","34.5003267676283"
"1961-02-06","46.3028918840152"
"1961-02-07","35.3841735294887"
"1961-02-08","6.86190805239079"
"1961-02-09","3.87034190784801"
"1961-02-10","6.43159179563646"
"1961-02-11","15.1165784241317"
"1961-02-12","21.3592363910758"
"1961-02-13","24.6184161132548"
"1961-02-14","33.4285678946095"
"1961-02-15","36.8277111136036"
"1961-02-16","25.4980939064191"
"1961-02-17","44.3995715550014"
"1961-02-18","35.6907915470404"
"1961-02-19","37.6957862573269"
"1961-02-20","22.7440279015215"
"1961-02-21","32.493166968936"
"1961-02-22","39.4168069600027"
"1961-02-23","25.3339645005924"
"1961-02-24","20.828831515787"
"1961-02-25","16.8039023824584"
"1961-02-26","13.7319630957269"
"1961-02-27","16.9390964549341"
"1961-02-28","16.800917963961"
"1961-03-01","4.87685874220613"
"1961-03-02","9.35983425404602"
"1961-03-03","17.2108026273323"
"1961-03-04","12.3096170095138"
"1961-03-05","9.22116711026146"
"1961-03-06","16.0283417474656"
"1961-03-07","26.0486524301174"
"1961-03-08","15.4037629082089"
"1961-03-09","15.4335851008758"
"1961-03-10","16.3995341883077"
"1961-03-11","17.0608483103963"
"1961-03-12","15.012770033502"
"1961-03-13","16.0215849731908"
"1961-03-14","18.2676068797256"
"1961-03-15","17.9721619824826"
"1961-03-16","28.8334126988531"
"1961-03-17","33.6222113407019"
"1961-03-18","32.0293084594594"
"1961-03-19","8.93835523118188"
"1961-03-20","15.8495143419736"
"1961-03-21","17.5181151633655"
"1961-03-22","25.7829393494181"
"1961-03-23","11.177998608841"
"1961-03-24","10.0297381950147"
"1961-03-25","25.7893667840338"
"1961-03-26","14.8980901065843"
"1961-03-27","4.38377979410675"
"1961-03-28","5.58364776873485"
"1961-03-29","14.084390301725"
"1961-03-30","26.0305055065072"
"1961-03-31","11.8577135342024"
"1961-04-01","11.9736682780377"
"1961-04-02","12.4501942143296"
"1961-04-03","14.3044735177771"
"1961-04-04","4.05026629373625"
"1961-04-05","10.8517136305442"
"1961-04-06","11.4942350924273"
"1961-04-07","2.74393026369475"
"1961-04-08","7.31059212808485"
"1961-04-09","12.7388293670885"
"1961-04-10","4.39765115320941"
"1961-04-11","2.67267463533651"
"1961-04-12","3.34097481522209"
"1961-04-13","3.89541738219075"
"1961-04-14","2.98015887719212"
"1961-04-15","11.0651157469977"
"1961-04-16","4.73207147451706"
"1961-04-17","6.40319098745074"
"1961-04-18","7.3216916689109"
"1961-04-19","7.96711308202702"
"1961-04-20","3.09335844238083"
"1961-04-21","4.10114599564375"
"1961-04-22","6.08427654561542"
"1961-04-23","0.95710818793673"
"1961-04-24","0.930929043366537"
"1961-04-25","2.39092952309749"
"1961-04-26","3.66764341030286"
"1961-04-27","3.5370055966047"
"1961-04-28","3.44852596418166"
"1961-04-29","4.01738087129799"
"1961-04-30","4.84583841438417"
"1961-05-01","5.99212025460743"
"1961-05-02","7.90357986002257"
"1961-05-03","6.46836641134122"
"1961-05-04","5.75186961708647"
"1961-05-05","4.83024357794683"
"1961-05-06","4.10370564899403"
"1961-05-07","4.41013734836083"
"1961-05-08","4.39446136316696"
"1961-05-09","3.63583267380149"
"1961-05-10","6.39934995215693"
"1961-05-11","5.07007877186779"
"1961-05-12","7.13204198791867"
"1961-05-13","7.49699049181752"
"1961-05-14","3.82022015743957"
"1961-05-15","4.49356609608704"
"1961-05-16","7.31659230009302"
"1961-05-17","14.7948802374142"
"1961-05-18","5.72862236117904"
"1961-05-19","4.98117506142819"
"1961-05-20","10.5771852035027"
"1961-05-21","9.71047320510402"
"1961-05-22","2.77039411367276"
"1961-05-23","13.6879218398751"
"1961-05-24","5.77805189549665"
"1961-05-25","5.84133286548383"
"1961-05-26","2.40464826889368"
"1961-05-27","1.54256467218007"
"1961-05-28","1.73708369599018"
"1961-05-29","2.70402841250618"
"1961-05-30","3.68777515955302"
"1961-05-31","4.15090287970258"
"1961-06-01","5.43551822038956"
"1961-06-02","2.70492835349335"
"1961-06-03","2.09539831458748"
"1961-06-04","1.01778268439945"
"1961-06-05","2.38474950310472"
"1961-06-06","1.78834405934914"
"1961-06-07","0.894222573606999"
"1961-06-08","1.02950678591604"
"1961-06-09","1.81180271132168"
"1961-06-10","1.84620714174721"
"1961-06-11","2.69917603875651"
"1961-06-12","2.84727908161295"
"1961-06-13","3.13950852527247"
"1961-06-14","3.04148437682684"
"1961-06-15","6.78746921727152"
"1961-06-16","6.77867621983285"
"1961-06-17","2.47427049911383"
"1961-06-18","3.11750373902259"
"1961-06-19","3.1277596188056"
"1961-06-20","2.97081609012245"
"1961-06-21","5.27836570266263"
"1961-06-22","5.10449836058018"
"1961-06-23","5.73549955799466"
"1961-06-24","4.01579244518693"
"1961-06-25","3.22881700492008"
"1961-06-26","2.91925875320063"
"1961-06-27","3.55079332626227"
"1961-06-28","4.34961104857457"
"1961-06-29","1.83106317909765"
"1961-06-30","2.58611144673773"
"1961-07-01","2.95177259396165"
"1961-07-02","2.3293923560159"
"1961-07-03","3.21582703440736"
"1961-07-04","5.15206936350117"
"1961-07-05","1.18786524329738"
"1961-07-06","1.64787846032804"
"1961-07-07","2.16611026391968"
"1961-07-08","5.38191861301273"
"1961-07-09","2.84505765894791"
"1961-07-10","2.93926819578394"
"1961-07-11","5.19569343509096"
"1961-07-12","2.06167389497612"
"1961-07-13","2.21698084047862"
"1961-07-14","3.61776159826295"
"1961-07-15","4.0226512267476"
"1961-07-16","3.214989443233"
"1961-07-17","3.12286357639672"
"1961-07-18","2.49229339577935"
"1961-07-19","3.92390681061394"
"1961-07-20","3.87604122631478"
"1961-07-21","4.51290157140591"
"1961-07-22","2.59050583452373"
"1961-07-23","0.335896486682551"
"1961-07-24","1.16684465316725"
"1961-07-25","2.43755600978802"
"1961-07-26","2.58775961063641"
"1961-07-27","3.83513167565003"
"1961-07-28","1.73782067162134"
"1961-07-29","1.08244357338715"
"1961-07-30","2.42298646716328"
"1961-07-31","3.86176243385711"
"1961-08-01","3.98550431965749"
"1961-08-02","3.60190377219931"
"1961-08-03","3.04774093576324"
"1961-08-04","1.88975530437061"
"1961-08-05","2.46077443510939"
"1961-08-06","5.14619779225552"
"1961-08-07","5.76509723622045"
"1961-08-08","10.3076612608773"
"1961-08-09","2.02984271188835"
"1961-08-10","4.47003625197844"
"1961-08-11","3.43833700377188"
"1961-08-12","3.39838443896471"
"1961-08-13","2.44259181154239"
"1961-08-14","5.79537948230644"
"1961-08-15","2.44325281479658"
"1961-08-16","2.47858460589405"
"1961-08-17","3.7535973036444"
"1961-08-18","3.12376754031037"
"1961-08-19","5.30236329815604"
"1961-08-20","5.61924205197916"
"1961-08-21","4.2754237140928"
"1961-08-22","3.76676256316049"
"1961-08-23","4.24523509813078"
"1961-08-24","3.87514381271936"
"1961-08-25","4.3534880112776"
"1961-08-26","4.98068759400091"
"1961-08-27","6.79164137055864"
"1961-08-28","5.6455758035957"
"1961-08-29","3.31001094835145"
"1961-08-30","3.60828778702459"
"1961-08-31","3.58191470511548"
"1961-09-01","2.61141629188092"
"1961-09-02","6.43539706659523"
"1961-09-03","4.57093343383822"
"1961-09-04","9.82211771671906"
"1961-09-05","7.34109296220722"
"1961-09-06","4.04873144575012"
"1961-09-07","4.84014583614481"
"1961-09-08","6.93379144647937"
"1961-09-09","7.29756865666542"
"1961-09-10","5.56840966945087"
"1961-09-11","6.51480835031121"
"1961-09-12","7.04575860551941"
"1961-09-13","10.3686538382526"
"1961-09-14","1.09889155882713"
"1961-09-15","2.49631742584757"
"1961-09-16","3.97253661457594"
"1961-09-17","4.22673083487011"
"1961-09-18","5.02393681894649"
"1961-09-19","5.52932934895222"
"1961-09-20","11.6056518657899"
"1961-09-21","12.2647918808512"
"1961-09-22","6.47848238728263"
"1961-09-23","5.81033019069985"
"1961-09-24","23.9170562859738"
"1961-09-25","16.7516508350125"
"1961-09-26","5.51068708390901"
"1961-09-27","5.81680043951257"
"1961-09-28","13.2546482333889"
"1961-09-29","15.0464740294915"
"1961-09-30","41.1068571842078"
"1961-10-01","17.1101422702079"
"1961-10-02","8.78124566511674"
"1961-10-03","14.1928062996307"
"1961-10-04","6.56012293270656"
"1961-10-05","9.3681461903956"
"1961-10-06","9.48270863165587"
"1961-10-07","7.69004681203272"
"1961-10-08","2.39810476713366"
"1961-10-09","8.46354453181808"
"1961-10-10","4.23005714277168"
"1961-10-11","0.990503794574118"
"1961-10-12","1.81749890099614"
"1961-10-13","5.38936453283607"
"1961-10-14","5.75877496613052"
"1961-10-15","7.29982538656755"
"1961-10-16","6.03274142122888"
"1961-10-17","9.03261486586038"
"1961-10-18","27.5824307156848"
"1961-10-19","21.9139005136696"
"1961-10-20","7.56826278451201"
"1961-10-21","8.71057430387059"
"1961-10-22","11.9825564122303"
"1961-10-23","14.2303624215064"
"1961-10-24","6.04892456789553"
"1961-10-25","5.98501415931301"
"1961-10-26","6.55023906912122"
"1961-10-27","11.1153253838097"
"1961-10-28","13.6174016783248"
"1961-10-29","16.0120696587996"
"1961-10-30","29.4933885557827"
"1961-10-31","16.0903412005602"
"1961-11-01","3.35221690423303"
"1961-11-02","2.37700122865764"
"1961-11-03","6.28665252887841"
"1961-11-04","13.8875127499238"
"1961-11-05","24.21583760662"
"1961-11-06","13.7564390252679"
"1961-11-07","12.0590247189328"
"1961-11-08","10.6525663194202"
"1961-11-09","13.0372960381694"
"1961-11-10","10.8129915189949"
"1961-11-11","11.7405762496965"
"1961-11-12","18.0410433310967"
"1961-11-13","30.0892503333814"
"1961-11-14","23.3615406251057"
"1961-11-15","23.6146928531267"
"1961-11-16","17.4017881438846"
"1961-11-17","1.35717313681846"
"1961-11-18","8.78496949084393"
"1961-11-19","9.31343249944381"
"1961-11-20","15.826195815941"
"1961-11-21","13.4596597518756"
"1961-11-22","13.4990696741905"
"1961-11-23","13.9903783777575"
"1961-11-24","16.7097304290507"
"1961-11-25","4.60219075308218"
"1961-11-26","14.5007993586652"
"1961-11-27","8.77077157053597"
"1961-11-28","15.2002369831135"
"1961-11-29","14.5620736869383"
"1961-11-30","18.6035839489528"
"1961-12-01","32.2319011853371"
"1961-12-02","31.1825948525301"
"1961-12-03","48.6448257495831"
"1961-12-04","30.6840717844117"
"1961-12-05","22.8852330575258"
"1961-12-06","15.1995857123173"
"1961-12-07","23.495977963204"
"1961-12-08","9.59290107091268"
"1961-12-09","24.0246077203131"
"1961-12-10","21.2682079752802"
"1961-12-11","27.2746451035206"
"1961-12-12","34.5341220954796"
"1961-12-13","5.12723330243841"
"1961-12-14","0.388195403468557"
"1961-12-15","0.963210614051396"
"1961-12-16","7.09788763935948"
"1961-12-17","6.35111737406099"
"1961-12-18","6.93184830770864"
"1961-12-19","10.5041206801609"
"1961-12-20","9.0324025406982"
"1961-12-21","17.6932087646418"
"1961-12-22","28.9035449131227"
"1961-12-23","32.4470955902364"
"1961-12-24","30.3364460107052"
"1961-12-25","23.5076674506778"
"1961-12-26","25.8528648558117"
"1961-12-27","30.2917755589341"
"1961-12-28","31.9706741886221"
"1961-12-29","22.2638071770276"
"1961-12-30","23.6019470619433"
"1961-12-31","26.017075724416"
"1962-01-01","35.7842713558313"
"1962-01-02","30.6843687197863"
"1962-01-03","28.9197917954746"
"1962-01-04","25.4846466980971"
"1962-01-05","26.967989851386"
"1962-01-06","24.8298696295007"
"1962-01-07","19.5747408392109"
"1962-01-08","29.6950774667583"
"1962-01-09","28.3596688390294"
"1962-01-10","22.828717173952"
"1962-01-11","17.1126086206147"
"1962-01-12","16.1923970577521"
"1962-01-13","21.5556156356613"
"1962-01-14","42.7681609314757"
"1962-01-15","33.4428429789357"
"1962-01-16","24.4132232418308"
"1962-01-17","3.75717445808056"
"1962-01-18","17.4836261530459"
"1962-01-19","10.1196026905274"
"1962-01-20","13.2172997462285"
"1962-01-21","14.1170543592214"
"1962-01-22","19.4932652510606"
"1962-01-23","24.6227867737477"
"1962-01-24","24.3499505839823"
"1962-01-25","33.6572893398665"
"1962-01-26","28.5084044468867"
"1962-01-27","7.87258270292571"
"1962-01-28","7.82195794737184"
"1962-01-29","14.7214642933437"
"1962-01-30","15.3810384965046"
"1962-01-31","13.5580496499033"
"1962-02-01","27.7016187271514"
"1962-02-02","33.16740684179"
"1962-02-03","14.1306419248705"
"1962-02-04","18.4067797764039"
"1962-02-05","37.2251467684131"
"1962-02-06","35.4107772529899"
"1962-02-07","51.2386972171404"
"1962-02-08","7.63966688036403"
"1962-02-09","32.4732686079942"
"1962-02-10","12.5641235500187"
"1962-02-11","23.4149297326158"
"1962-02-12","21.8096184420895"
"1962-02-13","37.7102077120826"
"1962-02-14","21.3049387911181"
"1962-02-15","19.5022845660453"
"1962-02-16","23.4838295808602"
"1962-02-17","21.4452996315894"
"1962-02-18","25.3769859297451"
"1962-02-19","14.2323744059641"
"1962-02-20","13.5365856364692"
"1962-02-21","20.9587632009993"
"1962-02-22","10.7218576659372"
"1962-02-23","17.5274130936825"
"1962-02-24","24.3532314259253"
"1962-02-25","28.6861203305133"
"1962-02-26","20.8963261476327"
"1962-02-27","27.7216964160209"
"1962-02-28","34.8430479470786"
"1962-03-01","14.9871730804443"
"1962-03-02","14.5977427185356"
"1962-03-03","15.7713808868871"
"1962-03-04","18.5482066802648"
"1962-03-05","17.8312101116428"
"1962-03-06","17.9246702400637"
"1962-03-07","22.1375932198066"
"1962-03-08","17.4408387683687"
"1962-03-09","17.986404398303"
"1962-03-10","29.2442819834788"
"1962-03-11","27.8407272157215"
"1962-03-12","29.9799556979885"
"1962-03-13","23.0092439156074"
"1962-03-14","16.7048951887981"
"1962-03-15","15.1175330149663"
"1962-03-16","21.1945649514467"
"1962-03-17","10.0921873034853"
"1962-03-18","15.856733119849"
"1962-03-19","14.811898058111"
"1962-03-20","14.0967497990761"
"1962-03-21","20.1723391380145"
"1962-03-22","18.2030799007003"
"1962-03-23","19.9632430468803"
"1962-03-24","24.5784512309285"
"1962-03-25","26.9749281581862"
"1962-03-26","20.0244004385812"
"1962-03-27","9.89916637191525"
"1962-03-28","0.794409905677234"
"1962-03-29","5.34077393492579"
"1962-03-30","9.47364604215085"
"1962-03-31","9.7253630956014"
"1962-04-01","11.7356807989476"
"1962-04-02","14.5303835270209"
"1962-04-03","11.7954927729322"
"1962-04-04","6.61298509851679"
"1962-04-05","10.3001171107932"
"1962-04-06","13.4291227266386"
"1962-04-07","14.314172691081"
"1962-04-08","13.32230132586"
"1962-04-09","11.6877320545576"
"1962-04-10","11.6203455367646"
"1962-04-11","11.5736770485387"
"1962-04-12","10.4090600725892"
"1962-04-13","10.9102209718712"
"1962-04-14","10.3502716997485"
"1962-04-15","11.7735004156699"
"1962-04-16","12.9139135018056"
"1962-04-17","14.50562369359"
"1962-04-18","23.7295171192714"
"1962-04-19","16.0347208543257"
"1962-04-20","7.76649268468221"
"1962-04-21","12.6723165842362"
"1962-04-22","19.304956254505"
"1962-04-23","18.4425576280206"
"1962-04-24","13.4544263918162"
"1962-04-25","19.7251267907939"
"1962-04-26","37.1570469827363"
"1962-04-27","18.157437710535"
"1962-04-28","3.50709773864581"
"1962-04-29","6.37762879602837"
"1962-04-30","3.87515721383033"
"1962-05-01","8.25422511575542"
"1962-05-02","6.30451145832673"
"1962-05-03","4.06890109297517"
"1962-05-04","8.13748870370708"
"1962-05-05","5.12920999423766"
"1962-05-06","5.48497812778919"
"1962-05-07","5.34236687086361"
"1962-05-08","4.6128120948742"
"1962-05-09","7.04230630552614"
"1962-05-10","4.60959322473187"
"1962-05-11","5.60246007731467"
"1962-05-12","4.20580975421063"
"1962-05-13","7.69171180353536"
"1962-05-14","13.7397217771192"
"1962-05-15","19.004698125831"
"1962-05-16","3.13806585316018"
"1962-05-17","4.01974402619647"
"1962-05-18","6.2766594215905"
"1962-05-19","3.47729130482777"
"1962-05-20","7.07318281095265"
"1962-05-21","13.7960803869999"
"1962-05-22","2.34040560776537"
"1962-05-23","0.441277710890228"
"1962-05-24","1.44549596341915"
"1962-05-25","1.68118776513256"
"1962-05-26","2.11918770408992"
"1962-05-27","1.60372117813273"
"1962-05-28","4.58995900241844"
"1962-05-29","3.64049905538559"
"1962-05-30","3.0625813915616"
"1962-05-31","0.840676553047452"
"1962-06-01","7.992112688946"
"1962-06-02","1.88169837378578"
"1962-06-03","2.69952729744313"
"1962-06-04","3.02073140448822"
"1962-06-05","1.78921563671781"
"1962-06-06","3.13154546742315"
"1962-06-07","2.97230888774127"
"1962-06-08","4.59528477560906"
"1962-06-09","2.45264791241682"
"1962-06-10","2.03891130419069"
"1962-06-11","2.50093813692078"
"1962-06-12","3.93352474885069"
"1962-06-13","5.81616358994405"
"1962-06-14","2.58740748374751"
"1962-06-15","3.6600393913525"
"1962-06-16","6.42938685313964"
"1962-06-17","3.20736599381352"
"1962-06-18","3.26852827954602"
"1962-06-19","3.01483443366501"
"1962-06-20","2.76628804284257"
"1962-06-21","6.13044702310067"
"1962-06-22","2.07757782123306"
"1962-06-23","3.59439025193582"
"1962-06-24","5.30873671548191"
"1962-06-25","2.97111968238116"
"1962-06-26","3.07389913144566"
"1962-06-27","3.37818122348744"
"1962-06-28","6.4837609653349"
"1962-06-29","5.59114356345429"
"1962-06-30","2.19107340682637"
"1962-07-01","2.90629901037072"
"1962-07-02","3.47551907502212"
"1962-07-03","4.91963192704436"
"1962-07-04","2.11800207900795"
"1962-07-05","2.95388158033421"
"1962-07-06","1.24243981291205"
"1962-07-07","1.82488057391468"
"1962-07-08","1.83985730167075"
"1962-07-09","5.87490725052821"
"1962-07-10","6.09623858268127"
"1962-07-11","3.76063757618784"
"1962-07-12","4.04982531380344"
"1962-07-13","3.08790583347345"
"1962-07-14","4.600244506613"
"1962-07-15","1.31362328255847"
"1962-07-16","3.00011597851138"
"1962-07-17","3.63812979372033"
"1962-07-18","6.59838074935979"
"1962-07-19","5.05661680017199"
"1962-07-20","2.54923045119166"
"1962-07-21","3.16609425694395"
"1962-07-22","3.2417742953156"
"1962-07-23","1.94391847327674"
"1962-07-24","1.0612611448739"
"1962-07-25","1.75214548260619"
"1962-07-26","2.90694480115201"
"1962-07-27","3.05996133677371"
"1962-07-28","1.72635908650629"
"1962-07-29","4.1639564961066"
"1962-07-30","6.47410067799803"
"1962-07-31","5.60745727396631"
"1962-08-01","1.32186047255477"
"1962-08-02","1.3269613609363"
"1962-08-03","2.76369176411526"
"1962-08-04","2.19623560964803"
"1962-08-05","1.93500690271844"
"1962-08-06","7.78920354213549"
"1962-08-07","1.98332434866852"
"1962-08-08","2.19401216777888"
"1962-08-09","2.33600926592753"
"1962-08-10","4.75289428285706"
"1962-08-11","5.09023816761"
"1962-08-12","1.43246589878421"
"1962-08-13","1.04918180123875"
"1962-08-14","2.64498502403111"
"1962-08-15","3.7620813064761"
"1962-08-16","2.58700489675328"
"1962-08-17","2.80382122725119"
"1962-08-18","4.08728036890814"
"1962-08-19","0.869521791929806"
"1962-08-20","3.10639742339328"
"1962-08-21","1.59209369451969"
"1962-08-22","2.60189462443451"
"1962-08-23","3.00642075450905"
"1962-08-24","3.66382584995006"
"1962-08-25","3.01622683687128"
"1962-08-26","6.02592506682202"
"1962-08-27","16.116369511658"
"1962-08-28","11.1788936548935"
"1962-08-29","4.08212793337834"
"1962-08-30","3.07653608840781"
"1962-08-31","3.57266875572535"
"1962-09-01","3.30280291131049"
"1962-09-02","8.40360035937586"
"1962-09-03","15.0384322492591"
"1962-09-04","23.2228804625474"
"1962-09-05","6.21978495853804"
"1962-09-06","7.27695414823887"
"1962-09-07","6.66789429167132"
"1962-09-08","4.92923846131279"
"1962-09-09","3.24224101258563"
"1962-09-10","16.2511897727009"
"1962-09-11","7.26638824495918"
"1962-09-12","4.51375667202524"
"1962-09-13","4.78948187982881"
"1962-09-14","4.04704694985311"
"1962-09-15","0.146177608116623"
"1962-09-16","1.04435910329674"
"1962-09-17","1.58265085653825"
"1962-09-18","2.05870340629057"
"1962-09-19","3.70652038349218"
"1962-09-20","3.04873797284576"
"1962-09-21","3.05695267569967"
"1962-09-22","3.64764945176773"
"1962-09-23","4.16879859063532"
"1962-09-24","2.02707092902619"
"1962-09-25","4.35547552531932"
"1962-09-26","4.01114090206303"
"1962-09-27","2.83800302542649"
"1962-09-28","4.08207353652814"
"1962-09-29","2.16131239265074"
"1962-09-30","2.54543927002263"
"1962-10-01","2.62185150836453"
"1962-10-02","3.35412677645167"
"1962-10-03","3.13191528831209"
"1962-10-04","3.1284915105605"
"1962-10-05","2.65374963940222"
"1962-10-06","2.0891878094637"
"1962-10-07","2.89151283479356"
"1962-10-08","2.49808851761735"
"1962-10-09","3.31152850944242"
"1962-10-10","2.3116081273788"
"1962-10-11","3.5726429400764"
"1962-10-12","5.7204491952797"
"1962-10-13","4.26646711093523"
"1962-10-14","6.48542196822889"
"1962-10-15","4.06927604231483"
"1962-10-16","10.8273972143859"
"1962-10-17","4.52602298228772"
"1962-10-18","5.15571756693192"
"1962-10-19","0.931463472512893"
"1962-10-20","1.66516329225524"
"1962-10-21","5.89756998871312"
"1962-10-22","5.45224918276717"
"1962-10-23","4.10465128506933"
"1962-10-24","6.07558726335501"
"1962-10-25","5.03897371449512"
"1962-10-26","11.7152679833499"
"1962-10-27","17.0782415484969"
"1962-10-28","6.78493636614316"
"1962-10-29","4.30066080630084"
"1962-10-30","5.91888731589049"
"1962-10-31","9.93202394943733"
"1962-11-01","8.10581157011387"
"1962-11-02","7.3038800051718"
"1962-11-03","6.23953571154442"
"1962-11-04","4.40160627695389"
"1962-11-05","5.8927677100871"
"1962-11-06","6.42650534889915"
"1962-11-07","4.57264260967056"
"1962-11-08","6.9735212749217"
"1962-11-09","11.0623727360845"
"1962-11-10","6.00591870768246"
"1962-11-11","7.12318882178435"
"1962-11-12","6.94680482845802"
"1962-11-13","6.20425150249944"
"1962-11-14","14.1406061308725"
"1962-11-15","10.9356992337611"
"1962-11-16","14.8810109101333"
"1962-11-17","29.7389962126166"
"1962-11-18","7.47124157013831"
"1962-11-19","17.3747942540553"
"1962-11-20","9.55955547481388"
"1962-11-21","7.48241195121369"
"1962-11-22","9.79677890699147"
"1962-11-23","14.0029213789738"
"1962-11-24","6.65469781196479"
"1962-11-25","10.8543564519841"
"1962-11-26","22.9139297700032"
"1962-11-27","16.3738441075081"
"1962-11-28","13.3919454942018"
"1962-11-29","26.9004894066683"
"1962-11-30","31.8543532730697"
"1962-12-01","51.4749866667248"
"1962-12-02","14.3427998132004"
"1962-12-03","9.77171254261232"
"1962-12-04","9.28565028322724"
"1962-12-05","9.28510699437294"
"1962-12-06","10.3696760986791"
"1962-12-07","12.3166417910423"
"1962-12-08","16.2876020344821"
"1962-12-09","10.4250453003557"
"1962-12-10","18.0927057617154"
"1962-12-11","7.66519387253435"
"1962-12-12","7.88013038851998"
"1962-12-13","8.92325620114545"
"1962-12-14","15.8136412137515"
"1962-12-15","19.2724803123639"
"1962-12-16","27.3701317485793"
"1962-12-17","26.1130577970893"
"1962-12-18","21.806928665607"
"1962-12-19","16.2995201498915"
"1962-12-20","20.5704586722634"
"1962-12-21","24.1589372725714"
"1962-12-22","30.8004730026443"
"1962-12-23","34.3304623360242"
"1962-12-24","11.5486665824791"
"1962-12-25","21.5173624831361"
"1962-12-26","24.6053842569326"
"1962-12-27","8.95828782841241"
"1962-12-28","11.54029903577"
"1962-12-29","8.44992375477052"
"1962-12-30","9.02158401745222"
"1962-12-31","14.2543116694405"
"1963-01-01","13.9465562585112"
"1963-01-02","6.78247132961884"
"1963-01-03","12.1525309467729"
"1963-01-04","13.4845443618246"
"1963-01-05","15.0844339808344"
"1963-01-06","15.3761289604815"
"1963-01-07","22.8992096294056"
"1963-01-08","26.0455856901227"
"1963-01-09","24.2842856774598"
"1963-01-10","35.1726316394228"
"1963-01-11","17.172697562676"
"1963-01-12","15.5578795201851"
"1963-01-13","4.74677925811701"
"1963-01-14","0.566429308708354"
"1963-01-15","1.82123095268037"
"1963-01-16","4.85304965601339"
"1963-01-17","6.51991499373407"
"1963-01-18","8.44643343114234"
"1963-01-19","14.2243359543028"
"1963-01-20","17.3736342620024"
"1963-01-21","20.5138811610994"
"1963-01-22","27.2648258209229"
"1963-01-23","21.2266392274336"
"1963-01-24","23.4709485619615"
"1963-01-25","21.6601328540158"
"1963-01-26","25.8121485895925"
"1963-01-27","26.0624362813446"
"1963-01-28","0.973551647479593"
"1963-01-29","2.09584828896763"
"1963-01-30","6.77184609830121"
"1963-01-31","5.73954934642945"
"1963-02-01","14.2706673274309"
"1963-02-02","10.3068872047709"
"1963-02-03","10.4068099409987"
"1963-02-04","18.9482880237299"
"1963-02-05","16.8427318504878"
"1963-02-06","17.2032174651241"
"1963-02-07","28.8405514568477"
"1963-02-08","18.5597427892479"
"1963-02-09","17.1569598639682"
"1963-02-10","3.99662136838034"
"1963-02-11","9.94263508464351"
"1963-02-12","21.6036275351718"
"1963-02-13","12.6432049553116"
"1963-02-14","19.2992614337376"
"1963-02-15","14.646646662708"
"1963-02-16","9.98167095143042"
"1963-02-17","16.919537754802"
"1963-02-18","18.974851649561"
"1963-02-19","13.8631384940374"
"1963-02-20","19.2407061052529"
"1963-02-21","19.514842910684"
"1963-02-22","19.7544203898607"
"1963-02-23","17.0269820906899"
"1963-02-24","18.0873705546061"
"1963-02-25","17.9577493502464"
"1963-02-26","24.5475565964009"
"1963-02-27","24.6531396552082"
"1963-02-28","35.3524994540524"
"1963-03-01","19.3380880293908"
"1963-03-02","22.9339546723799"
"1963-03-03","23.7345888748829"
"1963-03-04","23.1236920418677"
"1963-03-05","27.1733989013738"
"1963-03-06","9.56550052878145"
"1963-03-07","9.19188412753019"
"1963-03-08","10.8652725240369"
"1963-03-09","11.8612794050407"
"1963-03-10","7.752468146287"
"1963-03-11","8.02965956023245"
"1963-03-12","10.9664267688603"
"1963-03-13","16.4599868683588"
"1963-03-14","19.6210401047876"
"1963-03-15","13.814433704723"
"1963-03-16","13.2713010465944"
"1963-03-17","14.6035941318"
"1963-03-18","18.5315738570639"
"1963-03-19","17.1518296700019"
"1963-03-20","18.4554840228258"
"1963-03-21","18.9478883124017"
"1963-03-22","5.65495190011475"
"1963-03-23","3.61922787562077"
"1963-03-24","5.70009687401"
"1963-03-25","8.70721781615055"
"1963-03-26","5.97319842004157"
"1963-03-27","4.27423393210291"
"1963-03-28","10.3021906361435"
"1963-03-29","17.8690213537835"
"1963-03-30","5.45969257623086"
"1963-03-31","4.64121911278019"
"1963-04-01","6.35833892213318"
"1963-04-02","7.19962905598925"
"1963-04-03","10.9751776874839"
"1963-04-04","6.37948086767486"
"1963-04-05","7.2056893161881"
"1963-04-06","8.7653706146009"
"1963-04-07","15.0188363289936"
"1963-04-08","12.8738044319731"
"1963-04-09","8.24145155964476"
"1963-04-10","5.57522062615399"
"1963-04-11","6.83170760142339"
"1963-04-12","9.1276124886104"
"1963-04-13","3.52823559339944"
"1963-04-14","4.69263743270527"
"1963-04-15","5.65381590628521"
"1963-04-16","6.34612877028329"
"1963-04-17","8.1813085068872"
"1963-04-18","6.99467791520156"
"1963-04-19","9.28297544351388"
"1963-04-20","5.06933640246783"
"1963-04-21","5.11988203814535"
"1963-04-22","6.53273971153028"
"1963-04-23","11.1969094895697"
"1963-04-24","10.2149624865809"
"1963-04-25","10.4664280610683"
"1963-04-26","13.3936203692383"
"1963-04-27","15.0870105239736"
"1963-04-28","13.4198871752916"
"1963-04-29","9.51923527552452"
"1963-04-30","5.19074786947919"
"1963-05-01","7.05093558216508"
"1963-05-02","4.16958661719318"
"1963-05-03","3.74878206320139"
"1963-05-04","2.54463835299273"
"1963-05-05","2.76877222922973"
"1963-05-06","6.46782547570926"
"1963-05-07","6.79555543986234"
"1963-05-08","7.04188371736766"
"1963-05-09","8.72003063288602"
"1963-05-10","11.7076162074035"
"1963-05-11","6.17487188128682"
"1963-05-12","4.28382390569815"
"1963-05-13","4.64491604907172"
"1963-05-14","1.9420782861449"
"1963-05-15","0.559161521325057"
"1963-05-16","0.725223186905637"
"1963-05-17","0.842850666670572"
"1963-05-18","1.94163280602915"
"1963-05-19","1.347433265476"
"1963-05-20","1.51314726452549"
"1963-05-21","1.52084934627597"
"1963-05-22","1.84680498401066"
"1963-05-23","1.0319063289986"
"1963-05-24","1.37969804945446"
"1963-05-25","1.04587394411946"
"1963-05-26","0.832827179011328"
"1963-05-27","1.90772477853479"
"1963-05-28","1.07477141729681"
"1963-05-29","1.03553907489364"
"1963-05-30","0.589905949188517"
"1963-05-31","1.07447010639942"
"1963-06-01","2.08358176936319"
"1963-06-02","0.351607911691908"
"1963-06-03","0.8944223462987"
"1963-06-04","1.24187495523975"
"1963-06-05","1.67602347630959"
"1963-06-06","2.10481656358872"
"1963-06-07","0.912562755085689"
"1963-06-08","1.61026792199194"
"1963-06-09","1.85327499463058"
"1963-06-10","2.49918288134393"
"1963-06-11","1.87496076440398"
"1963-06-12","1.78218023008082"
"1963-06-13","2.07241573878181"
"1963-06-14","3.4535671289349"
"1963-06-15","1.54481893345649"
"1963-06-16","0.465014020714796"
"1963-06-17","0.86728620800105"
"1963-06-18","0.948078416449167"
"1963-06-19","1.18580201100477"
"1963-06-20","1.16248231777897"
"1963-06-21","0.934321023556061"
"1963-06-22","0.796337611876525"
"1963-06-23","0.638012897529643"
"1963-06-24","0.888142337143679"
"1963-06-25","0.961687661352612"
"1963-06-26","0.964282391778318"
"1963-06-27","1.24950893603878"
"1963-06-28","0.941171387573341"
"1963-06-29","2.0193721778465"
"1963-06-30","0.998291692305437"
"1963-07-01","0.963205447831711"
"1963-07-02","1.32362318800125"
"1963-07-03","1.09902180118478"
"1963-07-04","1.12897074957947"
"1963-07-05","1.27357112858203"
"1963-07-06","0.380141227614957"
"1963-07-07","1.54684822693532"
"1963-07-08","1.41984122198123"
"1963-07-09","1.3050839708739"
"1963-07-10","1.23907618592312"
"1963-07-11","1.04353275262948"
"1963-07-12","1.15981862103784"
"1963-07-13","1.89925628510259"
"1963-07-14","1.48855896661808"
"1963-07-15","1.39589945436556"
"1963-07-16","1.41117746992545"
"1963-07-17","1.19050348592011"
"1963-07-18","2.28600761694309"
"1963-07-19","1.63098802865842"
"1963-07-20","2.07916987213221"
"1963-07-21","1.2063189567232"
"1963-07-22","1.66911508368723"
"1963-07-23","2.16055971887205"
"1963-07-24","0.902934182515908"
"1963-07-25","0.893256176214714"
"1963-07-26","2.50444078084194"
"1963-07-27","3.76313625940513"
"1963-07-28","3.03714219084034"
"1963-07-29","1.40839032525624"
"1963-07-30","1.68896061594868"
"1963-07-31","1.63171266258021"
"1963-08-01","2.27425098045048"
"1963-08-02","1.55083606582441"
"1963-08-03","4.29487281341057"
"1963-08-04","2.84973113619404"
"1963-08-05","1.32245649790867"
"1963-08-06","0.904385665794472"
"1963-08-07","0.81543004074138"
"1963-08-08","1.3422827567115"
"1963-08-09","1.54441424314078"
"1963-08-10","1.56107096973952"
"1963-08-11","1.5516845164619"
"1963-08-12","1.97906817631288"
"1963-08-13","2.94195563762219"
"1963-08-14","2.42840783446382"
"1963-08-15","0.833231786854597"
"1963-08-16","1.22128544189842"
"1963-08-17","2.1539574713805"
"1963-08-18","2.77482139251449"
"1963-08-19","2.57466230841426"
"1963-08-20","3.70097447344751"
"1963-08-21","5.88039042268481"
"1963-08-22","1.294081757466"
"1963-08-23","2.25175322469695"
"1963-08-24","2.39795688607476"
"1963-08-25","0.750925978057054"
"1963-08-26","1.33809809160955"
"1963-08-27","1.26267702109886"
"1963-08-28","2.05866336874116"
"1963-08-29","3.31593292745161"
"1963-08-30","1.40736725410342"
"1963-08-31","1.38325281331549"
"1963-09-01","1.70871702301038"
"1963-09-02","2.00365002240453"
"1963-09-03","4.68668295449509"
"1963-09-04","2.70620166919964"
"1963-09-05","1.29897274309165"
"1963-09-06","1.17098701451764"
"1963-09-07","1.58785494142797"
"1963-09-08","2.19326121492303"
"1963-09-09","2.02105696505798"
"1963-09-10","4.12815811933377"
"1963-09-11","3.77315908360791"
"1963-09-12","0.826340622135571"
"1963-09-13","2.08449182572303"
"1963-09-14","5.23345135661947"
"1963-09-15","2.46293779868971"
"1963-09-16","2.09403428886876"
"1963-09-17","2.10776124704323"
"1963-09-18","3.02731242504987"
"1963-09-19","5.01577450109251"
"1963-09-20","5.47812794916558"
"1963-09-21","5.41675051001759"
"1963-09-22","5.45210928421516"
"1963-09-23","2.61976443044035"
"1963-09-24","4.44620936928373"
"1963-09-25","3.82527819959632"
"1963-09-26","3.62563029460577"
"1963-09-27","6.53333228594297"
"1963-09-28","4.5409725754808"
"1963-09-29","0.73799550697788"
"1963-09-30","0.895767044001843"
"1963-10-01","1.27498800052709"
"1963-10-02","2.05667908341338"
"1963-10-03","2.76199091306496"
"1963-10-04","3.93608882520106"
"1963-10-05","4.29963448759797"
"1963-10-06","4.56189859377873"
"1963-10-07","6.82613567872481"
"1963-10-08","8.50680165063767"
"1963-10-09","9.14023617954997"
"1963-10-10","8.6372193939242"
"1963-10-11","10.6603982747891"
"1963-10-12","3.66060654838364"
"1963-10-13","2.26786192206593"
"1963-10-14","5.27019473226555"
"1963-10-15","3.29917984839642"
"1963-10-16","5.55362427699101"
"1963-10-17","9.46513948192844"
"1963-10-18","17.0473904836745"
"1963-10-19","11.4085615496615"
"1963-10-20","9.57716032952973"
"1963-10-21","2.85764503672525"
"1963-10-22","5.72158668619214"
"1963-10-23","10.0461510270189"
"1963-10-24","7.48209404687345"
"1963-10-25","11.0727460714646"
"1963-10-26","4.60440652324008"
"1963-10-27","4.91763866566992"
"1963-10-28","1.25721293836187"
"1963-10-29","2.16984698795653"
"1963-10-30","3.63024656493942"
"1963-10-31","3.44840279389253"
"1963-11-01","5.74314807400559"
"1963-11-02","6.82406047205904"
"1963-11-03","6.63237775559033"
"1963-11-04","3.75441254578628"
"1963-11-05","4.35414113110794"
"1963-11-06","7.54191445581841"
"1963-11-07","5.14563957540504"
"1963-11-08","5.08988483669438"
"1963-11-09","6.84759240697473"
"1963-11-10","7.25420074855094"
"1963-11-11","11.3358528232162"
"1963-11-12","24.7024167750305"
"1963-11-13","10.4690302233675"
"1963-11-14","5.26875669305975"
"1963-11-15","6.1353144619888"
"1963-11-16","5.54650789628297"
"1963-11-17","7.96584715265216"
"1963-11-18","13.2330162927702"
"1963-11-19","16.0308666765948"
"1963-11-20","18.9956901641119"
"1963-11-21","17.1472745870615"
"1963-11-22","19.0629793864824"
"1963-11-23","8.8256334855959"
"1963-11-24","14.2256464834337"
"1963-11-25","13.6547199265781"
"1963-11-26","15.8380821772984"
"1963-11-27","18.4169347730034"
"1963-11-28","28.1754815361717"
"1963-11-29","6.99524730056911"
"1963-11-30","9.1032623904092"
"1963-12-01","9.95207609449114"
"1963-12-02","13.7315597472253"
"1963-12-03","19.3198855841831"
"1963-12-04","17.590353012085"
"1963-12-05","23.199357796541"
"1963-12-06","7.90404016476173"
"1963-12-07","10.0327309210063"
"1963-12-08","14.3449897456479"
"1963-12-09","12.4328763970049"
"1963-12-10","14.2389725111264"
"1963-12-11","17.5496776011083"
"1963-12-12","15.2356270938725"
"1963-12-13","14.5184369169788"
"1963-12-14","22.358970724659"
"1963-12-15","27.3596204658607"
"1963-12-16","15.3450086705096"
"1963-12-17","15.0617882844174"
"1963-12-18","18.4369372330703"
"1963-12-19","26.9564208282537"
"1963-12-20","30.1529057738069"
"1963-12-21","41.751279690565"
"1963-12-22","25.5847864976693"
"1963-12-23","15.6854262785478"
"1963-12-24","22.8936304653878"
"1963-12-25","38.6941212410535"
"1963-12-26","23.4984795004774"
"1963-12-27","29.8680176672997"
"1963-12-28","41.3022317267083"
"1963-12-29","16.905832206016"
"1963-12-30","18.8764347101187"
"1963-12-31","16.0050334847851"
"1964-01-01","16.525700112958"
"1964-01-02","18.8758112672087"
"1964-01-03","22.1786447541538"
"1964-01-04","22.5590018359098"
"1964-01-05","34.891573728421"
"1964-01-06","50.6931028985358"
"1964-01-07","24.2495208880602"
"1964-01-08","5.64098927056119"
"1964-01-09","19.9065580904742"
"1964-01-10","10.9149131465268"
"1964-01-11","14.676271351901"
"1964-01-12","16.8462081843124"
"1964-01-13","25.5663382790305"
"1964-01-14","14.1031631948628"
"1964-01-15","9.0075817275873"
"1964-01-16","14.2291899078336"
"1964-01-17","28.9026657451283"
"1964-01-18","15.8216098521179"
"1964-01-19","14.4398000271289"
"1964-01-20","17.9265484644737"
"1964-01-21","15.0690050001268"
"1964-01-22","24.0287237249928"
"1964-01-23","18.318534768505"
"1964-01-24","22.1848728956082"
"1964-01-25","11.4903974987212"
"1964-01-26","17.8071272507374"
"1964-01-27","18.5622033949022"
"1964-01-28","28.3363103907862"
"1964-01-29","37.7484209630396"
"1964-01-30","41.8282655575575"
"1964-01-31","54.6724358182965"
"1964-02-01","17.5022558195766"
"1964-02-02","34.0710256419657"
"1964-02-03","30.6471683782933"
"1964-02-04","34.198184133092"
"1964-02-05","38.8282474253601"
"1964-02-06","12.8807327819593"
"1964-02-07","8.0107627605205"
"1964-02-08","9.98277014210111"
"1964-02-09","10.2120050785345"
"1964-02-10","7.68587640972881"
"1964-02-11","7.63749448355142"
"1964-02-12","9.38394622936909"
"1964-02-13","13.4016842986598"
"1964-02-14","34.0999220356797"
"1964-02-15","12.5770645967294"
"1964-02-16","10.3996099104613"
"1964-02-17","11.6372064821648"
"1964-02-18","14.8998974990019"
"1964-02-19","14.6688597130053"
"1964-02-20","23.6880182621283"
"1964-02-21","21.3463704534423"
"1964-02-22","15.9827245881547"
"1964-02-23","5.48165228820982"
"1964-02-24","5.23679184655606"
"1964-02-25","9.75936094506995"
"1964-02-26","9.17504386158733"
"1964-02-27","16.0113886052912"
"1964-02-28","18.3761106631457"
"1964-02-29","18.8869384294981"
"1964-03-01","5.81841997615187"
"1964-03-02","7.47063897801684"
"1964-03-03","9.64288328426741"
"1964-03-04","14.199334410878"
"1964-03-05","24.7790384416456"
"1964-03-06","13.8991941765789"
"1964-03-07","12.850399457015"
"1964-03-08","20.2238366345823"
"1964-03-09","10.8446642124292"
"1964-03-10","8.42700055873755"
"1964-03-11","18.8743322339409"
"1964-03-12","14.3628180532744"
"1964-03-13","14.0907205317444"
"1964-03-14","11.5150129433834"
"1964-03-15","15.6099553046288"
"1964-03-16","28.2803433653596"
"1964-03-17","18.9068360803447"
"1964-03-18","33.034755409538"
"1964-03-19","18.020433099755"
"1964-03-20","8.36622350969356"
"1964-03-21","12.4701237327609"
"1964-03-22","24.2814878571085"
"1964-03-23","19.3957754089719"
"1964-03-24","5.87218697014309"
"1964-03-25","6.98186922537816"
"1964-03-26","9.04181446038283"
"1964-03-27","15.5737627822083"
"1964-03-28","16.6943610055106"
"1964-03-29","18.9031663044191"
"1964-03-30","11.1177863434796"
"1964-03-31","10.4302419315685"
"1964-04-01","13.4854392716379"
"1964-04-02","14.6827647572472"
"1964-04-03","17.1951872383877"
"1964-04-04","16.7970477223912"
"1964-04-05","19.2456050352617"
"1964-04-06","24.4274207193614"
"1964-04-07","2.98279121298811"
"1964-04-08","0.596094629174961"
"1964-04-09","1.38587579060168"
"1964-04-10","2.70194789883378"
"1964-04-11","3.90257332180486"
"1964-04-12","6.53945523010188"
"1964-04-13","7.84400529675669"
"1964-04-14","7.36637643715004"
"1964-04-15","6.60047923641287"
"1964-04-16","7.53703519585845"
"1964-04-17","6.35627963222983"
"1964-04-18","7.87291041597143"
"1964-04-19","10.3015949241011"
"1964-04-20","2.42943860293725"
"1964-04-21","0.922200138305689"
"1964-04-22","2.06585256516675"
"1964-04-23","2.59407046372756"
"1964-04-24","1.97952943330719"
"1964-04-25","6.4968672443778"
"1964-04-26","3.89287221122098"
"1964-04-27","3.67160582103771"
"1964-04-28","6.39936980230984"
"1964-04-29","3.00810006944648"
"1964-04-30","2.44058513357526"
"1964-05-01","4.42367303216612"
"1964-05-02","6.33888704487772"
"1964-05-03","4.43374272548791"
"1964-05-04","4.33467886451777"
"1964-05-05","3.7013033361404"
"1964-05-06","3.63157315816714"
"1964-05-07","3.87546203378991"
"1964-05-08","4.18706005166619"
"1964-05-09","8.09923876673628"
"1964-05-10","7.83569772728594"
"1964-05-11","2.84858855772844"
"1964-05-12","3.3007550652409"
"1964-05-13","4.49583445018504"
"1964-05-14","7.38334175828215"
"1964-05-15","2.09860449139174"
"1964-05-16","2.5703689070233"
"1964-05-17","3.60596790277597"
"1964-05-18","3.80670050031695"
"1964-05-19","5.09567773961402"
"1964-05-20","4.45058902672359"
"1964-05-21","7.17926016772464"
"1964-05-22","4.42780373287407"
"1964-05-23","2.19858816291863"
"1964-05-24","3.60127335399776"
"1964-05-25","2.45752123591704"
"1964-05-26","0.914635891651178"
"1964-05-27","1.79408232022674"
"1964-05-28","2.459226856113"
"1964-05-29","3.90826934859866"
"1964-05-30","1.34378443639"
"1964-05-31","2.21883677558982"
"1964-06-01","2.31959736205283"
"1964-06-02","2.9894626845013"
"1964-06-03","2.31114980346197"
"1964-06-04","2.75706489287414"
"1964-06-05","2.82623336028743"
"1964-06-06","1.98345030179788"
"1964-06-07","2.71538789060725"
"1964-06-08","2.38771740285865"
"1964-06-09","2.40585965382588"
"1964-06-10","2.83692588318478"
"1964-06-11","3.43940630826083"
"1964-06-12","2.87511357149004"
"1964-06-13","2.22889883203424"
"1964-06-14","2.33990491571881"
"1964-06-15","3.82257684923354"
"1964-06-16","1.64507105862681"
"1964-06-17","1.38946727589095"
"1964-06-18","2.05942046081091"
"1964-06-19","3.87404473816162"
"1964-06-20","1.58061147877922"
"1964-06-21","1.13973941844263"
"1964-06-22","1.5343799954885"
"1964-06-23","1.9918445908662"
"1964-06-24","2.0165112464975"
"1964-06-25","5.64512872824937"
"1964-06-26","1.54814692289927"
"1964-06-27","4.62741516033808"
"1964-06-28","6.00744955325539"
"1964-06-29","2.72436404252401"
"1964-06-30","4.36672739587821"
"1964-07-01","3.84007586389619"
"1964-07-02","2.22744630322312"
"1964-07-03","2.84142096386618"
"1964-07-04","1.89011278543702"
"1964-07-05","3.35511851678421"
"1964-07-06","2.56836866148752"
"1964-07-07","1.64775980757428"
"1964-07-08","2.66568415679715"
"1964-07-09","4.36406433917743"
"1964-07-10","3.56851819441432"
"1964-07-11","13.0457969888464"
"1964-07-12","2.37740862138924"
"1964-07-13","0.409323481705798"
"1964-07-14","0.882066259200955"
"1964-07-15","0.858283373700592"
"1964-07-16","0.45858908273699"
"1964-07-17","0.688978982452319"
"1964-07-18","0.781807834580863"
"1964-07-19","0.829975587884327"
"1964-07-20","1.44755205150807"
"1964-07-21","1.18433948690112"
"1964-07-22","1.00347739722564"
"1964-07-23","1.26658399641772"
"1964-07-24","2.1454878790683"
"1964-07-25","1.94422270002819"
"1964-07-26","2.30185121143019"
"1964-07-27","2.80088619236306"
"1964-07-28","1.77413256395431"
"1964-07-29","2.03484806095883"
"1964-07-30","2.05658860665895"
"1964-07-31","1.35609252576704"
"1964-08-01","2.22052048398303"
"1964-08-02","2.48081680396935"
"1964-08-03","2.72403197242068"
"1964-08-04","4.424264989374"
"1964-08-05","2.42003944200097"
"1964-08-06","1.88617166773581"
"1964-08-07","3.38155037680746"
"1964-08-08","6.00765363014106"
"1964-08-09","2.73474115146187"
"1964-08-10","2.65908034023268"
"1964-08-11","2.60156841782522"
"1964-08-12","2.23983545969059"
"1964-08-13","3.39166900347838"
"1964-08-14","1.65013433009128"
"1964-08-15","1.22304137621994"
"1964-08-16","1.59361011183365"
"1964-08-17","2.39442332843681"
"1964-08-18","3.03936905236471"
"1964-08-19","2.03781878277337"
"1964-08-20","3.43979368168554"
"1964-08-21","9.10078676335223"
"1964-08-22","2.27412498797173"
"1964-08-23","1.45463727769398"
"1964-08-24","2.07084827479862"
"1964-08-25","1.70796203819704"
"1964-08-26","2.12564699113111"
"1964-08-27","2.07361364106595"
"1964-08-28","1.36879849737083"
"1964-08-29","2.19122607612507"
"1964-08-30","2.60571084084449"
"1964-08-31","1.70060832211466"
"1964-09-01","0.952212783294323"
"1964-09-02","2.32650858138031"
"1964-09-03","5.98769663371049"
"1964-09-04","0.288959323456793"
"1964-09-05","0.606038812241513"
"1964-09-06","0.633517617142046"
"1964-09-07","1.79605700172387"
"1964-09-08","2.42799260270544"
"1964-09-09","2.61999497036913"
"1964-09-10","1.19346251683834"
"1964-09-11","0.237041598468116"
"1964-09-12","0.880526584722263"
"1964-09-13","1.37169108633355"
"1964-09-14","3.24734322281627"
"1964-09-15","5.66956219528661"
"1964-09-16","2.79230662761055"
"1964-09-17","1.89946919769952"
"1964-09-18","3.60596400267118"
"1964-09-19","5.51269001465339"
"1964-09-20","2.18676310390621"
"1964-09-21","2.91414758395323"
"1964-09-22","7.79838135386958"
"1964-09-23","4.6061684496991"
"1964-09-24","3.33502248252109"
"1964-09-25","3.8076571432543"
"1964-09-26","5.26784560277865"
"1964-09-27","0.913121351431975"
"1964-09-28","0.781490573570842"
"1964-09-29","0.406703255167513"
"1964-09-30","1.59071479344265"
"1964-10-01","2.50977766281599"
"1964-10-02","1.92163637615902"
"1964-10-03","2.70166024514091"
"1964-10-04","1.78230393436048"
"1964-10-05","1.88195020399052"
"1964-10-06","1.14415168652545"
"1964-10-07","1.42980265114215"
"1964-10-08","0.138466455808385"
"1964-10-09","0.473057105669599"
"1964-10-10","0.864330316744583"
"1964-10-11","1.18877927384851"
"1964-10-12","1.9894471643291"
"1964-10-13","2.67576000300837"
"1964-10-14","1.84251357363416"
"1964-10-15","2.47420419939669"
"1964-10-16","1.28125102321307"
"1964-10-17","1.83688495943557"
"1964-10-18","2.23162986163969"
"1964-10-19","3.30465918237513"
"1964-10-20","6.431792498667"
"1964-10-21","10.0002720159886"
"1964-10-22","3.81463949092023"
"1964-10-23","5.45463364671319"
"1964-10-24","4.2728308764371"
"1964-10-25","2.70419299112254"
"1964-10-26","3.8151300144402"
"1964-10-27","9.25102558177271"
"1964-10-28","19.9343742023815"
"1964-10-29","9.06649686350967"
"1964-10-30","6.49514589990888"
"1964-10-31","4.57211489698071"
"1964-11-01","5.68444979552067"
"1964-11-02","1.76366947146205"
"1964-11-03","3.79858868540107"
"1964-11-04","4.6157925588228"
"1964-11-05","4.62842079829344"
"1964-11-06","3.61827632436505"
"1964-11-07","4.05390415614818"
"1964-11-08","3.33502247013571"
"1964-11-09","8.43912059197694"
"1964-11-10","7.21626575065382"
"1964-11-11","7.64401580864217"
"1964-11-12","12.4609044888319"
"1964-11-13","10.5196324850058"
"1964-11-14","9.80978422041063"
"1964-11-15","13.4736709966288"
"1964-11-16","24.1619208199637"
"1964-11-17","3.16171078429078"
"1964-11-18","0.847948093515583"
"1964-11-19","1.51382929154418"
"1964-11-20","4.13254496777729"
"1964-11-21","3.55729235147501"
"1964-11-22","4.03344179709236"
"1964-11-23","5.71344646592161"
"1964-11-24","15.0617785846"
"1964-11-25","13.9804611495047"
"1964-11-26","18.1260255982865"
"1964-11-27","10.3146305755103"
"1964-11-28","8.13514565492605"
"1964-11-29","12.4834814587713"
"1964-11-30","18.8609921240703"
"1964-12-01","9.90049688743822"
"1964-12-02","9.545875384178"
"1964-12-03","12.0458543187096"
"1964-12-04","8.56468510937381"
"1964-12-05","14.2328085858068"
"1964-12-06","9.55671929487418"
"1964-12-07","10.9926981781468"
"1964-12-08","8.02147423292135"
"1964-12-09","8.11093251323287"
"1964-12-10","8.38001669640149"
"1964-12-11","7.43421435768986"
"1964-12-12","9.26796907676763"
"1964-12-13","8.79719329086733"
"1964-12-14","11.7139153521814"
"1964-12-15","9.46063131584233"
"1964-12-16","8.34767063974818"
"1964-12-17","5.34956578878097"
"1964-12-18","9.76587253525144"
"1964-12-19","13.9743109678293"
"1964-12-20","21.5382956343812"
"1964-12-21","12.2218542387991"
"1964-12-22","6.19676316248906"
"1964-12-23","2.18839075890454"
"1964-12-24","5.78722010727053"
"1964-12-25","5.5712405061309"
"1964-12-26","7.13782859777475"
"1964-12-27","14.1114428941306"
"1964-12-28","6.84996682844121"
"1964-12-29","12.7319004515033"
"1964-12-30","12.1668615526967"
"1964-12-31","17.4981300655381"
"1965-01-01","20.3473354624463"
"1965-01-02","10.1637276921953"
"1965-01-03","15.9712945228015"
"1965-01-04","18.6637470856373"
"1965-01-05","23.2079339626032"
"1965-01-06","14.4868890588934"
"1965-01-07","19.9607357627902"
"1965-01-08","20.8532933610858"
"1965-01-09","23.9269160439958"
"1965-01-10","59.1807244701303"
"1965-01-11","21.1740902739686"
"1965-01-12","12.4078721793699"
"1965-01-13","11.3995859457817"
"1965-01-14","17.4500430177301"
"1965-01-15","29.8821685014865"
"1965-01-16","41.9335363644026"
"1965-01-17","38.7491393729206"
"1965-01-18","13.8525756344651"
"1965-01-19","16.6522728416311"
"1965-01-20","13.9584985997254"
"1965-01-21","12.1168774505714"
"1965-01-22","15.7599719014519"
"1965-01-23","23.663764932971"
"1965-01-24","22.8377320756128"
"1965-01-25","22.1450544745375"
"1965-01-26","22.8264515368969"
"1965-01-27","24.9609881644641"
"1965-01-28","26.8527035898977"
"1965-01-29","19.0997965717729"
"1965-01-30","15.1729641724458"
"1965-01-31","18.3302429929956"
"1965-02-01","27.342270310307"
"1965-02-02","23.362806881661"
"1965-02-03","27.4896287835522"
"1965-02-04","25.2352706570646"
"1965-02-05","27.3202862925344"
"1965-02-06","21.1520136465758"
"1965-02-07","27.9406326260918"
"1965-02-08","36.2699039591339"
"1965-02-09","23.8032902226304"
"1965-02-10","18.9578711934936"
"1965-02-11","11.808957104043"
"1965-02-12","15.9441392287547"
"1965-02-13","28.8570756210393"
"1965-02-14","25.5632738633589"
"1965-02-15","33.2753639716607"
"1965-02-16","35.820019346295"
"1965-02-17","35.6233974968716"
"1965-02-18","34.8905739309468"
"1965-02-19","13.3177729024516"
"1965-02-20","23.4598994275708"
"1965-02-21","49.0229536774871"
"1965-02-22","20.1690363780761"
"1965-02-23","18.5400516914599"
"1965-02-24","13.7018340758947"
"1965-02-25","17.3057923213744"
"1965-02-26","20.1955433717538"
"1965-02-27","19.6194327053054"
"1965-02-28","21.7068076980062"
"1965-03-01","22.2910403875045"
"1965-03-02","41.0056089921431"
"1965-03-03","44.3874866683762"
"1965-03-04","27.8210751256901"
"1965-03-05","43.4128620098164"
"1965-03-06","23.4801061349514"
"1965-03-07","17.4839037816762"
"1965-03-08","31.9479365163035"
"1965-03-09","20.6657185368724"
"1965-03-10","25.1071167900449"
"1965-03-11","43.0160275661584"
"1965-03-12","24.7539184578569"
"1965-03-13","13.1021136597637"
"1965-03-14","15.4802116914229"
"1965-03-15","10.9774072964986"
"1965-03-16","23.8758167745747"
"1965-03-17","30.1362856414927"
"1965-03-18","26.4570510046823"
"1965-03-19","23.3070581650837"
"1965-03-20","18.3012582853243"
"1965-03-21","12.431728612809"
"1965-03-22","10.4860802935315"
"1965-03-23","9.48124817026642"
"1965-03-24","13.0565289212512"
"1965-03-25","14.350583596663"
"1965-03-26","14.7141972826673"
"1965-03-27","20.106113731087"
"1965-03-28","19.9445862254023"
"1965-03-29","21.0143461929255"
"1965-03-30","10.3548172005327"
"1965-03-31","14.427541167189"
"1965-04-01","13.3678926657805"
"1965-04-02","8.95178431349915"
"1965-04-03","14.5810005014593"
"1965-04-04","2.84460694139654"
"1965-04-05","9.55194152691664"
"1965-04-06","6.86258622371789"
"1965-04-07","9.3570483587521"
"1965-04-08","8.71221634010216"
"1965-04-09","8.2090904165656"
"1965-04-10","10.2956205652906"
"1965-04-11","12.0159730477767"
"1965-04-12","13.1315726759114"
"1965-04-13","9.7395222857917"
"1965-04-14","12.7760921453501"
"1965-04-15","10.5881258089305"
"1965-04-16","7.10640034376285"
"1965-04-17","9.23659582158704"
"1965-04-18","7.94290393358701"
"1965-04-19","7.14412602614531"
"1965-04-20","7.55098019843494"
"1965-04-21","6.52213853700852"
"1965-04-22","4.50467008552252"
"1965-04-23","7.9476508526575"
"1965-04-24","5.76971918241286"
"1965-04-25","7.84114812359665"
"1965-04-26","8.74985018333831"
"1965-04-27","6.50751246105541"
"1965-04-28","5.46162848142318"
"1965-04-29","6.74969794430258"
"1965-04-30","7.58281414023725"
"1965-05-01","8.07655043209786"
"1965-05-02","5.42588142399148"
"1965-05-03","12.4397182753592"
"1965-05-04","8.79642659141904"
"1965-05-05","7.99736876405163"
"1965-05-06","9.33094010827861"
"1965-05-07","8.54904241892167"
"1965-05-08","1.45562476680908"
"1965-05-09","0.758494526567139"
"1965-05-10","3.43285763831366"
"1965-05-11","9.26986810552093"
"1965-05-12","6.07849088117674"
"1965-05-13","3.60349765458664"
"1965-05-14","3.00311516734945"
"1965-05-15","6.67407790097323"
"1965-05-16","1.74561588637112"
"1965-05-17","3.18977471076565"
"1965-05-18","2.02239277275094"
"1965-05-19","4.58462963914458"
"1965-05-20","6.3139750508519"
"1965-05-21","3.84144173839908"
"1965-05-22","8.30014963944753"
"1965-05-23","3.41623363550349"
"1965-05-24","3.56607470084062"
"1965-05-25","4.93796632738857"
"1965-05-26","4.13752217932697"
"1965-05-27","3.13210641047655"
"1965-05-28","1.80453760651025"
"1965-05-29","4.15744476065491"
"1965-05-30","2.70169845958809"
"1965-05-31","1.00483465472083"
"1965-06-01","2.9526619499638"
"1965-06-02","4.71264736580126"
"1965-06-03","2.06739888756306"
"1965-06-04","3.51584128074316"
"1965-06-05","2.88647833350417"
"1965-06-06","5.26540722888269"
"1965-06-07","6.00786002270587"
"1965-06-08","2.57118612166607"
"1965-06-09","6.87782085406316"
"1965-06-10","2.7770126392315"
"1965-06-11","2.42551657389769"
"1965-06-12","3.0416123957345"
"1965-06-13","2.95473915699757"
"1965-06-14","5.70434302169007"
"1965-06-15","5.07918102452249"
"1965-06-16","3.75239543532912"
"1965-06-17","2.54244138551997"
"1965-06-18","3.96753932593705"
"1965-06-19","4.10357595264138"
"1965-06-20","3.20829578421333"
"1965-06-21","2.07135104720211"
"1965-06-22","1.51298965307283"
"1965-06-23","1.93126195372441"
"1965-06-24","2.68665491038071"
"1965-06-25","2.7235152667219"
"1965-06-26","4.26812532660249"
"1965-06-27","3.3996613928766"
"1965-06-28","3.94878368357043"
"1965-06-29","4.09885762935077"
"1965-06-30","4.60932431386147"
"1965-07-01","3.14976677182433"
"1965-07-02","1.31788817306102"
"1965-07-03","0.479463290503789"
"1965-07-04","1.68371084384072"
"1965-07-05","1.781254758631"
"1965-07-06","2.27364766610649"
"1965-07-07","2.67118475034639"
"1965-07-08","2.08730472798471"
"1965-07-09","2.91047194303372"
"1965-07-10","3.0476569272739"
"1965-07-11","1.61785046698211"
"1965-07-12","1.68560418783328"
"1965-07-13","0.439430211352192"
"1965-07-14","2.28985058216306"
"1965-07-15","2.37767969697585"
"1965-07-16","1.90902499925523"
"1965-07-17","1.46547298804248"
"1965-07-18","2.9941735670164"
"1965-07-19","3.05526005860531"
"1965-07-20","4.49344724906987"
"1965-07-21","1.73233895706924"
"1965-07-22","2.27833394828813"
"1965-07-23","3.13773280840157"
"1965-07-24","2.20085528054279"
"1965-07-25","2.28791368381802"
"1965-07-26","1.72924711951962"
"1965-07-27","1.23363878148975"
"1965-07-28","1.2212700547723"
"1965-07-29","1.92763653539476"
"1965-07-30","2.3340274129079"
"1965-07-31","2.74749878732673"
"1965-08-01","5.44791478099245"
"1965-08-02","4.58490856540151"
"1965-08-03","6.24290864137344"
"1965-08-04","3.24656965464225"
"1965-08-05","2.50585130644051"
"1965-08-06","1.69152749900694"
"1965-08-07","0.818382643937291"
"1965-08-08","1.76372811288545"
"1965-08-09","1.70260889292795"
"1965-08-10","1.57904450227688"
"1965-08-11","1.22404428742407"
"1965-08-12","2.29261603654721"
"1965-08-13","1.25828596962479"
"1965-08-14","0.825412067564535"
"1965-08-15","0.502902501589292"
"1965-08-16","1.10393370255763"
"1965-08-17","0.540384924321464"
"1965-08-18","1.270365447193"
"1965-08-19","1.07468022051312"
"1965-08-20","2.43686163606066"
"1965-08-21","2.22512397415194"
"1965-08-22","1.97610286845789"
"1965-08-23","1.51204766894316"
"1965-08-24","2.36740336067233"
"1965-08-25","0.61444612052211"
"1965-08-26","0.883183370807986"
"1965-08-27","1.64227079067911"
"1965-08-28","2.24467059337732"
"1965-08-29","2.31480014891852"
"1965-08-30","3.07150590626192"
"1965-08-31","4.30055373829681"
"1965-09-01","3.62905112489477"
"1965-09-02","4.6089818570521"
"1965-09-03","0.955263214709955"
"1965-09-04","2.13757718873746"
"1965-09-05","1.07075322132348"
"1965-09-06","1.93420854636601"
"1965-09-07","1.79388400047888"
"1965-09-08","3.74781893342088"
"1965-09-09","2.53702538766902"
"1965-09-10","3.46318686369694"
"1965-09-11","2.48361776349864"
"1965-09-12","4.15025576833007"
"1965-09-13","4.62194514790655"
"1965-09-14","4.94932053099463"
"1965-09-15","5.24871000892672"
"1965-09-16","4.19775518142816"
"1965-09-17","3.01609813954149"
"1965-09-18","2.79750472371712"
"1965-09-19","3.42749564807652"
"1965-09-20","7.73587959875792"
"1965-09-21","4.73382436764705"
"1965-09-22","4.06684934886503"
"1965-09-23","5.6465102924413"
"1965-09-24","15.9145168226003"
"1965-09-25","6.80189331940242"
"1965-09-26","12.6674894646649"
"1965-09-27","6.73146463266183"
"1965-09-28","5.68492545297136"
"1965-09-29","5.90222840752953"
"1965-09-30","4.32323397031594"
"1965-10-01","5.4411885031374"
"1965-10-02","5.95448280309702"
"1965-10-03","4.60380905737609"
"1965-10-04","5.66650549364296"
"1965-10-05","6.75180502990624"
"1965-10-06","11.0745662672695"
"1965-10-07","14.3150589889262"
"1965-10-08","7.66870962076889"
"1965-10-09","7.23109589201031"
"1965-10-10","4.56815066043433"
"1965-10-11","8.4739862974588"
"1965-10-12","7.03347910637463"
"1965-10-13","20.7015339698626"
"1965-10-14","19.8819573720296"
"1965-10-15","5.79215788738036"
"1965-10-16","7.43296272207648"
"1965-10-17","7.48720914564091"
"1965-10-18","6.67973472236039"
"1965-10-19","8.88402714770594"
"1965-10-20","10.119597860229"
"1965-10-21","18.332109137531"
"1965-10-22","27.7034946705872"
"1965-10-23","25.2663081693443"
"1965-10-24","7.41465164263011"
"1965-10-25","7.14140382886449"
"1965-10-26","11.6035819466496"
"1965-10-27","12.7230284286268"
"1965-10-28","16.2214167376101"
"1965-10-29","14.6654809192146"
"1965-10-30","46.6680983010825"
"1965-10-31","7.94504648885686"
"1965-11-01","14.0398504620507"
"1965-11-02","11.2793903722392"
"1965-11-03","9.4593767159945"
"1965-11-04","6.03169157855955"
"1965-11-05","8.43354248948943"
"1965-11-06","10.4514834096421"
"1965-11-07","11.2297756269381"
"1965-11-08","39.7281363185866"
"1965-11-09","16.396781116337"
"1965-11-10","12.2014810202958"
"1965-11-11","4.32182752408765"
"1965-11-12","6.23652157484195"
"1965-11-13","8.16964759661522"
"1965-11-14","12.8854985319691"
"1965-11-15","21.0407790972557"
"1965-11-16","20.6677455468611"
"1965-11-17","9.57571005098747"
"1965-11-18","13.8775374920337"
"1965-11-19","17.24689982567"
"1965-11-20","36.1542617707025"
"1965-11-21","14.5806969089425"
"1965-11-22","23.2462663609228"
"1965-11-23","17.219917456309"
"1965-11-24","1.3740967703072"
"1965-11-25","2.69616045967325"
"1965-11-26","5.86581257566229"
"1965-11-27","9.71294013968794"
"1965-11-28","14.2401931151683"
"1965-11-29","12.0191346535951"
"1965-11-30","0.240177733460804"
"1965-12-01","0.748861702102603"
"1965-12-02","1.39652935165541"
"1965-12-03","2.73782392781534"
"1965-12-04","6.42105932333769"
"1965-12-05","7.26132367028818"
"1965-12-06","7.74091974636177"
"1965-12-07","3.43126638549747"
"1965-12-08","8.17449490229289"
"1965-12-09","10.7441006584085"
"1965-12-10","11.4660650527839"
"1965-12-11","18.8976084535772"
"1965-12-12","15.8735185990602"
"1965-12-13","5.15954237531274"
"1965-12-14","13.8965998583542"
"1965-12-15","14.5420493212613"
"1965-12-16","11.7895965658741"
"1965-12-17","10.6209371378928"
"1965-12-18","20.3902122613155"
"1965-12-19","19.3794227864319"
"1965-12-20","21.1620843730448"
"1965-12-21","27.5949360488297"
"1965-12-22","28.8407271166384"
"1965-12-23","37.0719525968874"
"1965-12-24","23.7142212236082"
"1965-12-25","32.5404920949564"
"1965-12-26","21.3517102101148"
"1965-12-27","25.8667511134953"
"1965-12-28","39.2432355261468"
"1965-12-29","13.7745493149861"
"1965-12-30","34.6259047850902"
"1965-12-31","15.2362303217768"
"1966-01-01","14.3447453531868"
"1966-01-02","25.7583100290009"
"1966-01-03","13.9079746704597"
"1966-01-04","24.4209033999092"
"1966-01-05","39.995094547024"
"1966-01-06","30.5389149240601"
"1966-01-07","37.7069212017637"
"1966-01-08","40.0640150458266"
"1966-01-09","32.3929336514824"
"1966-01-10","39.8433080813585"
"1966-01-11","31.6844874295321"
"1966-01-12","13.7859896767191"
"1966-01-13","7.64243405412286"
"1966-01-14","16.1305009854304"
"1966-01-15","35.2755711790803"
"1966-01-16","19.2938863704731"
"1966-01-17","15.5947759306276"
"1966-01-18","20.0443671709531"
"1966-01-19","15.417364834707"
"1966-01-20","28.0134958704829"
"1966-01-21","28.4370787897151"
"1966-01-22","32.0855081814192"
"1966-01-23","23.2491834442337"
"1966-01-24","27.7299264850038"
"1966-01-25","38.4065038755343"
"1966-01-26","39.2093633428797"
"1966-01-27","20.2539563653789"
"1966-01-28","31.7391601001029"
"1966-01-29","12.6305939604194"
"1966-01-30","21.9098368723155"
"1966-01-31","12.3127395064284"
"1966-02-01","25.0723694681605"
"1966-02-02","20.2853590977656"
"1966-02-03","19.8176408536506"
"1966-02-04","19.6670821714195"
"1966-02-05","21.0401133541421"
"1966-02-06","20.8707277331001"
"1966-02-07","28.21731204904"
"1966-02-08","30.882945213483"
"1966-02-09","36.4411146733668"
"1966-02-10","21.5215188930561"
"1966-02-11","12.1872246709221"
"1966-02-12","15.6289359171153"
"1966-02-13","6.45110433339041"
"1966-02-14","1.5194530103404"
"1966-02-15","1.20074624635957"
"1966-02-16","3.94920559311326"
"1966-02-17","6.77216464693928"
"1966-02-18","10.7846637283053"
"1966-02-19","10.7201473088492"
"1966-02-20","13.7488739108626"
"1966-02-21","18.8225235010122"
"1966-02-22","16.1549694734218"
"1966-02-23","18.5287618471947"
"1966-02-24","11.2870224791688"
"1966-02-25","11.334687240196"
"1966-02-26","12.1222394441629"
"1966-02-27","16.5759491486983"
"1966-02-28","23.1845303902894"
"1966-03-01","20.238043209175"
"1966-03-02","24.3717287278279"
"1966-03-03","24.2266648115018"
"1966-03-04","23.5979146916113"
"1966-03-05","27.6008540851213"
"1966-03-06","30.8424082256499"
"1966-03-07","33.3483519616065"
"1966-03-08","44.1376570664443"
"1966-03-09","14.871895771522"
"1966-03-10","15.0867449463188"
"1966-03-11","12.3899699867546"
"1966-03-12","23.8554055308883"
"1966-03-13","14.6980397030389"
"1966-03-14","15.4514998770379"
"1966-03-15","2.12444690502051"
"1966-03-16","0.45165312615953"
"1966-03-17","1.87127132784753"
"1966-03-18","2.36269711957865"
"1966-03-19","3.680702131806"
"1966-03-20","9.12486964386779"
"1966-03-21","5.27597682016753"
"1966-03-22","5.07784354931864"
"1966-03-23","4.4786300904307"
"1966-03-24","6.82438393640312"
"1966-03-25","9.06923463231041"
"1966-03-26","11.5841613393841"
"1966-03-27","13.0541716189612"
"1966-03-28","12.2655876446596"
"1966-03-29","23.4658603214082"
"1966-03-30","10.1640733041805"
"1966-03-31","8.53442210862131"
"1966-04-01","10.2616730572341"
"1966-04-02","30.5463457313967"
"1966-04-03","12.1741264485694"
"1966-04-04","10.275525419227"
"1966-04-05","8.23714129130046"
"1966-04-06","9.05757443729417"
"1966-04-07","20.005470886891"
"1966-04-08","12.2829091961766"
"1966-04-09","4.8709199676266"
"1966-04-10","8.62614529060595"
"1966-04-11","15.4069846140874"
"1966-04-12","28.5134176733174"
"1966-04-13","14.0755276886416"
"1966-04-14","11.8094343395976"
"1966-04-15","7.21385262745283"
"1966-04-16","10.8488829331997"
"1966-04-17","4.45999409522845"
"1966-04-18","7.76761740833134"
"1966-04-19","12.6865423334625"
"1966-04-20","30.5244498067088"
"1966-04-21","4.60689028542795"
"1966-04-22","4.82843634266874"
"1966-04-23","6.2908976387668"
"1966-04-24","7.6887913359192"
"1966-04-25","4.76329875250399"
"1966-04-26","7.25243734178089"
"1966-04-27","5.98057293995118"
"1966-04-28","8.03305676592377"
"1966-04-29","7.25709472693406"
"1966-04-30","6.33031659002428"
"1966-05-01","3.40095777196802"
"1966-05-02","9.16221748492418"
"1966-05-03","18.3389785279443"
"1966-05-04","4.48205100819146"
"1966-05-05","1.95632608963814"
"1966-05-06","4.68533774965253"
"1966-05-07","3.42560919229086"
"1966-05-08","3.83564874774966"
"1966-05-09","3.59085204732883"
"1966-05-10","10.9535701140697"
"1966-05-11","6.87659149252491"
"1966-05-12","4.17547062542531"
"1966-05-13","6.31612051049352"
"1966-05-14","8.97821563662905"
"1966-05-15","4.30653474005786"
"1966-05-16","3.68457300425608"
"1966-05-17","7.44364466398825"
"1966-05-18","8.67249358268011"
"1966-05-19","2.06609434405447"
"1966-05-20","5.98516880149965"
"1966-05-21","2.35047266790361"
"1966-05-22","3.12300980349124"
"1966-05-23","2.18958201527079"
"1966-05-24","3.20269185536868"
"1966-05-25","2.34325363677301"
"1966-05-26","4.53783408749155"
"1966-05-27","6.07223911048014"
"1966-05-28","4.04378594619371"
"1966-05-29","4.57339655424093"
"1966-05-30","8.38156459651468"
"1966-05-31","6.09338211961639"
"1966-06-01","4.54942053427428"
"1966-06-02","3.87809603606468"
"1966-06-03","4.97817423126914"
"1966-06-04","3.3100491418983"
"1966-06-05","4.32547797165908"
"1966-06-06","5.21164821030258"
"1966-06-07","4.0746656842046"
"1966-06-08","3.67904765678175"
"1966-06-09","4.45137236231849"
"1966-06-10","4.80296660966171"
"1966-06-11","3.00663097235031"
"1966-06-12","2.13913499399439"
"1966-06-13","4.85480666470218"
"1966-06-14","2.67399144869346"
"1966-06-15","2.70150158389822"
"1966-06-16","0.962721760912891"
"1966-06-17","2.61020045466237"
"1966-06-18","5.83475598215541"
"1966-06-19","1.53087277574973"
"1966-06-20","4.24495336452088"
"1966-06-21","4.42627258682664"
"1966-06-22","3.62793782675937"
"1966-06-23","2.32469352060582"
"1966-06-24","1.22127964099248"
"1966-06-25","0.571321122832112"
"1966-06-26","3.30499628276536"
"1966-06-27","3.06534731671924"
"1966-06-28","2.83408437482206"
"1966-06-29","1.88381955195299"
"1966-06-30","6.10698038107389"
"1966-07-01","0.935741204647468"
"1966-07-02","1.99622763170824"
"1966-07-03","0.967030097653856"
"1966-07-04","2.67706288635989"
"1966-07-05","2.27209569539601"
"1966-07-06","1.4762568671853"
"1966-07-07","2.00830165209708"
"1966-07-08","2.83458794376035"
"1966-07-09","2.56411920958783"
"1966-07-10","3.13911374087458"
"1966-07-11","2.95405256696594"
"1966-07-12","5.0458220243454"
"1966-07-13","4.53235951465962"
"1966-07-14","4.47306205725773"
"1966-07-15","3.56985207140704"
"1966-07-16","3.12751580729629"
"1966-07-17","2.93710067906937"
"1966-07-18","3.37932862528475"
"1966-07-19","3.05944810388408"
"1966-07-20","1.86344425902738"
"1966-07-21","3.75835672033814"
"1966-07-22","2.21612055012674"
"1966-07-23","6.61925967482777"
"1966-07-24","11.5885301554874"
"1966-07-25","3.14603946516008"
"1966-07-26","5.1665654657207"
"1966-07-27","1.09823263952613"
"1966-07-28","2.22384564249547"
"1966-07-29","2.6885462381365"
"1966-07-30","2.67753339471755"
"1966-07-31","4.1518386003775"
"1966-08-01","5.99087057381997"
"1966-08-02","5.6744076354163"
"1966-08-03","4.93118169400599"
"1966-08-04","4.80522595339523"
"1966-08-05","3.49797565983487"
"1966-08-06","2.56713283977983"
"1966-08-07","2.53982475503183"
"1966-08-08","3.27793806249445"
"1966-08-09","1.56482865129198"
"1966-08-10","0.481235512504072"
"1966-08-11","0.932891657148605"
"1966-08-12","1.55383869025098"
"1966-08-13","1.83744745940228"
"1966-08-14","1.8353119780878"
"1966-08-15","2.30482511886787"
"1966-08-16","2.7812532947693"
"1966-08-17","4.06710099864316"
"1966-08-18","2.23722888110004"
"1966-08-19","2.71225097207796"
"1966-08-20","5.41887769554601"
"1966-08-21","4.83532525876384"
"1966-08-22","2.61715560032305"
"1966-08-23","2.67162688282919"
"1966-08-24","4.73272815308014"
"1966-08-25","4.65583212731721"
"1966-08-26","5.04016009450475"
"1966-08-27","5.84454411345643"
"1966-08-28","3.06468527064179"
"1966-08-29","5.63654071324831"
"1966-08-30","6.60425336742814"
"1966-08-31","5.96798206098152"
"1966-09-01","4.09777658532708"
"1966-09-02","4.93344624579211"
"1966-09-03","4.84139747279031"
"1966-09-04","5.26016573214428"
"1966-09-05","4.6381201362197"
"1966-09-06","5.45266010802546"
"1966-09-07","3.58279180552536"
"1966-09-08","4.21316412749229"
"1966-09-09","2.73073408433369"
"1966-09-10","3.11769218336452"
"1966-09-11","5.9187394968875"
"1966-09-12","7.55389893622625"
"1966-09-13","1.63723676674294"
"1966-09-14","4.17639049977967"
"1966-09-15","2.18459409243101"
"1966-09-16","0.265932662654426"
"1966-09-17","0.957179274974447"
"1966-09-18","1.05238701248324"
"1966-09-19","7.3094132343928"
"1966-09-20","4.70845462826939"
"1966-09-21","5.88815825429314"
"1966-09-22","3.07147169777583"
"1966-09-23","1.52834757856089"
"1966-09-24","3.02322028764399"
"1966-09-25","3.73798739600491"
"1966-09-26","4.96862089479124"
"1966-09-27","6.92979663171809"
"1966-09-28","10.3024218030822"
"1966-09-29","10.2278280309784"
"1966-09-30","1.23564264294389"
"1966-10-01","1.91220717615895"
"1966-10-02","2.29488781520299"
"1966-10-03","4.6912659667271"
"1966-10-04","4.19475483146065"
"1966-10-05","6.10415011670166"
"1966-10-06","6.51755862215381"
"1966-10-07","5.8014206163811"
"1966-10-08","5.25770185726546"
"1966-10-09","4.27831694883702"
"1966-10-10","5.957550074631"
"1966-10-11","8.81254950230256"
"1966-10-12","10.2099591622621"
"1966-10-13","3.40659778561943"
"1966-10-14","3.84665499685647"
"1966-10-15","10.8896506998962"
"1966-10-16","6.25760297186963"
"1966-10-17","7.47055562956509"
"1966-10-18","4.56349272748609"
"1966-10-19","2.70941779198069"
"1966-10-20","3.16211962983722"
"1966-10-21","4.81840066063456"
"1966-10-22","7.46972225341962"
"1966-10-23","9.03286983130814"
"1966-10-24","15.0285083060657"
"1966-10-25","11.8260027629472"
"1966-10-26","8.64327679361616"
"1966-10-27","9.83920393568097"
"1966-10-28","13.4737369074966"
"1966-10-29","4.62994749876328"
"1966-10-30","1.60155510437953"
"1966-10-31","1.56095510734108"
"1966-11-01","2.81724947549048"
"1966-11-02","3.21839017966093"
"1966-11-03","5.7079535887871"
"1966-11-04","6.03946297251301"
"1966-11-05","8.08397645042056"
"1966-11-06","8.05735295675534"
"1966-11-07","8.91750870019326"
"1966-11-08","7.39517276627677"
"1966-11-09","4.68983124370699"
"1966-11-10","4.68295852859299"
"1966-11-11","6.38005232140099"
"1966-11-12","1.80856065858494"
"1966-11-13","4.80604020290045"
"1966-11-14","5.23299076082387"
"1966-11-15","4.82104964328535"
"1966-11-16","8.37491524580753"
"1966-11-17","15.8068781580244"
"1966-11-18","12.7197689948144"
"1966-11-19","20.6355948964239"
"1966-11-20","21.4420142896248"
"1966-11-21","25.8318668340708"
"1966-11-22","35.765451158796"
"1966-11-23","44.0160373010677"
"1966-11-24","20.1449009618718"
"1966-11-25","10.0428062125202"
"1966-11-26","19.7901359533335"
"1966-11-27","12.9568377800318"
"1966-11-28","15.0269544238136"
"1966-11-29","32.6986992328198"
"1966-11-30","12.4940700902567"
"1966-12-01","7.17077841696801"
"1966-12-02","2.32007925799399"
"1966-12-03","3.69610730342535"
"1966-12-04","0.586776801469651"
"1966-12-05","1.77034355254916"
"1966-12-06","4.96718527795949"
"1966-12-07","5.6513583133747"
"1966-12-08","7.80172330476505"
"1966-12-09","13.9239648513464"
"1966-12-10","13.0666408084688"
"1966-12-11","29.3195250127223"
"1966-12-12","6.21893366616526"
"1966-12-13","1.53270615359921"
"1966-12-14","4.44004232749278"
"1966-12-15","6.49272319145533"
"1966-12-16","6.34579607367"
"1966-12-17","11.3407135298758"
"1966-12-18","25.3051764418036"
"1966-12-19","9.92383609705673"
"1966-12-20","12.0344432298239"
"1966-12-21","14.8364188413083"
"1966-12-22","20.8605682984059"
"1966-12-23","19.3136115259938"
"1966-12-24","26.6036453494778"
"1966-12-25","25.9262799267129"
"1966-12-26","20.5193728120812"
"1966-12-27","23.4823825266454"
"1966-12-28","11.4419037790009"
"1966-12-29","14.546746798924"
"1966-12-30","13.5354590519166"
"1966-12-31","15.7951715911106"
"1967-01-01","13.0656595085606"
"1967-01-02","16.6807886078244"
"1967-01-03","20.2644500773706"
"1967-01-04","25.6721303576515"
"1967-01-05","23.8994343497536"
"1967-01-06","34.3584088907613"
"1967-01-07","19.9299293699719"
"1967-01-08","33.4485827111579"
"1967-01-09","49.3833652017437"
"1967-01-10","21.1884666872231"
"1967-01-11","17.1923987566135"
"1967-01-12","22.7458607190615"
"1967-01-13","10.4785832367934"
"1967-01-14","8.5687062131378"
"1967-01-15","10.19027373285"
"1967-01-16","16.2957137528952"
"1967-01-17","17.2009320816436"
"1967-01-18","22.7522950482059"
"1967-01-19","45.511107622287"
"1967-01-20","27.6803853790481"
"1967-01-21","40.7674488463959"
"1967-01-22","31.3023703769172"
"1967-01-23","12.689173238102"
"1967-01-24","18.5173031612908"
"1967-01-25","18.6405655873286"
"1967-01-26","27.7089039360806"
"1967-01-27","27.8573531609077"
"1967-01-28","23.3807623768266"
"1967-01-29","23.0026956327034"
"1967-01-30","25.1753294808524"
"1967-01-31","27.450847881697"
"1967-02-01","30.2370794180668"
"1967-02-02","31.9848650069464"
"1967-02-03","33.218788213028"
"1967-02-04","48.4610220013243"
"1967-02-05","41.1886152044519"
"1967-02-06","45.7875562560507"
"1967-02-07","47.3586807085838"
"1967-02-08","27.3960092222536"
"1967-02-09","26.2169134998734"
"1967-02-10","19.0443832430489"
"1967-02-11","26.3994743793042"
"1967-02-12","23.4289056356851"
"1967-02-13","22.8232207236352"
"1967-02-14","18.855074548102"
"1967-02-15","18.4587131764466"
"1967-02-16","14.4517477580479"
"1967-02-17","22.0215333467954"
"1967-02-18","28.4584863010423"
"1967-02-19","25.0319742805514"
"1967-02-20","28.2904322818244"
"1967-02-21","35.6975763246611"
"1967-02-22","45.0132362894166"
"1967-02-23","31.8564111866476"
"1967-02-24","3.76346907264743"
"1967-02-25","3.90810046928786"
"1967-02-26","11.3941427634392"
"1967-02-27","12.8468032626363"
"1967-02-28","13.374159730358"
"1967-03-01","17.4938998387489"
"1967-03-02","15.3679740542457"
"1967-03-03","16.9132398464979"
"1967-03-04","14.9681030620228"
"1967-03-05","14.9490603244666"
"1967-03-06","21.9894651066173"
"1967-03-07","19.0152039920097"
"1967-03-08","15.990885536392"
"1967-03-09","12.4260768498177"
"1967-03-10","13.9250617852975"
"1967-03-11","27.0239466382312"
"1967-03-12","19.2157661429731"
"1967-03-13","20.8541753818462"
"1967-03-14","21.8919046410234"
"1967-03-15","20.8445014045352"
"1967-03-16","21.8096320825222"
"1967-03-17","19.0605291639056"
"1967-03-18","11.5231471660333"
"1967-03-19","16.7468875868496"
"1967-03-20","22.1487091113995"
"1967-03-21","17.5053678446518"
"1967-03-22","16.0603661144967"
"1967-03-23","15.5952741717879"
"1967-03-24","7.46976152642981"
"1967-03-25","5.01288246540796"
"1967-03-26","9.00627057996147"
"1967-03-27","12.5860120930197"
"1967-03-28","22.1428996742546"
"1967-03-29","10.1564242396004"
"1967-03-30","3.50283199368101"
"1967-03-31","9.31106762039713"
"1967-04-01","14.357590828107"
"1967-04-02","14.8483043728453"
"1967-04-03","15.246442410853"
"1967-04-04","18.8668194931823"
"1967-04-05","10.0403422215284"
"1967-04-06","5.27239183378426"
"1967-04-07","8.40483224133908"
"1967-04-08","8.44502019882202"
"1967-04-09","11.2552672051764"
"1967-04-10","12.5018713567164"
"1967-04-11","13.5016579772487"
"1967-04-12","16.8043496350705"
"1967-04-13","13.8356787982957"
"1967-04-14","6.4021386088747"
"1967-04-15","10.8034014000005"
"1967-04-16","12.9341348425134"
"1967-04-17","19.0577386798281"
"1967-04-18","18.9727086979589"
"1967-04-19","23.9036223960645"
"1967-04-20","11.6699109717365"
"1967-04-21","6.03812236496896"
"1967-04-22","8.12666813532511"
"1967-04-23","9.58549468341844"
"1967-04-24","13.179843634238"
"1967-04-25","9.57242308034525"
"1967-04-26","8.90851669394093"
"1967-04-27","12.8573748931224"
"1967-04-28","16.8809044990705"
"1967-04-29","5.62358707524997"
"1967-04-30","9.59127535138811"
"1967-05-01","9.43775575398367"
"1967-05-02","9.78314489926095"
"1967-05-03","15.0493076250151"
"1967-05-04","14.5202387607459"
"1967-05-05","12.8423079474148"
"1967-05-06","2.43795797860984"
"1967-05-07","5.89830868120317"
"1967-05-08","6.20863376448165"
"1967-05-09","10.179426899204"
"1967-05-10","13.2601009137703"
"1967-05-11","16.5867905100703"
"1967-05-12","11.5660126549857"
"1967-05-13","4.84060281695742"
"1967-05-14","7.05672086781754"
"1967-05-15","7.06985572715858"
"1967-05-16","7.10525948867137"
"1967-05-17","7.63156119466344"
"1967-05-18","1.89585208131637"
"1967-05-19","0.747135147871651"
"1967-05-20","2.55619893716527"
"1967-05-21","4.00860883792241"
"1967-05-22","5.17802083750308"
"1967-05-23","4.9084937211239"
"1967-05-24","3.23360770089286"
"1967-05-25","4.0540808010927"
"1967-05-26","4.05469790784828"
"1967-05-27","3.81866895171987"
"1967-05-28","4.44981325653208"
"1967-05-29","5.44104868612248"
"1967-05-30","0.974405453318641"
"1967-05-31","4.15140010216535"
"1967-06-01","5.33634924269342"
"1967-06-02","3.76003979656087"
"1967-06-03","3.73456229792013"
"1967-06-04","4.42209797710567"
"1967-06-05","6.90633727461745"
"1967-06-06","6.35901332933665"
"1967-06-07","7.60720603496997"
"1967-06-08","7.15724098321163"
"1967-06-09","4.84493038561437"
"1967-06-10","0.331355961112233"
"1967-06-11","1.48220240631145"
"1967-06-12","3.28864261340269"
"1967-06-13","2.00888344658402"
"1967-06-14","0.728590457212357"
"1967-06-15","2.52541989042903"
"1967-06-16","2.702615863188"
"1967-06-17","2.02231195594841"
"1967-06-18","2.14510028031997"
"1967-06-19","2.07253054184315"
"1967-06-20","2.49820251227457"
"1967-06-21","4.03088478247325"
"1967-06-22","2.00208580442321"
"1967-06-23","4.11245896083452"
"1967-06-24","3.51124118055616"
"1967-06-25","3.04109573003018"
"1967-06-26","4.13279192168991"
"1967-06-27","5.30719351768494"
"1967-06-28","4.49889560179277"
"1967-06-29","3.64726013693459"
"1967-06-30","3.10589245026246"
"1967-07-01","1.77000342096601"
"1967-07-02","3.70270215381276"
"1967-07-03","2.56655978821057"
"1967-07-04","3.54505350166585"
"1967-07-05","4.65315942795246"
"1967-07-06","3.21593969131445"
"1967-07-07","3.62164739354864"
"1967-07-08","4.95124519851817"
"1967-07-09","5.74296974516534"
"1967-07-10","0.651296341445023"
"1967-07-11","1.41525069601608"
"1967-07-12","3.15492454725943"
"1967-07-13","4.20150965761829"
"1967-07-14","2.94773380116467"
"1967-07-15","2.94686202808118"
"1967-07-16","4.98105779148283"
"1967-07-17","4.3611669501701"
"1967-07-18","2.85024792678428"
"1967-07-19","3.22645149679927"
"1967-07-20","4.02850392628542"
"1967-07-21","6.13958423013811"
"1967-07-22","2.59784412822682"
"1967-07-23","3.13622611090218"
"1967-07-24","0.864940932689807"
"1967-07-25","4.40176047442795"
"1967-07-26","3.42928024958739"
"1967-07-27","4.41745539661094"
"1967-07-28","4.12862826864441"
"1967-07-29","2.0461241668695"
"1967-07-30","0.954610972274175"
"1967-07-31","1.01908039878973"
"1967-08-01","3.2830773625539"
"1967-08-02","2.58616390076034"
"1967-08-03","7.70057779782778"
"1967-08-04","5.26499504392797"
"1967-08-05","5.5079001105709"
"1967-08-06","4.28412027586074"
"1967-08-07","5.23550607322098"
"1967-08-08","5.04524561388668"
"1967-08-09","6.64457095598246"
"1967-08-10","3.90098575531662"
"1967-08-11","3.72380616680368"
"1967-08-12","3.44791700287815"
"1967-08-13","0.762999172423245"
"1967-08-14","1.7329986517628"
"1967-08-15","1.88758021909179"
"1967-08-16","3.75777741582879"
"1967-08-17","7.10937808550798"
"1967-08-18","5.00181580028493"
"1967-08-19","0.506255636161024"
"1967-08-20","4.02336530019711"
"1967-08-21","4.86738775044809"
"1967-08-22","3.67266680203475"
"1967-08-23","6.9161571506814"
"1967-08-24","4.03254660538265"
"1967-08-25","5.75606808879159"
"1967-08-26","3.50379342743845"
"1967-08-27","6.96747614501359"
"1967-08-28","6.13819048827861"
"1967-08-29","5.72828357998943"
"1967-08-30","6.71626562086535"
"1967-08-31","7.40862856179605"
"1967-09-01","6.27062254086201"
"1967-09-02","4.08379023183476"
"1967-09-03","10.3937377341382"
"1967-09-04","3.55252357143344"
"1967-09-05","6.79753399514533"
"1967-09-06","7.47294189093949"
"1967-09-07","5.41174338957964"
"1967-09-08","4.87303549593145"
"1967-09-09","6.6098952427571"
"1967-09-10","7.07104779012275"
"1967-09-11","9.43646820592674"
"1967-09-12","5.11804800683802"
"1967-09-13","10.9485802237606"
"1967-09-14","4.89697569221645"
"1967-09-15","3.96116049284543"
"1967-09-16","5.05400688565655"
"1967-09-17","6.28393950710049"
"1967-09-18","3.54267830430687"
"1967-09-19","4.55659256430415"
"1967-09-20","3.87086930316248"
"1967-09-21","5.96223314396747"
"1967-09-22","12.2956018984576"
"1967-09-23","7.0146399741565"
"1967-09-24","8.39224151512245"
"1967-09-25","18.5446662262921"
"1967-09-26","6.41935884797728"
"1967-09-27","6.92990685438181"
"1967-09-28","10.652372795782"
"1967-09-29","14.9665889120721"
"1967-09-30","7.74471676194823"
"1967-10-01","20.3220217898811"
"1967-10-02","7.18883324495126"
"1967-10-03","11.2729043609652"
"1967-10-04","12.9120803044472"
"1967-10-05","6.25208600671776"
"1967-10-06","7.17055642862857"
"1967-10-07","6.37979685486137"
"1967-10-08","11.9515192694478"
"1967-10-09","23.1611495740486"
"1967-10-10","8.78818642731869"
"1967-10-11","7.59202377311079"
"1967-10-12","9.46262383667422"
"1967-10-13","8.98357638445768"
"1967-10-14","11.9116052631692"
"1967-10-15","24.9034605232668"
"1967-10-16","32.7865281084399"
"1967-10-17","16.805348860753"
"1967-10-18","15.6074987572509"
"1967-10-19","14.7092723144597"
"1967-10-20","18.3668346136679"
"1967-10-21","19.6407386585748"
"1967-10-22","20.611911319551"
"1967-10-23","19.1130493502596"
"1967-10-24","20.7314622680862"
"1967-10-25","27.30035911494"
"1967-10-26","15.6841607898861"
"1967-10-27","36.7582213166472"
"1967-10-28","30.6846475023212"
"1967-10-29","15.402395122495"
"1967-10-30","21.7391486291762"
"1967-10-31","20.3975966977867"
"1967-11-01","31.3474423544747"
"1967-11-02","21.7621156808102"
"1967-11-03","26.3154997598557"
"1967-11-04","20.4813078843154"
"1967-11-05","22.6505898459133"
"1967-11-06","13.679693232367"
"1967-11-07","15.1200454967879"
"1967-11-08","16.877572352752"
"1967-11-09","12.6306936854408"
"1967-11-10","26.23503498804"
"1967-11-11","31.6976862820712"
"1967-11-12","43.021324248541"
"1967-11-13","55.5323649319735"
"1967-11-14","14.8912735563336"
"1967-11-15","20.3367474172022"
"1967-11-16","23.2976667065641"
"1967-11-17","28.4464174410998"
"1967-11-18","19.5928278567987"
"1967-11-19","13.5346385163146"
"1967-11-20","15.2113220082733"
"1967-11-21","37.5352924066189"
"1967-11-22","32.8635369049006"
"1967-11-23","29.3556122594065"
"1967-11-24","19.2292881837655"
"1967-11-25","19.6176107002027"
"1967-11-26","17.9073392261158"
"1967-11-27","18.000612921529"
"1967-11-28","37.8280224655614"
"1967-11-29","44.870146268374"
"1967-11-30","26.5043127794802"
"1967-12-01","14.8041061157788"
"1967-12-02","18.3589696326813"
"1967-12-03","21.704493109798"
"1967-12-04","19.9071860664335"
"1967-12-05","23.6614980615063"
"1967-12-06","25.4208865723053"
"1967-12-07","31.5530892202864"
"1967-12-08","26.1186723626537"
"1967-12-09","39.3656800092557"
"1967-12-10","46.6567899860861"
"1967-12-11","9.06595168588481"
"1967-12-12","9.04390721610098"
"1967-12-13","10.887901993541"
"1967-12-14","17.5277738137679"
"1967-12-15","22.3329525344816"
"1967-12-16","23.6704343283847"
"1967-12-17","22.859720647077"
"1967-12-18","4.65756119432903"
"1967-12-19","12.5450849925285"
"1967-12-20","17.7824402268315"
"1967-12-21","17.9200662328051"
"1967-12-22","26.7554471895292"
"1967-12-23","26.3454422517256"
"1967-12-24","31.2812588596757"
"1967-12-25","27.627485225727"
"1967-12-26","34.9309474978096"
"1967-12-27","43.0623678397307"
"1967-12-28","24.9646675473168"
"1967-12-29","12.2935737593349"
"1967-12-30","9.33814076672901"
"1967-12-31","10.583130461829"
"1968-01-01","17.3482759504607"
"1968-01-02","23.3774368690722"
"1968-01-03","24.0205296520547"
"1968-01-04","16.7815084147763"
"1968-01-05","32.248583442721"
"1968-01-06","26.4651055150218"
"1968-01-07","53.8215726464342"
"1968-01-08","43.1606347880838"
"1968-01-09","42.76473909023"
"1968-01-10","23.8479291288368"
"1968-01-11","29.963267945624"
"1968-01-12","31.3158504477827"
"1968-01-13","39.7785820816502"
"1968-01-14","38.2207365985557"
"1968-01-15","32.1497212447129"
"1968-01-16","33.2776976085844"
"1968-01-17","39.5222967816638"
"1968-01-18","34.602116415511"
"1968-01-19","25.9945271273196"
"1968-01-20","1.71606844379788"
"1968-01-21","1.52320565638088"
"1968-01-22","9.89640683013123"
"1968-01-23","18.5096896613315"
"1968-01-24","24.1194672027192"
"1968-01-25","17.617384700032"
"1968-01-26","19.7333881204779"
"1968-01-27","24.0064860670081"
"1968-01-28","27.476175931625"
"1968-01-29","41.6934080165186"
"1968-01-30","35.8092236291795"
"1968-01-31","52.6759524820171"
"1968-02-01","23.6540355599804"
"1968-02-02","17.6984479375732"
"1968-02-03","34.6246281165581"
"1968-02-04","28.492951075236"
"1968-02-05","43.7962329005782"
"1968-02-06","34.1780423581342"
"1968-02-07","20.4160945529029"
"1968-02-08","25.2942839618369"
"1968-02-09","23.2831599000212"
"1968-02-10","21.3562774245357"
"1968-02-11","28.3946626795319"
"1968-02-12","35.7134045852727"
"1968-02-13","42.7669200649509"
"1968-02-14","39.2418905315977"
"1968-02-15","28.3734478971143"
"1968-02-16","39.2257048288981"
"1968-02-17","42.9337483856069"
"1968-02-18","57.1366032356824"
"1968-02-19","11.2690401304336"
"1968-02-20","6.22244452398061"
"1968-02-21","15.5121715569393"
"1968-02-22","23.407513383147"
"1968-02-23","31.7573413105754"
"1968-02-24","34.167379222391"
"1968-02-25","43.1056477848069"
"1968-02-26","21.1145955866033"
"1968-02-27","11.2700536963228"
"1968-02-28","12.7314804271186"
"1968-02-29","18.8389395098666"
"1968-03-01","31.7827255942605"
"1968-03-02","12.3720161367804"
"1968-03-03","19.9986124410258"
"1968-03-04","19.0605930972409"
"1968-03-05","16.6381020484033"
"1968-03-06","19.2117719732838"
"1968-03-07","23.6488643043485"
"1968-03-08","20.5553396439656"
"1968-03-09","24.5101167670576"
"1968-03-10","36.3333835601807"
"1968-03-11","20.2212051581511"
"1968-03-12","9.60295568812977"
"1968-03-13","20.4628802336656"
"1968-03-14","15.2813086034932"
"1968-03-15","17.1653875128015"
"1968-03-16","19.0541539171557"
"1968-03-17","36.3734810981916"
"1968-03-18","34.0371560843992"
"1968-03-19","17.3820440015752"
"1968-03-20","34.8605905920912"
"1968-03-21","15.6220857694552"
"1968-03-22","11.7411989649653"
"1968-03-23","3.08938662933581"
"1968-03-24","3.11512894328538"
"1968-03-25","4.92211131822495"
"1968-03-26","6.78268077053549"
"1968-03-27","14.1432119633728"
"1968-03-28","10.3746309548745"
"1968-03-29","14.7470082369718"
"1968-03-30","7.6144375088927"
"1968-03-31","7.47691219141989"
"1968-04-01","5.01395678881443"
"1968-04-02","27.1834890605051"
"1968-04-03","10.7810632728395"
"1968-04-04","12.5761657979065"
"1968-04-05","9.21336907432193"
"1968-04-06","10.9762030968934"
"1968-04-07","12.5100075610272"
"1968-04-08","11.1305859285"
"1968-04-09","10.5500593536344"
"1968-04-10","17.605398343239"
"1968-04-11","25.1224285472523"
"1968-04-12","22.4588695996768"
"1968-04-13","6.13981335864955"
"1968-04-14","9.02875495266605"
"1968-04-15","10.6162879436047"
"1968-04-16","11.7364274020835"
"1968-04-17","9.43542585538063"
"1968-04-18","4.97003428760545"
"1968-04-19","3.79711777565283"
"1968-04-20","3.61179473002752"
"1968-04-21","2.7210436193716"
"1968-04-22","3.50550065005754"
"1968-04-23","4.93545778386005"
"1968-04-24","10.1791674935973"
"1968-04-25","22.9823146052175"
"1968-04-26","6.71726387403744"
"1968-04-27","14.1849532313161"
"1968-04-28","2.62032190984462"
"1968-04-29","0.300796218942125"
"1968-04-30","0.738351054231584"
"1968-05-01","2.97621947617242"
"1968-05-02","2.20368100799523"
"1968-05-03","1.59095914229686"
"1968-05-04","2.54970656535326"
"1968-05-05","3.27986597395563"
"1968-05-06","2.91502820310138"
"1968-05-07","4.23680029132149"
"1968-05-08","5.07924366771401"
"1968-05-09","2.93076073013859"
"1968-05-10","1.62656454954829"
"1968-05-11","2.90542373306307"
"1968-05-12","3.12584474669906"
"1968-05-13","6.40931523568702"
"1968-05-14","5.4451561959791"
"1968-05-15","5.6223409841587"
"1968-05-16","3.38293662525359"
"1968-05-17","2.14207827515932"
"1968-05-18","3.98076673348745"
"1968-05-19","4.93366160047003"
"1968-05-20","2.92797011266023"
"1968-05-21","2.81029946050603"
"1968-05-22","3.56714993405652"
"1968-05-23","3.92830761480125"
"1968-05-24","1.22884211166726"
"1968-05-25","1.44184443309452"
"1968-05-26","0.81584895019988"
"1968-05-27","0.26348782237216"
"1968-05-28","0.579855717912123"
"1968-05-29","0.928589011490087"
"1968-05-30","1.22857861449837"
"1968-05-31","1.98445173143308"
"1968-06-01","1.2384471592062"
"1968-06-02","0.785175235498519"
"1968-06-03","1.44154872119556"
"1968-06-04","1.70061249637501"
"1968-06-05","0.354537796841942"
"1968-06-06","0.451760403005592"
"1968-06-07","0.884179162804957"
"1968-06-08","1.48483264678484"
"1968-06-09","1.22745183394069"
"1968-06-10","1.38596339259313"
"1968-06-11","1.96150381714751"
"1968-06-12","2.03410228686931"
"1968-06-13","2.34360536894241"
"1968-06-14","1.92052947287952"
"1968-06-15","0.595351211887933"
"1968-06-16","1.10819168872647"
"1968-06-17","1.58542361120125"
"1968-06-18","1.5051353635726"
"1968-06-19","2.06089781450503"
"1968-06-20","0.977280716488372"
"1968-06-21","0.826001459127897"
"1968-06-22","1.99957880958334"
"1968-06-23","2.55953598693336"
"1968-06-24","1.97364126216798"
"1968-06-25","1.85055193627552"
"1968-06-26","1.31734959658606"
"1968-06-27","1.55561329121197"
"1968-06-28","1.9750274899718"
"1968-06-29","1.83743469797688"
"1968-06-30","2.11809453716526"
"1968-07-01","1.88929136645742"
"1968-07-02","1.39327849428375"
"1968-07-03","0.46234377421987"
"1968-07-04","0.569308738865249"
"1968-07-05","0.945005269729214"
"1968-07-06","0.87965969476865"
"1968-07-07","1.09351408300978"
"1968-07-08","2.13661604835874"
"1968-07-09","1.35518273001625"
"1968-07-10","0.979970837568308"
"1968-07-11","0.866058863860704"
"1968-07-12","2.68623994077955"
"1968-07-13","2.01450438597502"
"1968-07-14","2.0932730157654"
"1968-07-15","2.12683017584153"
"1968-07-16","1.45440520533236"
"1968-07-17","0.814856711662177"
"1968-07-18","1.72669980665306"
"1968-07-19","1.5904988527814"
"1968-07-20","1.62058690306428"
"1968-07-21","1.32555838167925"
"1968-07-22","2.89144641289979"
"1968-07-23","2.24512581959431"
"1968-07-24","1.69522422887546"
"1968-07-25","2.11898509042088"
"1968-07-26","1.74813303235289"
"1968-07-27","3.66146991108403"
"1968-07-28","0.601964268043186"
"1968-07-29","1.499970847007"
"1968-07-30","4.2586660467701"
"1968-07-31","1.79842066990607"
"1968-08-01","1.67053896472568"
"1968-08-02","2.22199020396063"
"1968-08-03","5.13257717002522"
"1968-08-04","3.13445810528545"
"1968-08-05","3.49034297698504"
"1968-08-06","3.07154065602786"
"1968-08-07","1.10896503435069"
"1968-08-08","0.396782927553762"
"1968-08-09","0.491992885867755"
"1968-08-10","1.16818737835337"
"1968-08-11","1.53472877774404"
"1968-08-12","1.41611127742441"
"1968-08-13","2.43572768581894"
"1968-08-14","1.84720662042692"
"1968-08-15","3.49528357992957"
"1968-08-16","1.7612129599501"
"1968-08-17","3.40744456739137"
"1968-08-18","6.48874015828748"
"1968-08-19","2.17920893920964"
"1968-08-20","1.82233902850708"
"1968-08-21","3.44464842581646"
"1968-08-22","1.99915788906477"
"1968-08-23","5.53990199865201"
"1968-08-24","2.44009149461598"
"1968-08-25","0.681013224154582"
"1968-08-26","1.48205664160448"
"1968-08-27","7.27073223353464"
"1968-08-28","2.16664323725161"
"1968-08-29","3.00497907638808"
"1968-08-30","2.03894806579078"
"1968-08-31","2.34107361843576"
"1968-09-01","3.47312050773984"
"1968-09-02","3.24121631998004"
"1968-09-03","3.32494504472394"
"1968-09-04","3.77511357280599"
"1968-09-05","3.43146586263335"
"1968-09-06","4.85901870149555"
"1968-09-07","2.39339349951063"
"1968-09-08","3.08992030713465"
"1968-09-09","2.21861443736336"
"1968-09-10","2.18009797448204"
"1968-09-11","11.4041981346163"
"1968-09-12","4.31039815031605"
"1968-09-13","3.80303917147896"
"1968-09-14","3.46415762725847"
"1968-09-15","4.47187835261935"
"1968-09-16","4.17004305562932"
"1968-09-17","3.41543369324176"
"1968-09-18","4.01516859046308"
"1968-09-19","14.6222609214452"
"1968-09-20","5.4259796508979"
"1968-09-21","2.61978620626194"
"1968-09-22","4.60365025563674"
"1968-09-23","7.98372189823167"
"1968-09-24","4.62515788135074"
"1968-09-25","3.4315133770823"
"1968-09-26","2.83352010564887"
"1968-09-27","4.19103381437657"
"1968-09-28","15.5142988353581"
"1968-09-29","4.40779415147129"
"1968-09-30","2.91690288980802"
"1968-10-01","0.884874190183687"
"1968-10-02","2.06767657734615"
"1968-10-03","2.56502338134365"
"1968-10-04","1.42710971109795"
"1968-10-05","11.8358745285959"
"1968-10-06","1.64999089922224"
"1968-10-07","0.469128636441706"
"1968-10-08","1.73798893437241"
"1968-10-09","2.23621042363055"
"1968-10-10","3.00192045133351"
"1968-10-11","3.40692826886198"
"1968-10-12","3.2825758126907"
"1968-10-13","3.66009575670416"
"1968-10-14","6.11241375625908"
"1968-10-15","6.96249474281873"
"1968-10-16","14.6080823460699"
"1968-10-17","10.0794583791262"
"1968-10-18","4.6068861649666"
"1968-10-19","8.64330412711932"
"1968-10-20","10.3367154753053"
"1968-10-21","11.3789841416594"
"1968-10-22","7.24147487305976"
"1968-10-23","6.18505123064115"
"1968-10-24","4.81327687610279"
"1968-10-25","2.08146051030396"
"1968-10-26","2.01215015184054"
"1968-10-27","15.2423465220959"
"1968-10-28","5.5712105593124"
"1968-10-29","6.1801073623426"
"1968-10-30","7.50510465015065"
"1968-10-31","13.1010241302061"
"1968-11-01","8.36046130110175"
"1968-11-02","7.91719709020672"
"1968-11-03","7.15756860646335"
"1968-11-04","9.25973751018574"
"1968-11-05","5.34037091154041"
"1968-11-06","1.48374686309528"
"1968-11-07","2.63485523490679"
"1968-11-08","4.33356351305396"
"1968-11-09","5.13195919526088"
"1968-11-10","16.5276031948271"
"1968-11-11","5.4011337958373"
"1968-11-12","8.26557163449077"
"1968-11-13","23.1444596624994"
"1968-11-14","7.77716373287754"
"1968-11-15","12.1157052021522"
"1968-11-16","12.0455875314159"
"1968-11-17","24.0429048455639"
"1968-11-18","8.71413611952877"
"1968-11-19","7.07117814728708"
"1968-11-20","15.6270345155295"
"1968-11-21","7.6775285557751"
"1968-11-22","13.762072577621"
"1968-11-23","7.88940913439829"
"1968-11-24","8.4338586412983"
"1968-11-25","9.33918852052647"
"1968-11-26","11.4990947576828"
"1968-11-27","29.4897156463557"
"1968-11-28","11.1584216000198"
"1968-11-29","10.1306414862216"
"1968-11-30","9.90501417535724"
"1968-12-01","10.1262963230992"
"1968-12-02","3.50776504180132"
"1968-12-03","8.25165259476864"
"1968-12-04","12.0168366989532"
"1968-12-05","11.0849792307073"
"1968-12-06","12.1430116835095"
"1968-12-07","15.3367957160586"
"1968-12-08","18.8383365317341"
"1968-12-09","28.1387540189735"
"1968-12-10","13.30912017203"
"1968-12-11","20.1295762124"
"1968-12-12","34.7095762806021"
"1968-12-13","32.8395888753784"
"1968-12-14","34.3816733422217"
"1968-12-15","19.2695950140685"
"1968-12-16","1.76801004967132"
"1968-12-17","7.10202526426935"
"1968-12-18","12.3980185479829"
"1968-12-19","20.1870754167631"
"1968-12-20","16.4065733410063"
"1968-12-21","17.1577039776426"
"1968-12-22","25.6287881801655"
"1968-12-23","11.7366675215882"
"1968-12-24","7.41249345907401"
"1968-12-25","7.82817520826926"
"1968-12-26","8.98304298223355"
"1968-12-27","12.3215002476911"
"1968-12-28","17.1470278000935"
"1968-12-29","17.3818358673162"
"1968-12-30","23.6463223391281"
"1968-12-31","25.3805542983018"
"1969-01-01","21.1022314963403"
"1969-01-02","17.5426789197055"
"1969-01-03","15.7430190668478"
"1969-01-04","16.8807086160173"
"1969-01-05","18.1288254663542"
"1969-01-06","13.7831192573944"
"1969-01-07","38.5360123275162"
"1969-01-08","74.5092256224001"
"1969-01-09","21.9564786514679"
"1969-01-10","29.6797988941143"
"1969-01-11","34.9859770159701"
"1969-01-12","23.3247781976477"
"1969-01-13","23.9651492436727"
"1969-01-14","17.4342065827671"
"1969-01-15","19.3144831595483"
"1969-01-16","33.4459794032109"
"1969-01-17","56.7608665532364"
"1969-01-18","24.6649546602588"
"1969-01-19","16.0707584170552"
"1969-01-20","31.8159092329281"
"1969-01-21","32.5191598372026"
"1969-01-22","36.6256650041192"
"1969-01-23","32.5945858976026"
"1969-01-24","36.4814318289488"
"1969-01-25","22.6403359768195"
"1969-01-26","10.9982942569823"
"1969-01-27","25.7373602607033"
"1969-01-28","28.6861164497607"
"1969-01-29","24.3303910168734"
"1969-01-30","34.3706657607834"
"1969-01-31","53.9743584967279"
"1969-02-01","14.3931142055627"
"1969-02-02","12.4907866060992"
"1969-02-03","18.6368185885541"
"1969-02-04","28.5595260512777"
"1969-02-05","18.1857754389445"
"1969-02-06","26.5200673553335"
"1969-02-07","22.1715013578341"
"1969-02-08","12.933240801741"
"1969-02-09","2.2773179437691"
"1969-02-10","0.597657392325597"
"1969-02-11","2.32507813376782"
"1969-02-12","7.50935083911532"
"1969-02-13","7.18199985161488"
"1969-02-14","3.98919100807859"
"1969-02-15","16.0277859535052"
"1969-02-16","14.9342126165118"
"1969-02-17","18.3291567187289"
"1969-02-18","19.7106731010206"
"1969-02-19","25.5790450067231"
"1969-02-20","32.1033719298127"
"1969-02-21","20.0106248422102"
"1969-02-22","1.60924638607801"
"1969-02-23","5.88095162647627"
"1969-02-24","10.1919169240184"
"1969-02-25","15.6123405163422"
"1969-02-26","13.3620364676306"
"1969-02-27","12.2913898162512"
"1969-02-28","17.0639200272498"
"1969-03-01","17.1767416206789"
"1969-03-02","22.1928985769098"
"1969-03-03","34.825285866147"
"1969-03-04","19.5895450848006"
"1969-03-05","12.1609496389117"
"1969-03-06","15.9354248521648"
"1969-03-07","19.417066280976"
"1969-03-08","29.5154243444468"
"1969-03-09","33.4169693901425"
"1969-03-10","22.6937551126852"
"1969-03-11","16.9046244352927"
"1969-03-12","5.22970666320293"
"1969-03-13","3.12338203475589"
"1969-03-14","4.76063071597706"
"1969-03-15","10.0915204271094"
"1969-03-16","9.655998252687"
"1969-03-17","5.2490275288041"
"1969-03-18","3.96651354806248"
"1969-03-19","7.34056952711824"
"1969-03-20","18.3441327454208"
"1969-03-21","15.311212370406"
"1969-03-22","13.9914294280015"
"1969-03-23","11.6470057871435"
"1969-03-24","0.310429657716707"
"1969-03-25","1.3802176395278"
"1969-03-26","3.02261956584402"
"1969-03-27","3.90293116332133"
"1969-03-28","4.82875846861761"
"1969-03-29","6.11254843385705"
"1969-03-30","7.39404786974837"
"1969-03-31","5.008246807825"
"1969-04-01","7.80619207243899"
"1969-04-02","9.10127421942624"
"1969-04-03","7.811931238546"
"1969-04-04","12.1892828507857"
"1969-04-05","4.36681304813979"
"1969-04-06","6.97741644929498"
"1969-04-07","13.5295037067298"
"1969-04-08","28.4095636384312"
"1969-04-09","36.5367410668047"
"1969-04-10","37.141533541989"
"1969-04-11","13.8368103514502"
"1969-04-12","6.08455590045813"
"1969-04-13","5.55373998431416"
"1969-04-14","11.6918828064229"
"1969-04-15","4.63412805191882"
"1969-04-16","6.91067803009248"
"1969-04-17","6.57169479828376"
"1969-04-18","3.12386158740882"
"1969-04-19","3.13179813060926"
"1969-04-20","3.1964703878283"
"1969-04-21","6.98242699377465"
"1969-04-22","6.17144791543226"
"1969-04-23","6.45449115084363"
"1969-04-24","8.25466187691792"
"1969-04-25","9.11749534379868"
"1969-04-26","11.7588622177834"
"1969-04-27","5.11998571100689"
"1969-04-28","6.35304640897941"
"1969-04-29","7.88018213102828"
"1969-04-30","5.6236214715165"
"1969-05-01","6.00271652219615"
"1969-05-02","5.36712040116777"
"1969-05-03","6.19173171974364"
"1969-05-04","6.34848159732241"
"1969-05-05","7.10368510551783"
"1969-05-06","8.63560912929056"
"1969-05-07","7.50701601371105"
"1969-05-08","9.8408038378794"
"1969-05-09","14.9433793072061"
"1969-05-10","18.5800312029851"
"1969-05-11","5.56039101633675"
"1969-05-12","2.13950134639616"
"1969-05-13","0.728402912003911"
"1969-05-14","2.13994247611467"
"1969-05-15","3.11369255043211"
"1969-05-16","2.37988239152607"
"1969-05-17","3.08116450763884"
"1969-05-18","3.07504654678947"
"1969-05-19","3.52311207928183"
"1969-05-20","0.656451185866868"
"1969-05-21","1.19424423156105"
"1969-05-22","1.69089916516176"
"1969-05-23","2.39556983203599"
"1969-05-24","4.11216122402257"
"1969-05-25","3.71952471278963"
"1969-05-26","3.06495076288909"
"1969-05-27","4.41380542078059"
"1969-05-28","3.58279824334306"
"1969-05-29","1.9753271091036"
"1969-05-30","6.3533795953313"
"1969-05-31","3.37837346756097"
"1969-06-01","4.36705323782834"
"1969-06-02","3.58381668287954"
"1969-06-03","4.54015333002264"
"1969-06-04","3.07642554875576"
"1969-06-05","3.62997521053661"
"1969-06-06","5.19929692342684"
"1969-06-07","3.50360454109324"
"1969-06-08","10.7946079799107"
"1969-06-09","3.40841412647462"
"1969-06-10","2.10019004938406"
"1969-06-11","3.30237191476863"
"1969-06-12","4.06449245787286"
"1969-06-13","3.19159716496736"
"1969-06-14","3.02998664188179"
"1969-06-15","4.37410713790299"
"1969-06-16","4.48235148578495"
"1969-06-17","3.53199940532833"
"1969-06-18","0.856089961219144"
"1969-06-19","1.55109008798352"
"1969-06-20","2.55376608624603"
"1969-06-21","2.55366592851036"
"1969-06-22","1.88001987789616"
"1969-06-23","2.69842894484986"
"1969-06-24","2.69860090554019"
"1969-06-25","4.38866817589962"
"1969-06-26","3.13669078097199"
"1969-06-27","3.8822036186854"
"1969-06-28","4.00515258002591"
"1969-06-29","6.45019026236101"
"1969-06-30","1.83334948580502"
"1969-07-01","4.05232159864335"
"1969-07-02","3.32630140079564"
"1969-07-03","4.32853176789882"
"1969-07-04","1.08913370837897"
"1969-07-05","0.465919090072056"
"1969-07-06","1.12220696692085"
"1969-07-07","2.61928472709862"
"1969-07-08","1.57261628493086"
"1969-07-09","2.69368697606124"
"1969-07-10","3.18536565288321"
"1969-07-11","4.63440261929582"
"1969-07-12","0.725799411519136"
"1969-07-13","1.16484269793286"
"1969-07-14","1.54366868611796"
"1969-07-15","3.2925770889113"
"1969-07-16","3.12583949774891"
"1969-07-17","2.74337722419144"
"1969-07-18","2.56257953452858"
"1969-07-19","2.97280818559391"
"1969-07-20","2.27828095795272"
"1969-07-21","2.51687848219624"
"1969-07-22","2.63367708911111"
"1969-07-23","2.11652457868898"
"1969-07-24","2.53928904719167"
"1969-07-25","2.14778683879675"
"1969-07-26","2.40775262483787"
"1969-07-27","5.61457949386531"
"1969-07-28","3.08868761289687"
"1969-07-29","1.84814385598872"
"1969-07-30","1.73480664664533"
"1969-07-31","2.38879224619308"
"1969-08-01","4.2100677567643"
"1969-08-02","6.91836543413468"
"1969-08-03","3.32729310326246"
"1969-08-04","2.22180983817681"
"1969-08-05","4.37367338329167"
"1969-08-06","8.55579479896661"
"1969-08-07","4.33317186615684"
"1969-08-08","4.15916973300827"
"1969-08-09","2.00501487833081"
"1969-08-10","2.9101355235814"
"1969-08-11","4.98765382260987"
"1969-08-12","5.44421369895274"
"1969-08-13","3.85535364646416"
"1969-08-14","4.71975545759325"
"1969-08-15","3.22963117056595"
"1969-08-16","2.32719778524333"
"1969-08-17","2.07757374902308"
"1969-08-18","3.11262312466964"
"1969-08-19","3.23252547612954"
"1969-08-20","3.25954464503697"
"1969-08-21","3.22431242724002"
"1969-08-22","4.52249303369811"
"1969-08-23","4.88949246582015"
"1969-08-24","5.55455917507023"
"1969-08-25","5.58332170913746"
"1969-08-26","4.34305510789285"
"1969-08-27","0.821817978377982"
"1969-08-28","0.247750215554908"
"1969-08-29","0.335157027460022"
"1969-08-30","1.41610502312968"
"1969-08-31","1.78576131197281"
"1969-09-01","2.17702837036802"
"1969-09-02","1.64443174997966"
"1969-09-03","0.695067895697309"
"1969-09-04","1.47716451581422"
"1969-09-05","2.03017263017692"
"1969-09-06","4.20949948298467"
"1969-09-07","2.61065084206593"
"1969-09-08","2.11025194423797"
"1969-09-09","3.23717825159882"
"1969-09-10","4.26942374644341"
"1969-09-11","2.04818842976124"
"1969-09-12","1.79678171608613"
"1969-09-13","0.971670370984387"
"1969-09-14","4.13171683167998"
"1969-09-15","2.28985000404961"
"1969-09-16","2.34727024748212"
"1969-09-17","2.64292660471681"
"1969-09-18","2.05766742802286"
"1969-09-19","2.45393028377971"
"1969-09-20","3.76408709127666"
"1969-09-21","1.97854037460311"
"1969-09-22","1.96796642289017"
"1969-09-23","3.81129570569827"
"1969-09-24","2.85981352440207"
"1969-09-25","2.44225551271851"
"1969-09-26","3.00943027636706"
"1969-09-27","6.80655487378438"
"1969-09-28","5.03770252997741"
"1969-09-29","4.66758952202735"
"1969-09-30","4.58027008498386"
"1969-10-01","5.89379140721771"
"1969-10-02","6.8358202744356"
"1969-10-03","10.8689121683955"
"1969-10-04","6.7374940259116"
"1969-10-05","5.25552063586908"
"1969-10-06","8.59436639975676"
"1969-10-07","4.69041452005312"
"1969-10-08","3.77195193757226"
"1969-10-09","5.88316312290373"
"1969-10-10","3.39569810923044"
"1969-10-11","5.13091042960361"
"1969-10-12","6.96983952026863"
"1969-10-13","8.82712297109298"
"1969-10-14","6.77315615420734"
"1969-10-15","10.4300538574978"
"1969-10-16","8.17916805609996"
"1969-10-17","10.583831361878"
"1969-10-18","7.84020856242159"
"1969-10-19","10.7461873566433"
"1969-10-20","11.8751122961829"
"1969-10-21","9.89866541680836"
"1969-10-22","6.52451436757009"
"1969-10-23","12.1985112248045"
"1969-10-24","13.3378901977044"
"1969-10-25","26.0933009019662"
"1969-10-26","9.77605353186141"
"1969-10-27","8.76518081380175"
"1969-10-28","2.67016612709343"
"1969-10-29","2.6040888336604"
"1969-10-30","3.40334363688122"
"1969-10-31","4.12817317015165"
"1969-11-01","3.88400240997215"
"1969-11-02","4.12398007718516"
"1969-11-03","9.31864937662562"
"1969-11-04","15.831375845583"
"1969-11-05","1.66540875372949"
"1969-11-06","3.13619817761116"
"1969-11-07","3.44704790187604"
"1969-11-08","8.4727875856094"
"1969-11-09","6.28672984513369"
"1969-11-10","9.2836662969548"
"1969-11-11","13.5691381925112"
"1969-11-12","12.7785920374321"
"1969-11-13","13.6271184822182"
"1969-11-14","7.68896160084448"
"1969-11-15","3.81387639200533"
"1969-11-16","9.54527605508829"
"1969-11-17","9.11487499769632"
"1969-11-18","4.73386046999977"
"1969-11-19","4.95606452097624"
"1969-11-20","8.28908700344366"
"1969-11-21","11.5474478713362"
"1969-11-22","16.5896213704889"
"1969-11-23","35.6721394443925"
"1969-11-24","13.0556762765496"
"1969-11-25","12.779535929362"
"1969-11-26","12.0648957702505"
"1969-11-27","9.90208697731877"
"1969-11-28","9.53041286179514"
"1969-11-29","8.92651629963995"
"1969-11-30","17.2888960033268"
"1969-12-01","3.29242906064698"
"1969-12-02","1.47733608533294"
"1969-12-03","2.01388416107083"
"1969-12-04","5.0310371355577"
"1969-12-05","6.42139280306828"
"1969-12-06","7.31067797941563"
"1969-12-07","4.27163953646953"
"1969-12-08","7.55152143338026"
"1969-12-09","15.6493740886837"
"1969-12-10","10.8274907756161"
"1969-12-11","24.704747790382"
"1969-12-12","7.97844650838282"
"1969-12-13","8.02166363687226"
"1969-12-14","10.2744619650242"
"1969-12-15","11.0190937570679"
"1969-12-16","21.6157501270245"
"1969-12-17","22.5436433982023"
"1969-12-18","25.219148615222"
"1969-12-19","11.1740611848377"
"1969-12-20","20.7993087974978"
"1969-12-21","20.0566363148875"
"1969-12-22","17.66559348994"
"1969-12-23","10.1282509198953"
"1969-12-24","7.68677887101194"
"1969-12-25","11.7370157799163"
"1969-12-26","19.7972478577585"
"1969-12-27","36.4335047734248"
"1969-12-28","33.6210301304276"
"1969-12-29","22.2287676509841"
"1969-12-30","13.8993933314369"
"1969-12-31","9.59471063386826"
"1970-01-01","15.8891435123625"
"1970-01-02","1.21606991714213"
"1970-01-03","1.22762669127805"
"1970-01-04","2.4188522991938"
"1970-01-05","2.43706617172146"
"1970-01-06","7.68740829580274"
"1970-01-07","13.0728939725207"
"1970-01-08","13.6111753926133"
"1970-01-09","10.4076503190127"
"1970-01-10","5.45298707020747"
"1970-01-11","12.1745098235803"
"1970-01-12","10.8901872454268"
"1970-01-13","13.3425019551149"
"1970-01-14","12.0195047989552"
"1970-01-15","21.6207440240043"
"1970-01-16","18.0378010799358"
"1970-01-17","13.1845424350722"
"1970-01-18","15.769871711731"
"1970-01-19","16.124731226917"
"1970-01-20","15.5766714723595"
"1970-01-21","19.0796056516243"
"1970-01-22","19.6425148357045"
"1970-01-23","23.2040764077917"
"1970-01-24","17.0005187018093"
"1970-01-25","19.0132401825546"
"1970-01-26","17.0101403921714"
"1970-01-27","23.3214864895973"
"1970-01-28","27.4835962237734"
"1970-01-29","30.2891791620296"
"1970-01-30","35.9868627771155"
"1970-01-31","27.2957349958874"
"1970-02-01","24.408025910844"
"1970-02-02","25.4679837536502"
"1970-02-03","28.8859751110985"
"1970-02-04","47.2377164766386"
"1970-02-05","42.6833017440069"
"1970-02-06","37.8510989399699"
"1970-02-07","29.2260320176294"
"1970-02-08","34.1663110988997"
"1970-02-09","41.7269858488273"
"1970-02-10","17.1063170866533"
"1970-02-11","22.6926072066997"
"1970-02-12","17.1708694391952"
"1970-02-13","22.2217057587264"
"1970-02-14","26.6700573462945"
"1970-02-15","19.0586639296957"
"1970-02-16","20.3639046970384"
"1970-02-17","12.8160583116275"
"1970-02-18","14.3913304919288"
"1970-02-19","17.6386090315782"
"1970-02-20","13.4169236963445"
"1970-02-21","11.2132103763101"
"1970-02-22","19.6479721977597"
"1970-02-23","19.245844836875"
"1970-02-24","21.5771507205385"
"1970-02-25","27.1636462190967"
"1970-02-26","18.8699803620706"
"1970-02-27","22.8977165882722"
"1970-02-28","31.3149238768078"
"1970-03-01","27.6442905112262"
"1970-03-02","23.0274806125856"
"1970-03-03","26.7739666364926"
"1970-03-04","28.8001121339344"
"1970-03-05","3.77967753090384"
"1970-03-06","9.8661749393909"
"1970-03-07","15.476288919325"
"1970-03-08","20.3782714992375"
"1970-03-09","13.2092044983075"
"1970-03-10","21.2512482316979"
"1970-03-11","12.8670905926527"
"1970-03-12","9.31872010127807"
"1970-03-13","10.729476875041"
"1970-03-14","24.2541310818164"
"1970-03-15","18.4152567520802"
"1970-03-16","9.77686189263414"
"1970-03-17","15.5625141895179"
"1970-03-18","21.7169694033536"
"1970-03-19","9.82791901873304"
"1970-03-20","6.78989103629992"
"1970-03-21","0.531156611519975"
"1970-03-22","2.28511757458443"
"1970-03-23","3.40364289361161"
"1970-03-24","7.07830364157111"
"1970-03-25","12.4767542256937"
"1970-03-26","16.0569622444384"
"1970-03-27","9.76349730718703"
"1970-03-28","3.62945330452609"
"1970-03-29","7.35539222795726"
"1970-03-30","9.86567509638799"
"1970-03-31","9.40037373134068"
"1970-04-01","14.6442509358063"
"1970-04-02","3.13178996657912"
"1970-04-03","7.97839871216646"
"1970-04-04","6.91148025236089"
"1970-04-05","6.37972208535"
"1970-04-06","9.2455318273404"
"1970-04-07","4.56437354222005"
"1970-04-08","12.1923825771778"
"1970-04-09","5.53606670862669"
"1970-04-10","5.50300334955191"
"1970-04-11","5.53520408285645"
"1970-04-12","8.12217787591926"
"1970-04-13","7.55626677228259"
"1970-04-14","10.5771414882693"
"1970-04-15","9.63169230423964"
"1970-04-16","15.1745105945703"
"1970-04-17","26.4261493930569"
"1970-04-18","24.2204634431121"
"1970-04-19","2.15172515158013"
"1970-04-20","6.0610582302143"
"1970-04-21","7.33193669690714"
"1970-04-22","0.220959353772722"
"1970-04-23","1.59184748347187"
"1970-04-24","2.3443090593144"
"1970-04-25","2.55662257872619"
"1970-04-26","2.89298130139644"
"1970-04-27","2.2098462998996"
"1970-04-28","0.835044630146001"
"1970-04-29","0.963403729552572"
"1970-04-30","3.21005260118674"
"1970-05-01","5.14656909771296"
"1970-05-02","1.82905777746981"
"1970-05-03","1.87780351943268"
"1970-05-04","1.81376231129551"
"1970-05-05","2.64846939403257"
"1970-05-06","2.64891514749754"
"1970-05-07","3.27972141927455"
"1970-05-08","3.3044703801473"
"1970-05-09","5.19750962370918"
"1970-05-10","3.33769565330439"
"1970-05-11","2.06970452668863"
"1970-05-12","4.09660720825195"
"1970-05-13","5.51676134010414"
"1970-05-14","2.33507293140217"
"1970-05-15","6.74027882716356"
"1970-05-16","3.75450911782521"
"1970-05-17","3.31807831168433"
"1970-05-18","3.65035997079564"
"1970-05-19","2.87478125288889"
"1970-05-20","4.94229874466405"
"1970-05-21","2.71755048284283"
"1970-05-22","2.1218236620292"
"1970-05-23","2.02395622425781"
"1970-05-24","1.52279182197728"
"1970-05-25","2.40922863839509"
"1970-05-26","3.19006749897292"
"1970-05-27","2.50440371888024"
"1970-05-28","2.89486949165146"
"1970-05-29","2.64464361172218"
"1970-05-30","4.59950341445543"
"1970-05-31","2.82030733761849"
"1970-06-01","2.79286063233495"
"1970-06-02","2.26142858117174"
"1970-06-03","1.46986099432557"
"1970-06-04","3.65636401620262"
"1970-06-05","3.37604330112408"
"1970-06-06","2.264928943151"
"1970-06-07","2.84118619522491"
"1970-06-08","2.93372913717708"
"1970-06-09","5.59241941687349"
"1970-06-10","0.933090959115204"
"1970-06-11","2.13988960821391"
"1970-06-12","1.26424359230252"
"1970-06-13","2.05131759555825"
"1970-06-14","2.88104179695055"
"1970-06-15","2.17800959567358"
"1970-06-16","0.973823779508536"
"1970-06-17","1.54419765724635"
"1970-06-18","2.61529491757934"
"1970-06-19","1.34163474314141"
"1970-06-20","2.11188978227702"
"1970-06-21","1.98646910688578"
"1970-06-22","1.4074831043745"
"1970-06-23","2.5294307168428"
"1970-06-24","3.07984431068619"
"1970-06-25","5.36693289321222"
"1970-06-26","2.16542627285053"
"1970-06-27","3.42746559959469"
"1970-06-28","4.4823397568294"
"1970-06-29","2.25370901565015"
"1970-06-30","5.12925335855195"
"1970-07-01","4.40120664677579"
"1970-07-02","3.94029045930673"
"1970-07-03","4.46459415825931"
"1970-07-04","1.81946404336335"
"1970-07-05","2.88729239671261"
"1970-07-06","1.594273767172"
"1970-07-07","6.6087997935035"
"1970-07-08","3.96738963106494"
"1970-07-09","3.66522661561058"
"1970-07-10","2.98606262901129"
"1970-07-11","2.87290593943039"
"1970-07-12","2.67634721313204"
"1970-07-13","2.93881690115124"
"1970-07-14","3.73221177146548"
"1970-07-15","4.30992407871015"
"1970-07-16","3.26983648977238"
"1970-07-17","4.12809085949159"
"1970-07-18","2.17425888118806"
"1970-07-19","2.65714276559425"
"1970-07-20","2.13019686627698"
"1970-07-21","5.01915417605148"
"1970-07-22","2.97005579610924"
"1970-07-23","3.94800833706216"
"1970-07-24","9.04101602546064"
"1970-07-25","5.01033012485091"
"1970-07-26","3.03101596532962"
"1970-07-27","2.34482856875374"
"1970-07-28","4.1955041095808"
"1970-07-29","5.11813449498379"
"1970-07-30","6.81734455405892"
"1970-07-31","4.27890315509978"
"1970-08-01","3.53350674899626"
"1970-08-02","2.35644741388626"
"1970-08-03","2.61099758215281"
"1970-08-04","3.21316453337153"
"1970-08-05","5.08327295924678"
"1970-08-06","5.32670864630571"
"1970-08-07","3.11231989597345"
"1970-08-08","5.276533054583"
"1970-08-09","11.1504475502741"
"1970-08-10","2.43047193195913"
"1970-08-11","4.39110601825632"
"1970-08-12","5.40150745503314"
"1970-08-13","4.33486010914757"
"1970-08-14","2.16710544767834"
"1970-08-15","3.16374233171537"
"1970-08-16","3.12316448205993"
"1970-08-17","4.34201530705799"
"1970-08-18","5.4232328531546"
"1970-08-19","3.75866963182177"
"1970-08-20","7.03656809773796"
"1970-08-21","9.45340538747383"
"1970-08-22","1.47480663631386"
"1970-08-23","3.50498455246806"
"1970-08-24","3.49369368950526"
"1970-08-25","4.32078344481332"
"1970-08-26","4.80016738563389"
"1970-08-27","1.27388644947376"
"1970-08-28","2.10904617897876"
"1970-08-29","3.47067161930072"
"1970-08-30","2.8924872770712"
"1970-08-31","2.37426480183225"
"1970-09-01","2.78062758585075"
"1970-09-02","4.59520281290079"
"1970-09-03","9.15169784104153"
"1970-09-04","4.69961631401277"
"1970-09-05","5.36512034047734"
"1970-09-06","3.53820124513659"
"1970-09-07","5.32293201318551"
"1970-09-08","8.66866007305327"
"1970-09-09","5.42798450756899"
"1970-09-10","3.09679088009384"
"1970-09-11","2.62781947309321"
"1970-09-12","2.88862025531339"
"1970-09-13","2.84738858979502"
"1970-09-14","7.81669358773665"
"1970-09-15","2.2763193245832"
"1970-09-16","2.66834906530587"
"1970-09-17","4.73183038172784"
"1970-09-18","5.12081272777541"
"1970-09-19","4.96924178682881"
"1970-09-20","4.60609763628477"
"1970-09-21","1.80830904415676"
"1970-09-22","0.579795565891576"
"1970-09-23","1.20734449279257"
"1970-09-24","3.17051427782356"
"1970-09-25","3.60982251218903"
"1970-09-26","3.60753460105879"
"1970-09-27","1.85659396983844"
"1970-09-28","2.37325561485249"
"1970-09-29","4.18891814467195"
"1970-09-30","4.98141393052551"
"1970-10-01","3.90420649061987"
"1970-10-02","5.49714814945733"
"1970-10-03","4.92820238963866"
"1970-10-04","12.1310363951184"
"1970-10-05","11.7159286577464"
"1970-10-06","7.72006984912988"
"1970-10-07","6.97569494020371"
"1970-10-08","4.73082997582175"
"1970-10-09","5.08184097649215"
"1970-10-10","8.71073817381095"
"1970-10-11","9.87518921765414"
"1970-10-12","6.85651017783524"
"1970-10-13","8.19541382892823"
"1970-10-14","8.76332467975038"
"1970-10-15","9.38678105156143"
"1970-10-16","11.1383114686776"
"1970-10-17","7.47049632939425"
"1970-10-18","7.00577774398771"
"1970-10-19","1.71548730702627"
"1970-10-20","3.83704851948338"
"1970-10-21","4.79932981600493"
"1970-10-22","8.40738214042796"
"1970-10-23","4.83422888667036"
"1970-10-24","6.83793319664992"
"1970-10-25","6.68408986087485"
"1970-10-26","9.26072687091249"
"1970-10-27","18.1971114971937"
"1970-10-28","14.9663919143346"
"1970-10-29","7.84590557230499"
"1970-10-30","6.5721570134679"
"1970-10-31","4.22359560268782"
"1970-11-01","9.42044017222021"
"1970-11-02","8.75391220840025"
"1970-11-03","15.3066410254606"
"1970-11-04","19.1841053157658"
"1970-11-05","4.69078574345741"
"1970-11-06","10.6703674411361"
"1970-11-07","10.8649933059494"
"1970-11-08","8.36663182163651"
"1970-11-09","15.5588504287588"
"1970-11-10","6.03773605359065"
"1970-11-11","1.10129777264672"
"1970-11-12","0.544991903200552"
"1970-11-13","3.06020620762012"
"1970-11-14","3.76695503507342"
"1970-11-15","1.11235166434602"
"1970-11-16","2.52004403330676"
"1970-11-17","4.63451541540943"
"1970-11-18","5.24970375562643"
"1970-11-19","7.90264164317738"
"1970-11-20","11.4511062510602"
"1970-11-21","10.3714515110115"
"1970-11-22","16.2986487599162"
"1970-11-23","14.0882023092988"
"1970-11-24","7.12952939875714"
"1970-11-25","5.83965963718695"
"1970-11-26","9.44988090754587"
"1970-11-27","20.6800989464764"
"1970-11-28","11.5434823676105"
"1970-11-29","16.8013563424478"
"1970-11-30","18.5836450362102"
"1970-12-01","13.7653347898871"
"1970-12-02","22.478741592143"
"1970-12-03","32.255669647481"
"1970-12-04","6.80375948612824"
"1970-12-05","8.03728956951723"
"1970-12-06","11.4213230078355"
"1970-12-07","17.2957137126427"
"1970-12-08","13.4556002173073"
"1970-12-09","16.337504424058"
"1970-12-10","3.43981817764637"
"1970-12-11","10.3741073835464"
"1970-12-12","16.0847777752649"
"1970-12-13","16.9782691538592"
"1970-12-14","14.9975548698789"
"1970-12-15","15.9391173222364"
"1970-12-16","24.9611566427982"
"1970-12-17","46.586696195396"
"1970-12-18","25.6980228217649"
"1970-12-19","19.460931212355"
"1970-12-20","26.8521900053148"
"1970-12-21","21.6732511272678"
"1970-12-22","30.0220203482227"
"1970-12-23","15.4260911735105"
"1970-12-24","16.4209723307457"
"1970-12-25","23.8530679058719"
"1970-12-26","26.1118579014039"
"1970-12-27","14.0321169209171"
"1970-12-28","7.43841291609265"
"1970-12-29","12.3045782877769"
"1970-12-30","9.2721279529266"
"1970-12-31","3.3809368941304"
"1971-01-01","8.64955022118308"
"1971-01-02","14.2874592599415"
"1971-01-03","9.77694561677578"
"1971-01-04","14.4747301613614"
"1971-01-05","20.8671509589984"
"1971-01-06","33.7844798843582"
"1971-01-07","30.7701783035741"
"1971-01-08","63.29752029485"
"1971-01-09","24.9579542828845"
"1971-01-10","23.3284301179828"
"1971-01-11","35.3061213885551"
"1971-01-12","27.6729615281671"
"1971-01-13","25.5728966766622"
"1971-01-14","35.7655935493899"
"1971-01-15","31.4884316828344"
"1971-01-16","17.3546330959766"
"1971-01-17","17.7758289890372"
"1971-01-18","24.2126694757701"
"1971-01-19","24.9648224141175"
"1971-01-20","26.9700176932595"
"1971-01-21","30.4857524855312"
"1971-01-22","31.279413495745"
"1971-01-23","19.0955363228208"
"1971-01-24","17.9666308448428"
"1971-01-25","36.3962239930124"
"1971-01-26","19.0168457774373"
"1971-01-27","19.1974438919133"
"1971-01-28","19.8821675829041"
"1971-01-29","18.1907607858831"
"1971-01-30","9.58739079618867"
"1971-01-31","3.97504265561248"
"1971-02-01","4.08196859184282"
"1971-02-02","5.74267526828881"
"1971-02-03","10.1835730798317"
"1971-02-04","17.3665356491551"
"1971-02-05","14.5485741318046"
"1971-02-06","12.6210214358904"
"1971-02-07","17.8704833117398"
"1971-02-08","14.8758328631843"
"1971-02-09","7.46673726106619"
"1971-02-10","4.34803780177971"
"1971-02-11","9.31366390583319"
"1971-02-12","18.0164945858382"
"1971-02-13","13.9373300663837"
"1971-02-14","20.647068870016"
"1971-02-15","27.7161669958205"
"1971-02-16","20.2550690803693"
"1971-02-17","26.8858034868777"
"1971-02-18","29.8496701954763"
"1971-02-19","22.4433663190701"
"1971-02-20","13.4872628785831"
"1971-02-21","14.3838892540374"
"1971-02-22","15.8956696852977"
"1971-02-23","20.1260758932535"
"1971-02-24","20.3655695440449"
"1971-02-25","19.5997732088163"
"1971-02-26","20.0378939929979"
"1971-02-27","19.576127589007"
"1971-02-28","22.6816719187287"
"1971-03-01","16.9595140977339"
"1971-03-02","15.9934461994089"
"1971-03-03","21.8214427196618"
"1971-03-04","27.0271080974893"
"1971-03-05","26.8832418103239"
"1971-03-06","28.8832087578712"
"1971-03-07","24.1306621089126"
"1971-03-08","17.4522313493671"
"1971-03-09","3.07697970474953"
"1971-03-10","1.09840396188554"
"1971-03-11","4.28261277582738"
"1971-03-12","8.59200534056792"
"1971-03-13","16.111273757307"
"1971-03-14","14.109195480099"
"1971-03-15","10.7153822617097"
"1971-03-16","13.2933751762687"
"1971-03-17","14.3989698752696"
"1971-03-18","15.0694901581967"
"1971-03-19","16.2100152453303"
"1971-03-20","16.8869554882958"
"1971-03-21","16.3230095570222"
"1971-03-22","28.9348969562745"
"1971-03-23","19.5914563967552"
"1971-03-24","19.5494718180074"
"1971-03-25","32.6985723982642"
"1971-03-26","10.3832953502605"
"1971-03-27","16.4250053492459"
"1971-03-28","15.1045952173539"
"1971-03-29","31.3768544465432"
"1971-03-30","14.4988274450426"
"1971-03-31","13.8206015376302"
"1971-04-01","13.7012636506712"
"1971-04-02","13.1503236242187"
"1971-04-03","23.8048403232129"
"1971-04-04","15.9138694779697"
"1971-04-05","23.6558102859563"
"1971-04-06","16.1780424056115"
"1971-04-07","15.0181356322714"
"1971-04-08","18.1328357514881"
"1971-04-09","20.5535238687094"
"1971-04-10","18.0118676016341"
"1971-04-11","21.8035080484498"
"1971-04-12","14.7599530674162"
"1971-04-13","20.2189063035048"
"1971-04-14","15.2498713117657"
"1971-04-15","21.2037538264221"
"1971-04-16","15.6886548294133"
"1971-04-17","2.46633048052396"
"1971-04-18","0.460169949637347"
"1971-04-19","1.0298441682027"
"1971-04-20","2.63122121673642"
"1971-04-21","2.44900787392736"
"1971-04-22","1.54392444029515"
"1971-04-23","3.60617957073889"
"1971-04-24","6.82075653189704"
"1971-04-25","13.4493629261529"
"1971-04-26","1.06225039738984"
"1971-04-27","0.953784724528139"
"1971-04-28","1.20356214343211"
"1971-04-29","2.7128564119339"
"1971-04-30","2.34262996912003"
"1971-05-01","2.63310252200989"
"1971-05-02","5.37532717660392"
"1971-05-03","2.4078363211769"
"1971-05-04","0.442912149593815"
"1971-05-05","0.901878769811872"
"1971-05-06","1.40485389943505"
"1971-05-07","1.58374084848346"
"1971-05-08","2.03696227860657"
"1971-05-09","3.85576384588754"
"1971-05-10","4.34338236964626"
"1971-05-11","3.14646770014907"
"1971-05-12","3.20360588459741"
"1971-05-13","3.86013339040599"
"1971-05-14","4.19057745696146"
"1971-05-15","3.49658115962883"
"1971-05-16","4.80334810261086"
"1971-05-17","4.91797398488759"
"1971-05-18","3.94676778326819"
"1971-05-19","4.78616686042769"
"1971-05-20","4.82751061648001"
"1971-05-21","4.8156137936043"
"1971-05-22","3.69217069685717"
"1971-05-23","5.16945561805329"
"1971-05-24","10.1593005646875"
"1971-05-25","4.91496637682894"
"1971-05-26","4.56742830451949"
"1971-05-27","3.91151497271154"
"1971-05-28","2.95910072945929"
"1971-05-29","3.03541217505674"
"1971-05-30","2.18650447090209"
"1971-05-31","2.55234476498195"
"1971-06-01","2.41576338575516"
"1971-06-02","0.935268213609596"
"1971-06-03","1.08535634684356"
"1971-06-04","1.33005729749863"
"1971-06-05","1.69599665720741"
"1971-06-06","2.0742243285819"
"1971-06-07","2.50965239036651"
"1971-06-08","1.10575101521366"
"1971-06-09","1.70497962729239"
"1971-06-10","2.55174660656875"
"1971-06-11","1.81461997452752"
"1971-06-12","2.34961206314368"
"1971-06-13","2.44683126273093"
"1971-06-14","2.35562389314949"
"1971-06-15","1.7090352043445"
"1971-06-16","2.07292561226593"
"1971-06-17","2.20744073132932"
"1971-06-18","4.38475485642751"
"1971-06-19","3.25868038968606"
"1971-06-20","1.32433798941441"
"1971-06-21","3.39527782114037"
"1971-06-22","2.65266831457873"
"1971-06-23","2.58063205367043"
"1971-06-24","1.32328067810246"
"1971-06-25","2.93667885415998"
"1971-06-26","1.94306043054892"
"1971-06-27","1.22640221691751"
"1971-06-28","3.68939969240329"
"1971-06-29","4.82745275662575"
"1971-06-30","2.2764207617545"
"1971-07-01","3.07497515745493"
"1971-07-02","2.58196190605948"
"1971-07-03","2.05250770679284"
"1971-07-04","2.56054124816672"
"1971-07-05","2.64894685549137"
"1971-07-06","2.40605155626933"
"1971-07-07","2.73534720594233"
"1971-07-08","2.14998669773985"
"1971-07-09","2.55722489088645"
"1971-07-10","2.07388615788835"
"1971-07-11","2.95168600041113"
"1971-07-12","2.41345695448128"
"1971-07-13","4.97374328287133"
"1971-07-14","1.21124684604215"
"1971-07-15","1.10451760294634"
"1971-07-16","0.110514467961086"
"1971-07-17","0.578867537570206"
"1971-07-18","1.26112028259736"
"1971-07-19","0.572823567243365"
"1971-07-20","1.2307630570936"
"1971-07-21","3.33508720439234"
"1971-07-22","2.45251870619786"
"1971-07-23","2.20479286104054"
"1971-07-24","2.02599967351724"
"1971-07-25","1.51103589751504"
"1971-07-26","1.39918700982998"
"1971-07-27","2.67308437101769"
"1971-07-28","2.33436320509229"
"1971-07-29","1.65900054767534"
"1971-07-30","1.20627503374438"
"1971-07-31","1.74767540337203"
"1971-08-01","1.19921905808635"
"1971-08-02","1.32264659286061"
"1971-08-03","2.38394035973074"
"1971-08-04","2.8177491328417"
"1971-08-05","2.54009210186087"
"1971-08-06","4.82149942045088"
"1971-08-07","2.6769014227958"
"1971-08-08","3.59000238556883"
"1971-08-09","6.37338870634764"
"1971-08-10","3.61759825083084"
"1971-08-11","3.08399133506791"
"1971-08-12","3.1974352613672"
"1971-08-13","2.04852377981335"
"1971-08-14","3.01280533183705"
"1971-08-15","3.89558031600275"
"1971-08-16","4.87983766881934"
"1971-08-17","4.5005525990482"
"1971-08-18","2.29122262225523"
"1971-08-19","3.27562731478637"
"1971-08-20","2.80519891017443"
"1971-08-21","5.10280352185815"
"1971-08-22","3.59651856866234"
"1971-08-23","3.3776281091558"
"1971-08-24","4.64738519483314"
"1971-08-25","2.60629274679985"
"1971-08-26","1.64900013917323"
"1971-08-27","2.08858507974839"
"1971-08-28","1.17444990297933"
"1971-08-29","0.350976481485418"
"1971-08-30","0.959041397438034"
"1971-08-31","1.40597889488523"
"1971-09-01","1.11209572503319"
"1971-09-02","0.959595320093167"
"1971-09-03","1.97396575836908"
"1971-09-04","2.83163357632501"
"1971-09-05","3.03790813374829"
"1971-09-06","5.74935535280219"
"1971-09-07","1.9199743441173"
"1971-09-08","8.66730253004924"
"1971-09-09","3.68740262536259"
"1971-09-10","4.21604971994053"
"1971-09-11","4.21099700091721"
"1971-09-12","3.64539025923906"
"1971-09-13","4.84669509491363"
"1971-09-14","1.1820437921074"
"1971-09-15","1.38822347435342"
"1971-09-16","3.0069633567488"
"1971-09-17","2.96252006524569"
"1971-09-18","1.57580951410971"
"1971-09-19","4.17436641119259"
"1971-09-20","6.84675244541911"
"1971-09-21","5.12974766425756"
"1971-09-22","1.81538808352245"
"1971-09-23","2.69830319543422"
"1971-09-24","3.2069630006175"
"1971-09-25","1.45977387090266"
"1971-09-26","0.909114299269466"
"1971-09-27","1.95699933338991"
"1971-09-28","1.64700995908155"
"1971-09-29","3.23901340326706"
"1971-09-30","1.54174978250549"
"1971-10-01","1.94775074075311"
"1971-10-02","3.03165072473613"
"1971-10-03","4.90821169103895"
"1971-10-04","3.21724012103819"
"1971-10-05","5.26533617382442"
"1971-10-06","2.51450966040551"
"1971-10-07","6.97523023710622"
"1971-10-08","16.3135228714386"
"1971-10-09","6.78513560099003"
"1971-10-10","5.66583787311207"
"1971-10-11","2.76521031474654"
"1971-10-12","3.794930091668"
"1971-10-13","18.9858813017478"
"1971-10-14","4.76502404326484"
"1971-10-15","4.98913601879434"
"1971-10-16","5.13108427803238"
"1971-10-17","3.40532063560568"
"1971-10-18","5.40065298555217"
"1971-10-19","6.32951217812377"
"1971-10-20","2.24370991474106"
"1971-10-21","4.30053916818652"
"1971-10-22","8.65927268313123"
"1971-10-23","6.22837881608443"
"1971-10-24","4.47135436586487"
"1971-10-25","19.9817000797817"
"1971-10-26","3.81131750783879"
"1971-10-27","5.19634467543978"
"1971-10-28","6.00396968017925"
"1971-10-29","5.86793530038941"
"1971-10-30","17.9793413108561"
"1971-10-31","6.54990728489764"
"1971-11-01","5.97749115997579"
"1971-11-02","8.90087306035029"
"1971-11-03","15.3505733498247"
"1971-11-04","5.0580760995289"
"1971-11-05","4.24564004099214"
"1971-11-06","5.51116749760392"
"1971-11-07","0.573691029440273"
"1971-11-08","1.37915287995751"
"1971-11-09","3.32773078004003"
"1971-11-10","4.10429163722249"
"1971-11-11","6.15368207295736"
"1971-11-12","8.38545066763312"
"1971-11-13","9.62671568486598"
"1971-11-14","9.27485794938488"
"1971-11-15","7.3907721006509"
"1971-11-16","7.04912894422358"
"1971-11-17","9.0422220808087"
"1971-11-18","8.2276035820767"
"1971-11-19","13.5169464489082"
"1971-11-20","5.26474594811856"
"1971-11-21","5.80211676818468"
"1971-11-22","3.90048769129303"
"1971-11-23","5.80899223414334"
"1971-11-24","5.35252759157321"
"1971-11-25","7.8009305537005"
"1971-11-26","10.5335444743499"
"1971-11-27","14.1170931357842"
"1971-11-28","9.59571893055202"
"1971-11-29","2.25463634342342"
"1971-11-30","4.61357156616269"
"1971-12-01","8.17946597920868"
"1971-12-02","10.5450119703879"
"1971-12-03","16.5883520382307"
"1971-12-04","7.69053111912368"
"1971-12-05","10.8721125569694"
"1971-12-06","10.6606497640734"
"1971-12-07","17.1352337345932"
"1971-12-08","15.0205748339236"
"1971-12-09","19.1141173622825"
"1971-12-10","2.35276589471669"
"1971-12-11","5.30652670568718"
"1971-12-12","7.7689979592443"
"1971-12-13","12.8153041895334"
"1971-12-14","7.97089316731408"
"1971-12-15","5.43076055493706"
"1971-12-16","7.59681800639991"
"1971-12-17","11.6445446076331"
"1971-12-18","9.65618940142842"
"1971-12-19","8.53170334002672"
"1971-12-20","8.17831677895088"
"1971-12-21","31.9757786209965"
"1971-12-22","16.1234565483027"
"1971-12-23","16.6981456135259"
"1971-12-24","19.1898542585827"
"1971-12-25","20.9002010419771"
"1971-12-26","21.9474415841041"
"1971-12-27","13.1055580135032"
"1971-12-28","11.2573021562585"
"1971-12-29","21.1275036882012"
"1971-12-30","12.1553846004205"
"1971-12-31","14.5992766314255"
"1972-01-01","7.11935410767923"
"1972-01-02","7.48636523211673"
"1972-01-03","11.1876229486424"
"1972-01-04","15.3372238869275"
"1972-01-05","25.050395461904"
"1972-01-06","13.0220735537541"
"1972-01-07","13.0693747429621"
"1972-01-08","12.7188055628822"
"1972-01-09","11.9590145891363"
"1972-01-10","18.078832000881"
"1972-01-11","14.2279654416171"
"1972-01-12","13.8388231636642"
"1972-01-13","13.8631192017427"
"1972-01-14","15.685678234348"
"1972-01-15","23.2419254913991"
"1972-01-16","30.0167386315086"
"1972-01-17","18.0457326550504"
"1972-01-18","6.83928107492851"
"1972-01-19","11.1390140459135"
"1972-01-20","16.7368603495808"
"1972-01-21","20.5082804155556"
"1972-01-22","14.1223599487569"
"1972-01-23","17.3224391834044"
"1972-01-24","17.1430775551569"
"1972-01-25","19.3543693575508"
"1972-01-26","21.9044703941841"
"1972-01-27","26.3870840691901"
"1972-01-28","22.0831743504578"
"1972-01-29","25.2265661247881"
"1972-01-30","29.3217865337025"
"1972-01-31","36.5478928058178"
"1972-02-01","26.0781478427705"
"1972-02-02","37.8790188248539"
"1972-02-03","18.0306238240494"
"1972-02-04","22.5008387049555"
"1972-02-05","23.0556158998828"
"1972-02-06","21.3773045023798"
"1972-02-07","33.5076254394663"
"1972-02-08","34.3522005122461"
"1972-02-09","32.8577929492637"
"1972-02-10","22.1565190476257"
"1972-02-11","22.6895234904764"
"1972-02-12","30.525921379849"
"1972-02-13","16.050794956488"
"1972-02-14","7.59269628586707"
"1972-02-15","12.9015816238535"
"1972-02-16","0.794243703027824"
"1972-02-17","0.885292319508342"
"1972-02-18","2.7178043764391"
"1972-02-19","3.63786239206017"
"1972-02-20","3.81594367460771"
"1972-02-21","5.24726453281584"
"1972-02-22","6.00833865109976"
"1972-02-23","8.867326976933"
"1972-02-24","11.8943779272435"
"1972-02-25","16.731586753548"
"1972-02-26","24.2292195687562"
"1972-02-27","17.3887409441399"
"1972-02-28","17.2018899835033"
"1972-02-29","13.2774023679428"
"1972-03-01","9.55288777258489"
"1972-03-02","4.05118186404179"
"1972-03-03","7.16665078964068"
"1972-03-04","11.1546922483485"
"1972-03-05","8.808144982243"
"1972-03-06","19.4701009415961"
"1972-03-07","18.1864031073335"
"1972-03-08","15.7536932008091"
"1972-03-09","21.5177927388773"
"1972-03-10","25.2423618201054"
"1972-03-11","14.2703041803269"
"1972-03-12","11.3884640503755"
"1972-03-13","15.0993206408117"
"1972-03-14","14.6196880030942"
"1972-03-15","9.59525284209809"
"1972-03-16","10.0094067338225"
"1972-03-17","12.8402813998136"
"1972-03-18","24.9916355702784"
"1972-03-19","23.7758824835608"
"1972-03-20","12.0436838344062"
"1972-03-21","12.1566895158776"
"1972-03-22","10.7762577853678"
"1972-03-23","16.5396809701796"
"1972-03-24","15.5752822372304"
"1972-03-25","13.6835780577226"
"1972-03-26","20.5004212226703"
"1972-03-27","21.1993948948848"
"1972-03-28","18.2004117387714"
"1972-03-29","17.5269330796741"
"1972-03-30","16.2866955980078"
"1972-03-31","15.5453523763847"
"1972-04-01","13.854429019994"
"1972-04-02","12.1503656024025"
"1972-04-03","4.72331338011341"
"1972-04-04","12.2751665301137"
"1972-04-05","10.7685197813686"
"1972-04-06","12.1027528506853"
"1972-04-07","15.6460611293842"
"1972-04-08","36.8249149817925"
"1972-04-09","3.20003034748556"
"1972-04-10","4.89386655964377"
"1972-04-11","6.29194254173345"
"1972-04-12","11.5841331100051"
"1972-04-13","7.30696369662429"
"1972-04-14","5.09094749539446"
"1972-04-15","7.65132389956222"
"1972-04-16","10.6933783132793"
"1972-04-17","8.54796496201387"
"1972-04-18","13.9654984639321"
"1972-04-19","14.6017239888509"
"1972-04-20","19.7085992557146"
"1972-04-21","34.2881932815948"
"1972-04-22","3.39572512897062"
"1972-04-23","8.31773240612699"
"1972-04-24","4.49799100251554"
"1972-04-25","2.75018451698286"
"1972-04-26","6.62815615031626"
"1972-04-27","5.30266664193306"
"1972-04-28","7.05799600107845"
"1972-04-29","11.8336469466552"
"1972-04-30","15.1187382528792"
"1972-05-01","13.2431800540908"
"1972-05-02","12.1019997823806"
"1972-05-03","15.9957338246432"
"1972-05-04","17.3003596433829"
"1972-05-05","11.8109620618614"
"1972-05-06","12.9694389863448"
"1972-05-07","12.9115607459824"
"1972-05-08","6.79538866348597"
"1972-05-09","1.2688950715643"
"1972-05-10","1.43953282802136"
"1972-05-11","5.01438554334434"
"1972-05-12","7.07866199088819"
"1972-05-13","4.92849818555824"
"1972-05-14","8.69510736713162"
"1972-05-15","6.73326100931539"
"1972-05-16","2.82335375629978"
"1972-05-17","1.84007308977249"
"1972-05-18","3.46227751794832"
"1972-05-19","5.57893349778601"
"1972-05-20","3.77136432943922"
"1972-05-21","3.23800750005813"
"1972-05-22","3.64800924630392"
"1972-05-23","3.99801753583925"
"1972-05-24","5.01317154638695"
"1972-05-25","4.6805410808299"
"1972-05-26","5.90893508139111"
"1972-05-27","5.69007400826458"
"1972-05-28","4.83967693595143"
"1972-05-29","4.59739613274991"
"1972-05-30","5.11656297440137"
"1972-05-31","5.10118694068033"
"1972-06-01","4.85940439102454"
"1972-06-02","10.4266952229785"
"1972-06-03","4.40330571452261"
"1972-06-04","4.52067103323998"
"1972-06-05","5.32877487847299"
"1972-06-06","5.34809596817215"
"1972-06-07","4.75017581512402"
"1972-06-08","6.33521025418203"
"1972-06-09","7.24869523110328"
"1972-06-10","4.81842208218265"
"1972-06-11","5.10319060113007"
"1972-06-12","3.94057695638566"
"1972-06-13","4.04443664726241"
"1972-06-14","3.7208343816526"
"1972-06-15","3.90674649998223"
"1972-06-16","4.74791541347256"
"1972-06-17","4.54450876010961"
"1972-06-18","4.04612761761719"
"1972-06-19","2.57718820902176"
"1972-06-20","3.17301648081123"
"1972-06-21","5.7068394618633"
"1972-06-22","4.66873970692292"
"1972-06-23","4.21736964828524"
"1972-06-24","4.93116996195409"
"1972-06-25","7.1287241756142"
"1972-06-26","2.14307455376629"
"1972-06-27","1.84646839535598"
"1972-06-28","3.48204591289743"
"1972-06-29","1.87954360195053"
"1972-06-30","1.81727073602862"
"1972-07-01","2.02897602371323"
"1972-07-02","1.92637969198681"
"1972-07-03","3.02670154736672"
"1972-07-04","1.71826736480643"
"1972-07-05","2.05467830050043"
"1972-07-06","3.35539848205847"
"1972-07-07","2.04222833129751"
"1972-07-08","1.75873375338909"
"1972-07-09","1.8055090555897"
"1972-07-10","1.13882814031659"
"1972-07-11","1.97846711159269"
"1972-07-12","2.7778849201801"
"1972-07-13","2.8501399388432"
"1972-07-14","2.92527270342881"
"1972-07-15","1.46040193304355"
"1972-07-16","1.9152621465586"
"1972-07-17","2.11719173257485"
"1972-07-18","7.05587540766894"
"1972-07-19","3.76595687711394"
"1972-07-20","3.54813811324892"
"1972-07-21","3.13980401413781"
"1972-07-22","3.67746609784824"
"1972-07-23","3.8198279637795"
"1972-07-24","5.25881348131023"
"1972-07-25","4.2626482093489"
"1972-07-26","5.69069321950277"
"1972-07-27","2.34325111041337"
"1972-07-28","3.00647276665741"
"1972-07-29","3.80725768995491"
"1972-07-30","4.42378663655483"
"1972-07-31","5.68116061924856"
"1972-08-01","9.46232950326168"
"1972-08-02","2.27197747983974"
"1972-08-03","2.17380830284321"
"1972-08-04","4.37364993621777"
"1972-08-05","3.27710643042992"
"1972-08-06","0.582753870716859"
"1972-08-07","2.08539666228996"
"1972-08-08","3.2243565055199"
"1972-08-09","5.50233663908847"
"1972-08-10","0.935557913776987"
"1972-08-11","2.04951546396012"
"1972-08-12","1.68930652879533"
"1972-08-13","1.62532479912688"
"1972-08-14","1.83015249353467"
"1972-08-15","2.36514906153018"
"1972-08-16","4.43413486418786"
"1972-08-17","4.1402762297428"
"1972-08-18","3.11590585254488"
"1972-08-19","2.89007159641811"
"1972-08-20","3.61681756183699"
"1972-08-21","7.70818956693013"
"1972-08-22","6.16386297564486"
"1972-08-23","5.05912518346465"
"1972-08-24","11.3216083968357"
"1972-08-25","4.02319931261467"
"1972-08-26","4.06963158169866"
"1972-08-27","6.05507300736068"
"1972-08-28","3.74931655456493"
"1972-08-29","2.74017106609427"
"1972-08-30","3.23658767045834"
"1972-08-31","4.04593084436474"
"1972-09-01","3.25793867916256"
"1972-09-02","5.12633482099095"
"1972-09-03","7.45665026227117"
"1972-09-04","18.7100773765927"
"1972-09-05","32.4854565740148"
"1972-09-06","4.44416295630591"
"1972-09-07","1.68574099520068"
"1972-09-08","4.14859030050633"
"1972-09-09","3.73710465998877"
"1972-09-10","5.39275588411273"
"1972-09-11","16.5208815331067"
"1972-09-12","6.52954676244166"
"1972-09-13","4.71237438246285"
"1972-09-14","5.53808800224618"
"1972-09-15","9.92731721886309"
"1972-09-16","18.5920265082157"
"1972-09-17","9.91611267477919"
"1972-09-18","5.09310663623727"
"1972-09-19","4.59154148793324"
"1972-09-20","4.0920608549407"
"1972-09-21","17.7418939912474"
"1972-09-22","7.10721942459866"
"1972-09-23","9.22049749981273"
"1972-09-24","4.48445849604421"
"1972-09-25","7.63561578230424"
"1972-09-26","5.46800626201547"
"1972-09-27","4.43505614092856"
"1972-09-28","6.15169637750238"
"1972-09-29","7.04678485300634"
"1972-09-30","8.29312316060582"
"1972-10-01","8.18156714666457"
"1972-10-02","12.1487765869537"
"1972-10-03","12.7400601085646"
"1972-10-04","12.7582846307135"
"1972-10-05","3.7643421140068"
"1972-10-06","6.4910854782377"
"1972-10-07","4.15354197365897"
"1972-10-08","11.262962057477"
"1972-10-09","3.05106508886659"
"1972-10-10","5.79722295695053"
"1972-10-11","6.58500554912534"
"1972-10-12","4.21590294330925"
"1972-10-13","4.43089289092398"
"1972-10-14","5.58842343066162"
"1972-10-15","6.54207796245426"
"1972-10-16","7.63394347981457"
"1972-10-17","10.2835232674817"
"1972-10-18","13.0344854660364"
"1972-10-19","20.906608734296"
"1972-10-20","9.83853662168825"
"1972-10-21","8.34063503855751"
"1972-10-22","7.6083153532697"
"1972-10-23","10.3761454041386"
"1972-10-24","11.3416263179862"
"1972-10-25","10.4250123407934"
"1972-10-26","10.2065361196345"
"1972-10-27","12.3889022967516"
"1972-10-28","14.8088739836887"
"1972-10-29","11.9477960619576"
"1972-10-30","13.9764184889855"
"1972-10-31","11.6368938400632"
"1972-11-01","13.7071399606151"
"1972-11-02","4.35274838885188"
"1972-11-03","4.82577079921574"
"1972-11-04","11.809834178908"
"1972-11-05","12.9734121524926"
"1972-11-06","11.2845724764324"
"1972-11-07","16.9458158996714"
"1972-11-08","20.7910966811242"
"1972-11-09","22.7735818681263"
"1972-11-10","6.5074418416787"
"1972-11-11","9.35672618248762"
"1972-11-12","11.6915498270101"
"1972-11-13","7.03397212761305"
"1972-11-14","8.80779421174681"
"1972-11-15","13.9410351138094"
"1972-11-16","12.6894426356146"
"1972-11-17","11.9261604573303"
"1972-11-18","13.0814911813447"
"1972-11-19","20.4919355937413"
"1972-11-20","14.7858033510514"
"1972-11-21","12.7802618396231"
"1972-11-22","30.4084950071393"
"1972-11-23","14.157679277065"
"1972-11-24","1.51524345190526"
"1972-11-25","4.79573523430597"
"1972-11-26","15.2719287681373"
"1972-11-27","23.8633016384009"
"1972-11-28","24.8063418008548"
"1972-11-29","37.694550270642"
"1972-11-30","44.1930082659701"
"1972-12-01","41.9606126479772"
"1972-12-02","17.2457046199155"
"1972-12-03","20.9906704683841"
"1972-12-04","21.7238480002333"
"1972-12-05","20.5628773123671"
"1972-12-06","30.2948765568919"
"1972-12-07","19.2969429565198"
"1972-12-08","17.8442969611197"
"1972-12-09","19.4877276936651"
"1972-12-10","21.1664163870213"
"1972-12-11","20.4356497314585"
"1972-12-12","19.1040406103258"
"1972-12-13","26.7418634406416"
"1972-12-14","40.3752175781118"
"1972-12-15","47.9103380219761"
"1972-12-16","22.7486603270361"
"1972-12-17","19.9777549603285"
"1972-12-18","19.4930345072891"
"1972-12-19","36.4327502312598"
"1972-12-20","47.0596332302341"
"1972-12-21","64.2904814848136"
"1972-12-22","36.9929794914279"
"1972-12-23","28.2014050421777"
"1972-12-24","26.2706807330573"
"1972-12-25","13.6943832001129"
"1972-12-26","8.41876342286279"
"1972-12-27","19.8425239587759"
"1972-12-28","26.5740787085001"
"1972-12-29","30.4854072389149"
"1972-12-30","26.2768028804234"
"1972-12-31","35.0346980404544"
"1973-01-01","38.130274933654"
"1973-01-02","46.5942758832659"
"1973-01-03","31.7385779706947"
"1973-01-04","24.5491636119364"
"1973-01-05","29.8560844768177"
"1973-01-06","16.09147314179"
"1973-01-07","19.3631159959933"
"1973-01-08","19.2346072176318"
"1973-01-09","32.3941476334741"
"1973-01-10","25.2167545995671"
"1973-01-11","19.4204880066248"
"1973-01-12","40.1084490854503"
"1973-01-13","11.7096472070331"
"1973-01-14","6.22276857198575"
"1973-01-15","11.9381438622743"
"1973-01-16","15.9273441075247"
"1973-01-17","29.247697120105"
"1973-01-18","30.6392455658355"
"1973-01-19","33.8843391055153"
"1973-01-20","36.1865050410812"
"1973-01-21","33.7081824546253"
"1973-01-22","31.0891973487226"
"1973-01-23","37.0725834751542"
"1973-01-24","50.2290065319507"
"1973-01-25","15.4175634838286"
"1973-01-26","19.3991842228613"
"1973-01-27","20.9704988281448"
"1973-01-28","19.1963151461118"
"1973-01-29","23.3449327336761"
"1973-01-30","3.55617573302546"
"1973-01-31","0.813391628332468"
"1973-02-01","4.427506246092"
"1973-02-02","15.6080915793712"
"1973-02-03","11.6055051072851"
"1973-02-04","1.56948839353793"
"1973-02-05","0.336260633422183"
"1973-02-06","0.142272829025726"
"1973-02-07","0.417899217762988"
"1973-02-08","0.876081730509217"
"1973-02-09","2.0143630153689"
"1973-02-10","2.77784361777368"
"1973-02-11","3.69834244302857"
"1973-02-12","3.01571526259055"
"1973-02-13","4.50774773684415"
"1973-02-14","5.01809140304466"
"1973-02-15","9.07655448521371"
"1973-02-16","13.9242871292742"
"1973-02-17","9.08999665578206"
"1973-02-18","10.2476803358499"
"1973-02-19","0.280463146989222"
"1973-02-20","1.15582181687479"
"1973-02-21","1.9110660189158"
"1973-02-22","4.1073627384194"
"1973-02-23","6.42480868591375"
"1973-02-24","6.06865722586066"
"1973-02-25","8.11109839889394"
"1973-02-26","7.97444351617392"
"1973-02-27","11.3230498012526"
"1973-02-28","5.81473553335512"
"1973-03-01","6.76256424111205"
"1973-03-02","5.1993122916201"
"1973-03-03","6.77312023608715"
"1973-03-04","9.40115149196608"
"1973-03-05","8.56204511799338"
"1973-03-06","7.57486890404771"
"1973-03-07","11.3244263331095"
"1973-03-08","7.59662383149713"
"1973-03-09","11.8902296359405"
"1973-03-10","8.1548107176116"
"1973-03-11","12.7437684050886"
"1973-03-12","10.8628448985872"
"1973-03-13","11.5310177514047"
"1973-03-14","7.87865551622399"
"1973-03-15","6.92326407618337"
"1973-03-16","10.9908102580479"
"1973-03-17","23.632505165034"
"1973-03-18","5.10138381017751"
"1973-03-19","6.37687231813158"
"1973-03-20","5.17881110220244"
"1973-03-21","6.79139720825922"
"1973-03-22","8.53551637971556"
"1973-03-23","11.3190831704573"
"1973-03-24","10.3111386877118"
"1973-03-25","10.0581316658945"
"1973-03-26","15.4752329293784"
"1973-03-27","12.8747322177474"
"1973-03-28","4.7013193496636"
"1973-03-29","2.95484308092109"
"1973-03-30","7.11357375656888"
"1973-03-31","5.34163435403403"
"1973-04-01","6.89357091750933"
"1973-04-02","16.6121697384558"
"1973-04-03","7.64262356076922"
"1973-04-04","21.6840179080055"
"1973-04-05","7.33986735447145"
"1973-04-06","9.43823424871866"
"1973-04-07","6.47761087500172"
"1973-04-08","5.99935619345991"
"1973-04-09","7.78076037390408"
"1973-04-10","9.17564962746261"
"1973-04-11","8.39428926546336"
"1973-04-12","8.64479222029319"
"1973-04-13","10.1041966908938"
"1973-04-14","18.2169142925378"
"1973-04-15","4.04936239781318"
"1973-04-16","2.40470865820393"
"1973-04-17","4.73228374446109"
"1973-04-18","5.79647207853598"
"1973-04-19","6.10022549453752"
"1973-04-20","5.95420973022263"
"1973-04-21","5.46752117516158"
"1973-04-22","7.31818789811361"
"1973-04-23","3.65261550847586"
"1973-04-24","11.4673808890504"
"1973-04-25","7.32961924561174"
"1973-04-26","2.4056924000963"
"1973-04-27","3.67147945351415"
"1973-04-28","3.49818127753931"
"1973-04-29","5.8837676471446"
"1973-04-30","5.09835761656493"
"1973-05-01","1.32560382102862"
"1973-05-02","2.44487181641323"
"1973-05-03","1.900816536827"
"1973-05-04","6.1117218707031"
"1973-05-05","5.10639717878201"
"1973-05-06","11.0282495166316"
"1973-05-07","6.88702190489996"
"1973-05-08","3.71141712025647"
"1973-05-09","4.11968747516731"
"1973-05-10","1.59538494953603"
"1973-05-11","2.02718171735347"
"1973-05-12","4.5162506366705"
"1973-05-13","3.26025309371742"
"1973-05-14","2.73207939574213"
"1973-05-15","1.61710289330322"
"1973-05-16","2.93090954332641"
"1973-05-17","3.69638582612529"
"1973-05-18","2.57835874516211"
"1973-05-19","3.09154516071468"
"1973-05-20","2.69051734838651"
"1973-05-21","3.11847638154959"
"1973-05-22","2.09560306712146"
"1973-05-23","0.968426744626972"
"1973-05-24","0.871838088804509"
"1973-05-25","0.752113576672036"
"1973-05-26","1.28710511004254"
"1973-05-27","1.70996749014049"
"1973-05-28","1.64538756116128"
"1973-05-29","2.1900285557235"
"1973-05-30","1.29912986409613"
"1973-05-31","4.88704746110099"
"1973-06-01","5.11514472755003"
"1973-06-02","3.4430472092195"
"1973-06-03","1.91552385416898"
"1973-06-04","3.52016699830175"
"1973-06-05","2.96424733392604"
"1973-06-06","2.03265481942144"
"1973-06-07","1.69723497350495"
"1973-06-08","2.08746703930231"
"1973-06-09","0.721739999014578"
"1973-06-10","0.377120387679958"
"1973-06-11","0.363761656050816"
"1973-06-12","1.06644706989264"
"1973-06-13","1.28243547703797"
"1973-06-14","0.579411422664469"
"1973-06-15","0.533778830846667"
"1973-06-16","0.95466261598971"
"1973-06-17","1.14101334090357"
"1973-06-18","1.40386190417009"
"1973-06-19","1.15418476188854"
"1973-06-20","1.12329816082855"
"1973-06-21","0.240567849118472"
"1973-06-22","0.505832073105362"
"1973-06-23","0.991904248922934"
"1973-06-24","2.50384283581853"
"1973-06-25","1.25771419245959"
"1973-06-26","1.23262649800354"
"1973-06-27","1.53358426883623"
"1973-06-28","1.95416698930583"
"1973-06-29","0.916296175160965"
"1973-06-30","0.462418466548383"
"1973-07-01","1.18144089899538"
"1973-07-02","1.87534437241492"
"1973-07-03","1.41206554649196"
"1973-07-04","3.59636533053922"
"1973-07-05","2.30518404229895"
"1973-07-06","3.04628690806302"
"1973-07-07","1.96587379618641"
"1973-07-08","3.60750673395215"
"1973-07-09","2.57195176500263"
"1973-07-10","1.82375166426489"
"1973-07-11","1.58669433371845"
"1973-07-12","0.662197095426646"
"1973-07-13","1.04771856015379"
"1973-07-14","0.216107244712192"
"1973-07-15","1.11233094886139"
"1973-07-16","0.15367300761662"
"1973-07-17","0.467698649152533"
"1973-07-18","0.70597974017456"
"1973-07-19","0.918348115437475"
"1973-07-20","0.768153647646243"
"1973-07-21","0.644493143570113"
"1973-07-22","0.996515854741588"
"1973-07-23","1.32747989157578"
"1973-07-24","1.69255432654253"
"1973-07-25","2.88604538368456"
"1973-07-26","1.43149148192241"
"1973-07-27","1.70117289421362"
"1973-07-28","1.98510282896298"
"1973-07-29","2.00713327797976"
"1973-07-30","1.81137412605864"
"1973-07-31","1.7982399853277"
"1973-08-01","1.84025728096178"
"1973-08-02","1.17350420175177"
"1973-08-03","2.71328467904747"
"1973-08-04","1.11425820444569"
"1973-08-05","0.302493176741517"
"1973-08-06","1.74339419822672"
"1973-08-07","3.10600529991703"
"1973-08-08","1.89661351994519"
"1973-08-09","1.50953919637255"
"1973-08-10","1.59587487281659"
"1973-08-11","1.97145336634153"
"1973-08-12","2.60613629725072"
"1973-08-13","1.95197003163817"
"1973-08-14","1.49718344069663"
"1973-08-15","1.93986455315635"
"1973-08-16","1.80202659874251"
"1973-08-17","3.01868222776429"
"1973-08-18","3.02774661934221"
"1973-08-19","2.29666026097872"
"1973-08-20","2.04349682470421"
"1973-08-21","1.93658212485251"
"1973-08-22","2.77595938129342"
"1973-08-23","2.15676006249019"
"1973-08-24","3.05615256410657"
"1973-08-25","3.39265483127528"
"1973-08-26","2.05059289080756"
"1973-08-27","0.165251279677147"
"1973-08-28","0.853490179106271"
"1973-08-29","1.49993508099478"
"1973-08-30","1.37390073708126"
"1973-08-31","1.80567094851366"
"1973-09-01","1.89512428512305"
"1973-09-02","0.250476779262999"
"1973-09-03","0.679116241601638"
"1973-09-04","1.30902727367558"
"1973-09-05","1.09989269380962"
"1973-09-06","1.51408319188145"
"1973-09-07","1.59074229647071"
"1973-09-08","1.73937304105077"
"1973-09-09","2.59824408494033"
"1973-09-10","1.39145108167227"
"1973-09-11","5.28772465542797"
"1973-09-12","4.50598938305141"
"1973-09-13","1.86855298822576"
"1973-09-14","3.24610097351528"
"1973-09-15","1.64295304286016"
"1973-09-16","2.69114566133136"
"1973-09-17","3.9892376888366"
"1973-09-18","10.3189532230427"
"1973-09-19","2.61313811383206"
"1973-09-20","3.4664979904761"
"1973-09-21","2.88475616643955"
"1973-09-22","4.64292008484597"
"1973-09-23","1.40183018554341"
"1973-09-24","0.781431017499981"
"1973-09-25","4.86893287365571"
"1973-09-26","3.23904389336512"
"1973-09-27","2.79855831489935"
"1973-09-28","3.08271250786719"
"1973-09-29","8.41826060943273"
"1973-09-30","6.44529833628502"
"1973-10-01","5.09924113698852"
"1973-10-02","4.11220068281347"
"1973-10-03","5.73246628071839"
"1973-10-04","5.36662183901964"
"1973-10-05","6.02634326823346"
"1973-10-06","4.35616686746672"
"1973-10-07","5.09989926309297"
"1973-10-08","7.97327658417937"
"1973-10-09","0.47263943491044"
"1973-10-10","1.33406413994826"
"1973-10-11","1.70361176739523"
"1973-10-12","2.23082314063976"
"1973-10-13","2.53240918648707"
"1973-10-14","4.44611284330294"
"1973-10-15","7.76536979716578"
"1973-10-16","4.25214713166802"
"1973-10-17","2.11448765962155"
"1973-10-18","0.628548098332954"
"1973-10-19","0.257686570319004"
"1973-10-20","0.341550930689424"
"1973-10-21","0.532094939124017"
"1973-10-22","0.890083819240719"
"1973-10-23","1.90427240019753"
"1973-10-24","2.13375149505995"
"1973-10-25","3.92631418725629"
"1973-10-26","1.4625952163816"
"1973-10-27","0.298051264911116"
"1973-10-28","1.08827255666256"
"1973-10-29","1.48115021351612"
"1973-10-30","1.4891610730004"
"1973-10-31","4.11765691212245"
"1973-11-01","4.3445284872344"
"1973-11-02","3.48710735535725"
"1973-11-03","4.01579928965796"
"1973-11-04","4.02020513701749"
"1973-11-05","4.53805230396651"
"1973-11-06","5.94335032644726"
"1973-11-07","4.94596285531015"
"1973-11-08","7.58141265493451"
"1973-11-09","11.8587140768637"
"1973-11-10","6.83466650706865"
"1973-11-11","9.0045782157353"
"1973-11-12","6.24239950649666"
"1973-11-13","5.03105539160889"
"1973-11-14","7.78926047515043"
"1973-11-15","10.8188727696737"
"1973-11-16","10.6480321182317"
"1973-11-17","13.3573246662751"
"1973-11-18","15.118000482584"
"1973-11-19","7.45479914017054"
"1973-11-20","9.67552878123857"
"1973-11-21","9.17428301835989"
"1973-11-22","9.81086823228118"
"1973-11-23","9.31778300789012"
"1973-11-24","8.49119020643688"
"1973-11-25","9.94492024260682"
"1973-11-26","10.9267676630061"
"1973-11-27","7.97001320562321"
"1973-11-28","0.593392978498946"
"1973-11-29","2.37209986763083"
"1973-11-30","6.17166684509872"
"1973-12-01","16.9760560266899"
"1973-12-02","18.2409721638733"
"1973-12-03","5.41658222210872"
"1973-12-04","7.90881318137759"
"1973-12-05","9.27357873049649"
"1973-12-06","13.5093013755171"
"1973-12-07","10.1700503609397"
"1973-12-08","12.4862838926769"
"1973-12-09","13.7095450838923"
"1973-12-10","16.0340252459307"
"1973-12-11","21.4785922327083"
"1973-12-12","25.0691667944838"
"1973-12-13","23.51484475817"
"1973-12-14","14.0842181758963"
"1973-12-15","2.36691411216925"
"1973-12-16","5.50448621815933"
"1973-12-17","9.50573572709963"
"1973-12-18","12.3620574144058"
"1973-12-19","20.118856504366"
"1973-12-20","16.1765358664773"
"1973-12-21","57.0357983163941"
"1973-12-22","14.2510375285045"
"1973-12-23","11.5006654747637"
"1973-12-24","16.3107620400268"
"1973-12-25","17.4785082391846"
"1973-12-26","21.2535217169559"
"1973-12-27","38.0951670031527"
"1973-12-28","25.9969687730203"
"1973-12-29","24.8550795146397"
"1973-12-30","22.5031502793878"
"1973-12-31","16.0768361648956"
"1974-01-01","16.6968918982006"
"1974-01-02","21.9622912592702"
"1974-01-03","27.5904023513133"
"1974-01-04","10.3961602929351"
"1974-01-05","20.9408215774602"
"1974-01-06","21.0692503627761"
"1974-01-07","24.685469247562"
"1974-01-08","29.9638444355556"
"1974-01-09","8.69118577577335"
"1974-01-10","6.0682503939707"
"1974-01-11","21.6871580499591"
"1974-01-12","26.2197367515399"
"1974-01-13","11.7773169975776"
"1974-01-14","0.183613585832315"
"1974-01-15","1.38323015464849"
"1974-01-16","1.85213586468717"
"1974-01-17","3.8146853075399"
"1974-01-18","3.51470067800381"
"1974-01-19","5.58191101891654"
"1974-01-20","8.95896572880931"
"1974-01-21","11.2646648759966"
"1974-01-22","11.640361878779"
"1974-01-23","17.8821860102864"
"1974-01-24","9.63319661400535"
"1974-01-25","18.8834185703492"
"1974-01-26","20.6986108383575"
"1974-01-27","13.0574727182264"
"1974-01-28","10.4389257472315"
"1974-01-29","16.5179623277672"
"1974-01-30","23.6545344142171"
"1974-01-31","27.2886511980197"
"1974-02-01","4.04958337493789"
"1974-02-02","0.771435884621752"
"1974-02-03","3.80190779171981"
"1974-02-04","7.78252088249504"
"1974-02-05","7.37051375294145"
"1974-02-06","7.85167351429597"
"1974-02-07","10.0986296573243"
"1974-02-08","14.2438110871748"
"1974-02-09","11.877195184881"
"1974-02-10","19.0278363702617"
"1974-02-11","24.8246232152501"
"1974-02-12","10.7849484873024"
"1974-02-13","10.9221910233105"
"1974-02-14","15.1345522909453"
"1974-02-15","13.4868019112261"
"1974-02-16","12.225300570071"
"1974-02-17","4.05947874738024"
"1974-02-18","3.46185568400792"
"1974-02-19","9.80335155813209"
"1974-02-20","15.6850411303632"
"1974-02-21","15.8109712064008"
"1974-02-22","16.7660726076597"
"1974-02-23","20.8670984986541"
"1974-02-24","19.6559471361565"
"1974-02-25","15.9702483400122"
"1974-02-26","17.9121285269271"
"1974-02-27","22.004769358284"
"1974-02-28","19.6885359545291"
"1974-03-01","18.6082851401655"
"1974-03-02","21.527594896622"
"1974-03-03","27.3040765043977"
"1974-03-04","26.8862810093603"
"1974-03-05","21.5549172942256"
"1974-03-06","12.4346934871756"
"1974-03-07","17.9999280615802"
"1974-03-08","16.7921307055981"
"1974-03-09","24.5126862753005"
"1974-03-10","16.989674386524"
"1974-03-11","18.1148548373928"
"1974-03-12","15.0692838487171"
"1974-03-13","11.3791187294634"
"1974-03-14","26.8540625675416"
"1974-03-15","22.230303376268"
"1974-03-16","18.9934806287031"
"1974-03-17","19.3625805058005"
"1974-03-18","21.0434884859886"
"1974-03-19","21.9633355656744"
"1974-03-20","21.0537692065879"
"1974-03-21","7.30111329380052"
"1974-03-22","9.91893145738742"
"1974-03-23","1.72890291972594"
"1974-03-24","2.83813091635188"
"1974-03-25","5.62038806609777"
"1974-03-26","5.19985779178091"
"1974-03-27","4.90843929511644"
"1974-03-28","8.9621856078441"
"1974-03-29","8.58465075441253"
"1974-03-30","12.7201581156099"
"1974-03-31","1.91092390209049"
"1974-04-01","2.86131450108119"
"1974-04-02","7.51029894052646"
"1974-04-03","8.49648366139565"
"1974-04-04","10.1897690203283"
"1974-04-05","5.65537567881795"
"1974-04-06","0.970657673362014"
"1974-04-07","1.50431221091386"
"1974-04-08","3.80776734527571"
"1974-04-09","5.30150507538866"
"1974-04-10","2.41375011773337"
"1974-04-11","3.31185077685556"
"1974-04-12","6.00218659432935"
"1974-04-13","5.72084952587689"
"1974-04-14","6.37291151465792"
"1974-04-15","3.98104064082687"
"1974-04-16","6.97757813218352"
"1974-04-17","4.09760653095328"
"1974-04-18","4.35911645130678"
"1974-04-19","1.82574143141379"
"1974-04-20","2.61232324750909"
"1974-04-21","1.46287063880142"
"1974-04-22","0.774108963280723"
"1974-04-23","0.846708549210778"
"1974-04-24","0.119979282514519"
"1974-04-25","0.677252607718433"
"1974-04-26","0.857668717218426"
"1974-04-27","0.562487428935317"
"1974-04-28","1.14047615255886"
"1974-04-29","0.80782712538005"
"1974-04-30","0.914653090348878"
"1974-05-01","2.11814002763657"
"1974-05-02","1.8221979156072"
"1974-05-03","2.00472223978022"
"1974-05-04","3.03593338826002"
"1974-05-05","2.0302235149976"
"1974-05-06","2.67753884776846"
"1974-05-07","3.65299237161488"
"1974-05-08","3.70061265157931"
"1974-05-09","2.45560842855668"
"1974-05-10","2.62098605111564"
"1974-05-11","3.01001577640509"
"1974-05-12","2.81496449130954"
"1974-05-13","1.33819539606313"
"1974-05-14","0.649428257629985"
"1974-05-15","0.0755668910647626"
"1974-05-16","0.251477771474944"
"1974-05-17","0.648503445895203"
"1974-05-18","0.886923292240539"
"1974-05-19","1.1532475520006"
"1974-05-20","1.25920441966036"
"1974-05-21","0.905924800025436"
"1974-05-22","0.858591999842491"
"1974-05-23","2.0929791266784"
"1974-05-24","2.64314181102819"
"1974-05-25","3.16459655813324"
"1974-05-26","3.02173404724567"
"1974-05-27","2.523793955902"
"1974-05-28","2.27168366093656"
"1974-05-29","2.09011175802776"
"1974-05-30","1.90504850273008"
"1974-05-31","2.49235063042992"
"1974-06-01","2.39483756936474"
"1974-06-02","2.67780560074431"
"1974-06-03","1.67212598587011"
"1974-06-04","1.66048773529726"
"1974-06-05","3.17523502942288"
"1974-06-06","1.38625317373317"
"1974-06-07","1.10619906403802"
"1974-06-08","5.1286999957386"
"1974-06-09","3.64066999712032"
"1974-06-10","2.5507897061187"
"1974-06-11","2.90438120344501"
"1974-06-12","4.21536631398387"
"1974-06-13","1.98045801909971"
"1974-06-14","2.33649859412924"
"1974-06-15","2.84380221676517"
"1974-06-16","2.14761237200204"
"1974-06-17","1.92530977364742"
"1974-06-18","2.64587849043148"
"1974-06-19","5.89146839282213"
"1974-06-20","2.73066685416482"
"1974-06-21","0.864096234951701"
"1974-06-22","1.63121091932445"
"1974-06-23","2.46184074207818"
"1974-06-24","1.84691609526093"
"1974-06-25","2.62180038654443"
"1974-06-26","2.26799801133928"
"1974-06-27","1.69638306728173"
"1974-06-28","1.15261172216176"
"1974-06-29","0.942060437005062"
"1974-06-30","0.720540171577817"
"1974-07-01","2.31484400245534"
"1974-07-02","3.2702761062812"
"1974-07-03","1.79174727020842"
"1974-07-04","2.50084617050179"
"1974-07-05","0.952840039740393"
"1974-07-06","1.05948560152735"
"1974-07-07","1.37347527396627"
"1974-07-08","1.32047282985021"
"1974-07-09","1.65450647666857"
"1974-07-10","1.80053354070816"
"1974-07-11","1.73352068636841"
"1974-07-12","1.3375857313732"
"1974-07-13","1.64394056358379"
"1974-07-14","1.23953735660681"
"1974-07-15","1.89007389468032"
"1974-07-16","1.97727385518097"
"1974-07-17","0.315110081911603"
"1974-07-18","1.72266123951836"
"1974-07-19","1.53607267454202"
"1974-07-20","1.70270444123776"
"1974-07-21","2.0517544810261"
"1974-07-22","1.49178298095088"
"1974-07-23","1.54928908022967"
"1974-07-24","1.64245730703011"
"1974-07-25","4.37855039943348"
"1974-07-26","2.50847265988717"
"1974-07-27","1.89304304316446"
"1974-07-28","1.39712444528357"
"1974-07-29","1.02241120580987"
"1974-07-30","1.30741325614256"
"1974-07-31","0.678712596431439"
"1974-08-01","1.22363118730582"
"1974-08-02","2.42971756473764"
"1974-08-03","2.12478642288225"
"1974-08-04","2.96665588653449"
"1974-08-05","1.66348402634328"
"1974-08-06","1.28587934748951"
"1974-08-07","1.02023384362072"
"1974-08-08","3.16045909732967"
"1974-08-09","1.68982552940195"
"1974-08-10","2.77817141906524"
"1974-08-11","2.63358166310694"
"1974-08-12","1.51782947378757"
"1974-08-13","7.66646068333547"
"1974-08-14","2.1270450125267"
"1974-08-15","2.09813672200942"
"1974-08-16","1.79243824369722"
"1974-08-17","1.74612150138075"
"1974-08-18","1.46452361396897"
"1974-08-19","1.87379863097038"
"1974-08-20","1.94144645191374"
"1974-08-21","2.58938907054596"
"1974-08-22","0.441583641518504"
"1974-08-23","1.16563470648739"
"1974-08-24","2.6056597191534"
"1974-08-25","2.58857281022258"
"1974-08-26","2.10699329257527"
"1974-08-27","1.90705004166731"
"1974-08-28","1.7043332140167"
"1974-08-29","1.37106675445001"
"1974-08-30","1.40273130610908"
"1974-08-31","2.45532550156374"
"1974-09-01","0.746365421649182"
"1974-09-02","1.41557464713142"
"1974-09-03","3.77473498164833"
"1974-09-04","0.591128841494069"
"1974-09-05","1.07085316463724"
"1974-09-06","1.86315539414748"
"1974-09-07","1.84575517946508"
"1974-09-08","2.45869821826101"
"1974-09-09","2.43223116562996"
"1974-09-10","2.86118559713488"
"1974-09-11","7.32846665795231"
"1974-09-12","5.02671039568913"
"1974-09-13","1.55453346888998"
"1974-09-14","1.46741709474361"
"1974-09-15","1.86977354272619"
"1974-09-16","2.82493762433271"
"1974-09-17","3.05740481589264"
"1974-09-18","1.9599601543827"
"1974-09-19","1.02718029174454"
"1974-09-20","0.727434287533099"
"1974-09-21","1.46578673031423"
"1974-09-22","1.36234508616068"
"1974-09-23","0.762130442893866"
"1974-09-24","1.52668971145824"
"1974-09-25","4.05960584925367"
"1974-09-26","3.33753529539356"
"1974-09-27","3.0490091884291"
"1974-09-28","2.8253777581892"
"1974-09-29","2.31222999792594"
"1974-09-30","3.87214740323814"
"1974-10-01","3.90156561987741"
"1974-10-02","5.80129202619776"
"1974-10-03","3.96819281268429"
"1974-10-04","0.224162441311461"
"1974-10-05","0.243557100946253"
"1974-10-06","0.662563192895997"
"1974-10-07","0.864075924927022"
"1974-10-08","3.24799494258253"
"1974-10-09","2.22917257165496"
"1974-10-10","4.31785714677918"
"1974-10-11","2.45805165803794"
"1974-10-12","5.71027424841216"
"1974-10-13","3.41505357300564"
"1974-10-14","4.65462538483855"
"1974-10-15","8.7884002103434"
"1974-10-16","1.51042890574509"
"1974-10-17","2.30335653382978"
"1974-10-18","3.21578796136947"
"1974-10-19","3.3562175019995"
"1974-10-20","2.99792521753352"
"1974-10-21","5.25475205590715"
"1974-10-22","1.8291686726855"
"1974-10-23","2.43877566247791"
"1974-10-24","3.19446465360138"
"1974-10-25","0.891185416094152"
"1974-10-26","2.30411314886886"
"1974-10-27","2.72710737289288"
"1974-10-28","3.14363444315923"
"1974-10-29","5.35589465898869"
"1974-10-30","5.17058040466143"
"1974-10-31","4.46606188109427"
"1974-11-01","6.05605414935521"
"1974-11-02","4.74752702341451"
"1974-11-03","5.05326404509606"
"1974-11-04","6.82832872815978"
"1974-11-05","7.47272327968052"
"1974-11-06","5.74583588430892"
"1974-11-07","6.22797849890474"
"1974-11-08","19.2173092416871"
"1974-11-09","5.51572213544474"
"1974-11-10","7.95331560894524"
"1974-11-11","2.8815881253837"
"1974-11-12","2.93467339241143"
"1974-11-13","6.3589488469161"
"1974-11-14","6.83096158865726"
"1974-11-15","6.01265129588899"
"1974-11-16","8.7810675901768"
"1974-11-17","7.67345061446681"
"1974-11-18","6.34672104538261"
"1974-11-19","10.6661078671872"
"1974-11-20","11.6304289561846"
"1974-11-21","9.48336428068417"
"1974-11-22","12.4457983702292"
"1974-11-23","9.97736219100622"
"1974-11-24","17.3563950691388"
"1974-11-25","11.6592532484046"
"1974-11-26","6.65781524790314"
"1974-11-27","9.07326473818197"
"1974-11-28","12.1634864538779"
"1974-11-29","12.1938045241616"
"1974-11-30","5.39039113459649"
"1974-12-01","24.4824790872021"
"1974-12-02","17.5704097087249"
"1974-12-03","20.3966194499623"
"1974-12-04","8.66008502890021"
"1974-12-05","14.4924901450351"
"1974-12-06","30.4210563676182"
"1974-12-07","25.2765268556999"
"1974-12-08","20.0959975420139"
"1974-12-09","12.5178081483552"
"1974-12-10","15.1237682862715"
"1974-12-11","11.7048729302047"
"1974-12-12","10.8740421249753"
"1974-12-13","15.4674792867718"
"1974-12-14","22.1958148386571"
"1974-12-15","16.839957976238"
"1974-12-16","5.06408216117264"
"1974-12-17","14.6128326638952"
"1974-12-18","18.6430471015699"
"1974-12-19","23.2014382019704"
"1974-12-20","14.0249632457634"
"1974-12-21","19.3389736852605"
"1974-12-22","35.4247127962319"
"1974-12-23","26.7482423658495"
"1974-12-24","25.1774256776422"
"1974-12-25","11.3011727683988"
"1974-12-26","12.3834297481553"
"1974-12-27","19.8446392373089"
"1974-12-28","13.1781041838906"
"1974-12-29","12.7464468953929"
"1974-12-30","13.9537471094173"
"1974-12-31","20.7237277134156"
"1975-01-01","31.5016331693311"
"1975-01-02","19.8076968667827"
"1975-01-03","17.4005862417675"
"1975-01-04","17.7762540965885"
"1975-01-05","17.4950707959922"
"1975-01-06","26.0073613418645"
"1975-01-07","20.2325352301329"
"1975-01-08","20.9513970825063"
"1975-01-09","7.78365526674114"
"1975-01-10","6.83871342790075"
"1975-01-11","9.05828120904567"
"1975-01-12","12.5798355098411"
"1975-01-13","12.1651698273498"
"1975-01-14","16.4652125370967"
"1975-01-15","14.5107253795062"
"1975-01-16","17.2040900709309"
"1975-01-17","17.799870367174"
"1975-01-18","19.6520227869868"
"1975-01-19","26.9835761016581"
"1975-01-20","23.7833768340932"
"1975-01-21","22.312688579807"
"1975-01-22","20.7855420174537"
"1975-01-23","16.8332913510211"
"1975-01-24","6.83377048153898"
"1975-01-25","5.5619127528492"
"1975-01-26","12.0736249473704"
"1975-01-27","14.549509605804"
"1975-01-28","21.1450645397236"
"1975-01-29","29.4754359092547"
"1975-01-30","30.4527873414935"
"1975-01-31","34.4389129985463"
"1975-02-01","43.5436906525583"
"1975-02-02","37.1870136673832"
"1975-02-03","38.0116123017811"
"1975-02-04","36.5290245369915"
"1975-02-05","37.2322610714735"
"1975-02-06","29.7905915743345"
"1975-02-07","35.6931137481293"
"1975-02-08","52.3110386736981"
"1975-02-09","23.6038850643934"
"1975-02-10","17.8027863151583"
"1975-02-11","12.3120770640187"
"1975-02-12","19.0903000645823"
"1975-02-13","9.91427935563125"
"1975-02-14","22.8113936717376"
"1975-02-15","13.3937111871067"
"1975-02-16","26.3060560102587"
"1975-02-17","30.0745393414518"
"1975-02-18","25.9035636356899"
"1975-02-19","11.8664862005226"
"1975-02-20","26.620108567275"
"1975-02-21","16.1589873487299"
"1975-02-22","28.6191586498574"
"1975-02-23","28.8989913246848"
"1975-02-24","26.9868284365832"
"1975-02-25","22.3582250875828"
"1975-02-26","13.585216685291"
"1975-02-27","15.242081293296"
"1975-02-28","25.1915909820821"
"1975-03-01","20.2926258978906"
"1975-03-02","32.6476748082545"
"1975-03-03","15.1155649077841"
"1975-03-04","16.7420138941183"
"1975-03-05","20.9610423835325"
"1975-03-06","23.1906006965802"
"1975-03-07","15.8675531597881"
"1975-03-08","12.7258494075759"
"1975-03-09","15.4114366919447"
"1975-03-10","6.9710529438861"
"1975-03-11","9.57307808378558"
"1975-03-12","14.908032871428"
"1975-03-13","21.9178497388765"
"1975-03-14","31.1904191434125"
"1975-03-15","7.75937673681742"
"1975-03-16","6.235846499602"
"1975-03-17","27.9959230216551"
"1975-03-18","7.12573734712807"
"1975-03-19","13.1386376975419"
"1975-03-20","5.87679685581298"
"1975-03-21","8.65692576185449"
"1975-03-22","7.62480897820873"
"1975-03-23","10.0527505286328"
"1975-03-24","12.2598665792705"
"1975-03-25","14.1060076441084"
"1975-03-26","17.578383187711"
"1975-03-27","34.1588529363855"
"1975-03-28","9.69043471493246"
"1975-03-29","11.8076520688606"
"1975-03-30","12.8249767786497"
"1975-03-31","9.41548782406431"
"1975-04-01","7.07853321931063"
"1975-04-02","4.55025113222403"
"1975-04-03","27.6280987933601"
"1975-04-04","7.79524241587816"
"1975-04-05","4.10428379159985"
"1975-04-06","10.0703606626172"
"1975-04-07","7.12068696558734"
"1975-04-08","6.8805231217182"
"1975-04-09","14.4869801224052"
"1975-04-10","11.0234976310235"
"1975-04-11","11.6166741610605"
"1975-04-12","9.4102439395277"
"1975-04-13","12.6385670183025"
"1975-04-14","13.5652561125817"
"1975-04-15","10.2461770385891"
"1975-04-16","16.6168257354142"
"1975-04-17","12.2834202489812"
"1975-04-18","18.0835323375025"
"1975-04-19","7.67970226337383"
"1975-04-20","8.42856468989219"
"1975-04-21","6.03216551960289"
"1975-04-22","8.03639293439461"
"1975-04-23","10.0099384237677"
"1975-04-24","6.01688386351515"
"1975-04-25","9.8252893134113"
"1975-04-26","15.4029383329086"
"1975-04-27","10.4609251507433"
"1975-04-28","5.19481188342685"
"1975-04-29","12.3891338321554"
"1975-04-30","5.86531649007426"
"1975-05-01","11.3713850355768"
"1975-05-02","10.6618218236155"
"1975-05-03","10.5842354246032"
"1975-05-04","2.89836445076641"
"1975-05-05","5.47870175766222"
"1975-05-06","3.02470638070788"
"1975-05-07","5.49448041637222"
"1975-05-08","6.44449469743869"
"1975-05-09","3.65844410296642"
"1975-05-10","4.38150047456031"
"1975-05-11","2.70986740362077"
"1975-05-12","2.64938429036698"
"1975-05-13","3.40026886896654"
"1975-05-14","2.07452398293462"
"1975-05-15","2.48224122261072"
"1975-05-16","2.88191195341932"
"1975-05-17","4.76341218543259"
"1975-05-18","5.81830105250016"
"1975-05-19","8.06571952863173"
"1975-05-20","27.1048079858095"
"1975-05-21","17.2481237458976"
"1975-05-22","16.2339150895288"
"1975-05-23","7.7442821093968"
"1975-05-24","4.54174890920713"
"1975-05-25","2.10274739492507"
"1975-05-26","4.10316628643445"
"1975-05-27","4.24170977057833"
"1975-05-28","4.01745058705796"
"1975-05-29","3.85136083761851"
"1975-05-30","5.23412200898835"
"1975-05-31","4.73553028612426"
"1975-06-01","5.43235852940258"
"1975-06-02","8.79775224000345"
"1975-06-03","5.78236642905644"
"1975-06-04","8.26820899862232"
"1975-06-05","5.8255996304157"
"1975-06-06","3.2505255324758"
"1975-06-07","3.84111634064546"
"1975-06-08","3.74800576224472"
"1975-06-09","3.41644170841613"
"1975-06-10","3.67543063225684"
"1975-06-11","5.12634861004817"
"1975-06-12","4.06717138966441"
"1975-06-13","4.81356942498839"
"1975-06-14","3.62066320578257"
"1975-06-15","4.13477975362307"
"1975-06-16","4.99024120605353"
"1975-06-17","5.64630511467591"
"1975-06-18","4.24677531801777"
"1975-06-19","4.50954364698171"
"1975-06-20","7.97481293389292"
"1975-06-21","6.78206149891857"
"1975-06-22","3.49217567686395"
"1975-06-23","4.13709510920884"
"1975-06-24","2.35055056149825"
"1975-06-25","4.54427864283194"
"1975-06-26","2.78632405542192"
"1975-06-27","5.97223759213567"
"1975-06-28","4.55027040774688"
"1975-06-29","6.07612517437378"
"1975-06-30","3.37252047129008"
"1975-07-01","4.78569490930219"
"1975-07-02","3.96371470462708"
"1975-07-03","4.11403263698925"
"1975-07-04","3.67947370923443"
"1975-07-05","3.27869284359408"
"1975-07-06","1.62086368690838"
"1975-07-07","3.39461365484056"
"1975-07-08","4.59090171541486"
"1975-07-09","3.54175528716215"
"1975-07-10","5.2047079770596"
"1975-07-11","1.99822018518076"
"1975-07-12","0.386066922861518"
"1975-07-13","1.27806086180272"
"1975-07-14","1.32012032314296"
"1975-07-15","1.95520870761696"
"1975-07-16","1.29922263724205"
"1975-07-17","3.35766402570716"
"1975-07-18","4.45018616073575"
"1975-07-19","3.47208923927117"
"1975-07-20","2.73780638202057"
"1975-07-21","2.91943898461598"
"1975-07-22","7.98786459598706"
"1975-07-23","18.5377363580646"
"1975-07-24","5.88964913004921"
"1975-07-25","8.71111131746532"
"1975-07-26","6.04131117888859"
"1975-07-27","15.8088625024407"
"1975-07-28","13.1701424617272"
"1975-07-29","10.2351575976326"
"1975-07-30","20.3583448377006"
"1975-07-31","1.78259434386507"
"1975-08-01","2.02078801806355"
"1975-08-02","1.52369305736575"
"1975-08-03","0.557978275985945"
"1975-08-04","2.65488592086932"
"1975-08-05","2.27442195882529"
"1975-08-06","3.29622699249358"
"1975-08-07","2.6670415161492"
"1975-08-08","5.36632588002589"
"1975-08-09","7.95138814129355"
"1975-08-10","6.47345247619596"
"1975-08-11","2.66562744910583"
"1975-08-12","3.49686936614833"
"1975-08-13","2.58411524099705"
"1975-08-14","2.93178886071944"
"1975-08-15","2.89843909410171"
"1975-08-16","3.2610529054811"
"1975-08-17","5.28002378228423"
"1975-08-18","4.28377704651325"
"1975-08-19","23.1043627767852"
"1975-08-20","3.56517121905372"
"1975-08-21","3.09406713605959"
"1975-08-22","2.85699305951079"
"1975-08-23","4.09884985675027"
"1975-08-24","3.56879648553345"
"1975-08-25","7.70867750293765"
"1975-08-26","4.67588475643298"
"1975-08-27","8.24500393506252"
"1975-08-28","5.89958738145374"
"1975-08-29","5.77805355204132"
"1975-08-30","4.28039372199542"
"1975-08-31","3.50623601597625"
"1975-09-01","4.2356681173498"
"1975-09-02","7.07387758952715"
"1975-09-03","0.827360843779979"
"1975-09-04","1.31466638803224"
"1975-09-05","2.12020566214473"
"1975-09-06","2.97231723013378"
"1975-09-07","3.75225196333675"
"1975-09-08","6.96657057345172"
"1975-09-09","11.1305883364244"
"1975-09-10","4.56302152567612"
"1975-09-11","7.27353869939779"
"1975-09-12","17.2763546225312"
"1975-09-13","0.826985596449344"
"1975-09-14","2.74055277785181"
"1975-09-15","3.64351298953548"
"1975-09-16","0.540540181326144"
"1975-09-17","0.788127311670677"
"1975-09-18","0.498465256451012"
"1975-09-19","0.707492114532562"
"1975-09-20","1.3304433814891"
"1975-09-21","4.09321249666668"
"1975-09-22","2.44454145973379"
"1975-09-23","3.24260222653806"
"1975-09-24","3.44014551319601"
"1975-09-25","3.26615311005415"
"1975-09-26","5.42516308223014"
"1975-09-27","3.55868776690908"
"1975-09-28","1.00625481414588"
"1975-09-29","1.70171503225962"
"1975-09-30","2.21561189311923"
"1975-10-01","2.54740710072703"
"1975-10-02","2.16838842940021"
"1975-10-03","3.24336382940218"
"1975-10-04","3.61951868668263"
"1975-10-05","6.25464127899764"
"1975-10-06","11.7219267490106"
"1975-10-07","1.62926691976977"
"1975-10-08","0.0431286907146052"
"1975-10-09","0.150160639075103"
"1975-10-10","0.519684300471694"
"1975-10-11","1.97738341890372"
"1975-10-12","2.14889322485759"
"1975-10-13","1.63237568813485"
"1975-10-14","2.04771943500032"
"1975-10-15","1.83525275255178"
"1975-10-16","2.8575442673324"
"1975-10-17","2.74061875864541"
"1975-10-18","3.23607638697604"
"1975-10-19","2.10666418875451"
"1975-10-20","0.524898927803938"
"1975-10-21","0.323662351349216"
"1975-10-22","1.23649398085875"
"1975-10-23","1.89213016177669"
"1975-10-24","0.202354813792876"
"1975-10-25","0.573442452591219"
"1975-10-26","0.898582449465087"
"1975-10-27","2.61120443607306"
"1975-10-28","3.57153672315342"
"1975-10-29","2.80557286894167"
"1975-10-30","1.34599440451308"
"1975-10-31","0.465759391456971"
"1975-11-01","1.39795860609451"
"1975-11-02","1.77126880667426"
"1975-11-03","3.89348359438248"
"1975-11-04","2.72774056154928"
"1975-11-05","4.92056459678716"
"1975-11-06","3.86000721485584"
"1975-11-07","3.15242015360754"
"1975-11-08","3.94731926814818"
"1975-11-09","3.84219789814639"
"1975-11-10","3.18021741883579"
"1975-11-11","4.22398641305568"
"1975-11-12","5.92684729687579"
"1975-11-13","7.41895899937782"
"1975-11-14","6.1594643149025"
"1975-11-15","5.17009515731366"
"1975-11-16","7.9589423534674"
"1975-11-17","10.5877839889361"
"1975-11-18","10.8816816156561"
"1975-11-19","18.1505379408469"
"1975-11-20","3.91910506765564"
"1975-11-21","4.20162578733452"
"1975-11-22","7.78801385148779"
"1975-11-23","7.31088669165904"
"1975-11-24","25.5202477896884"
"1975-11-25","10.434406382697"
"1975-11-26","10.9122940379304"
"1975-11-27","11.0476112283153"
"1975-11-28","22.7815980209417"
"1975-11-29","15.9853262158183"
"1975-11-30","16.9760288882565"
"1975-12-01","16.2606039831649"
"1975-12-02","20.2208565468396"
"1975-12-03","2.17589157174676"
"1975-12-04","5.22257621515365"
"1975-12-05","12.7810594798167"
"1975-12-06","13.833982581184"
"1975-12-07","18.0104193708081"
"1975-12-08","12.9234019234067"
"1975-12-09","14.6359163734304"
"1975-12-10","22.1522085553124"
"1975-12-11","58.0948522823714"
"1975-12-12","23.647168609487"
"1975-12-13","5.78956033037854"
"1975-12-14","3.04861283250701"
"1975-12-15","7.67773941378573"
"1975-12-16","14.3805222800284"
"1975-12-17","24.2319173689012"
"1975-12-18","9.49454756526204"
"1975-12-19","13.2754349502134"
"1975-12-20","13.6159459853069"
"1975-12-21","15.9471907842727"
"1975-12-22","27.4879564722895"
"1975-12-23","17.0391861597697"
"1975-12-24","25.4084944456687"
"1975-12-25","21.8088043922986"
"1975-12-26","24.044132860192"
"1975-12-27","19.2398564309785"
"1975-12-28","9.50691377342521"
"1975-12-29","9.23045479270803"
"1975-12-30","17.5560639513519"
"1975-12-31","24.087762584934"
"1976-01-01","32.4312784516966"
"1976-01-02","23.6481869065916"
"1976-01-03","31.472693323573"
"1976-01-04","58.8143006527063"
"1976-01-05","17.7586364746094"
"1976-01-06","15.922015580264"
"1976-01-07","17.0037114279611"
"1976-01-08","20.2605384314731"
"1976-01-09","11.3858146729407"
"1976-01-10","22.6371563213728"
"1976-01-11","12.640775240861"
"1976-01-12","2.95794542733725"
"1976-01-13","15.7677755892535"
"1976-01-14","16.6378682000296"
"1976-01-15","22.5858885158192"
"1976-01-16","20.5199387455399"
"1976-01-17","24.4609638065487"
"1976-01-18","33.5068202906357"
"1976-01-19","24.4535783668617"
"1976-01-20","24.0559875480024"
"1976-01-21","25.3285730205057"
"1976-01-22","23.8482310513913"
"1976-01-23","24.8876562448807"
"1976-01-24","21.9504498031748"
"1976-01-25","10.8001173977212"
"1976-01-26","16.5501162169816"
"1976-01-27","16.8908532852734"
"1976-01-28","14.3814578304043"
"1976-01-29","20.3644886016846"
"1976-01-30","31.9342309117833"
"1976-01-31","26.9979383377802"
"1976-02-01","9.59124554029275"
"1976-02-02","24.3765919466555"
"1976-02-03","18.0424782228676"
"1976-02-04","22.9739879467787"
"1976-02-05","23.7360413291238"
"1976-02-06","29.5577040337897"
"1976-02-07","27.3054344788258"
"1976-02-08","13.2535651978992"
"1976-02-09","8.37303041895747"
"1976-02-10","18.3137752565987"
"1976-02-11","20.8959774042105"
"1976-02-12","22.3280715694675"
"1976-02-13","23.6098201636112"
"1976-02-14","28.8174951891878"
"1976-02-15","22.0546870582548"
"1976-02-16","23.0561688988756"
"1976-02-17","33.5354711937182"
"1976-02-18","7.85528516046929"
"1976-02-19","8.84012928050318"
"1976-02-20","19.2496862617922"
"1976-02-21","21.2340697622918"
"1976-02-22","18.0196697804835"
"1976-02-23","17.9852740713012"
"1976-02-24","22.7873250375062"
"1976-02-25","15.1942921985279"
"1976-02-26","16.6448640905933"
"1976-02-27","28.5554742193841"
"1976-02-28","31.6565865685929"
"1976-02-29","3.71104519552999"
"1976-03-01","4.24366876973218"
"1976-03-02","9.67971631974885"
"1976-03-03","21.1912637830297"
"1976-03-04","19.4703326534915"
"1976-03-05","14.4764710896975"
"1976-03-06","14.379137043313"
"1976-03-07","14.5377041663958"
"1976-03-08","19.4697547474981"
"1976-03-09","33.1751867104402"
"1976-03-10","18.852569542922"
"1976-03-11","18.271485621795"
"1976-03-12","20.9762443154405"
"1976-03-13","15.1310896192278"
"1976-03-14","26.2102766573687"
"1976-03-15","22.4216027363038"
"1976-03-16","9.68155554156283"
"1976-03-17","15.6726881167589"
"1976-03-18","15.2627495439538"
"1976-03-19","17.1860106703523"
"1976-03-20","22.2054138968001"
"1976-03-21","12.2812258175441"
"1976-03-22","9.05603340590671"
"1976-03-23","10.3058128996845"
"1976-03-24","10.2993208536338"
"1976-03-25","17.7207703074336"
"1976-03-26","17.7496338551179"
"1976-03-27","21.1387857214197"
"1976-03-28","13.5446645583941"
"1976-03-29","17.7824024142641"
"1976-03-30","10.0369127054751"
"1976-03-31","11.8143577864676"
"1976-04-01","25.5405142813018"
"1976-04-02","12.6580029999539"
"1976-04-03","12.4821105519414"
"1976-04-04","12.1848041092679"
"1976-04-05","12.9455063332727"
"1976-04-06","6.78161929076884"
"1976-04-07","8.4736764585817"
"1976-04-08","10.2009843520788"
"1976-04-09","14.9873405720764"
"1976-04-10","11.9838585894861"
"1976-04-11","12.4090637314371"
"1976-04-12","5.34348517785341"
"1976-04-13","11.4892750575945"
"1976-04-14","7.93385491794322"
"1976-04-15","16.7582161271727"
"1976-04-16","28.6333821366876"
"1976-04-17","10.9048137066168"
"1976-04-18","12.4402099254327"
"1976-04-19","8.185632638601"
"1976-04-20","9.19586592422419"
"1976-04-21","9.96551971518116"
"1976-04-22","9.34754206917503"
"1976-04-23","6.27229244368417"
"1976-04-24","8.01405168714977"
"1976-04-25","24.1327296665737"
"1976-04-26","11.3199013631581"
"1976-04-27","8.52837077776591"
"1976-04-28","9.56519720977519"
"1976-04-29","8.53264876051899"
"1976-04-30","4.78134637064748"
"1976-05-01","6.46304775213266"
"1976-05-02","11.4709050479905"
"1976-05-03","14.8959705406453"
"1976-05-04","7.02709728401977"
"1976-05-05","6.77909675098601"
"1976-05-06","5.4498402029921"
"1976-05-07","8.89490455776066"
"1976-05-08","7.74894230912774"
"1976-05-09","7.63394678309882"
"1976-05-10","6.59875973684963"
"1976-05-11","7.75446267251845"
"1976-05-12","7.80580440434543"
"1976-05-13","6.30785817707772"
"1976-05-14","7.60368144873417"
"1976-05-15","10.7134367418496"
"1976-05-16","7.08039023659446"
"1976-05-17","5.35841748621557"
"1976-05-18","5.06622633995948"
"1976-05-19","4.06166464167756"
"1976-05-20","4.72416717665536"
"1976-05-21","12.0043788327799"
"1976-05-22","1.27488958138924"
"1976-05-23","6.72234851147705"
"1976-05-24","4.83545412439288"
"1976-05-25","4.21137494132632"
"1976-05-26","4.02930712235438"
"1976-05-27","4.2862972093351"
"1976-05-28","6.88200948248694"
"1976-05-29","9.54918791824605"
"1976-05-30","12.3162533483464"
"1976-05-31","19.7683875963285"
"1976-06-01","7.56815901101926"
"1976-06-02","3.35264293997835"
"1976-06-03","3.97056330592085"
"1976-06-04","4.71327532111824"
"1976-06-05","5.70518161620929"
"1976-06-06","15.4520156269982"
"1976-06-07","3.44886954986688"
"1976-06-08","2.2003270813397"
"1976-06-09","2.42087896716543"
"1976-06-10","3.33928366605338"
"1976-06-11","1.71029241673358"
"1976-06-12","3.06058663749076"
"1976-06-13","2.31815942412331"
"1976-06-14","4.33624105381243"
"1976-06-15","3.75964878647874"
"1976-06-16","3.76686671724567"
"1976-06-17","3.56871172101983"
"1976-06-18","3.68101264233197"
"1976-06-19","3.25518544463368"
"1976-06-20","5.98211407764649"
"1976-06-21","3.84828879926112"
"1976-06-22","4.79048769453387"
"1976-06-23","6.25986351285662"
"1976-06-24","3.06793740043392"
"1976-06-25","8.91597536941627"
"1976-06-26","7.26906352951413"
"1976-06-27","3.36214041813111"
"1976-06-28","2.40973430078525"
"1976-06-29","2.06995532071436"
"1976-06-30","1.80737404825238"
"1976-07-01","2.46859623172453"
"1976-07-02","5.56022477227372"
"1976-07-03","1.22605419894318"
"1976-07-04","2.93705727218033"
"1976-07-05","3.25991249987573"
"1976-07-06","1.93691141471202"
"1976-07-07","4.85668018292555"
"1976-07-08","4.32879549884177"
"1976-07-09","2.73082791068853"
"1976-07-10","1.70077984751045"
"1976-07-11","3.65032452525515"
"1976-07-12","2.77737645579107"
"1976-07-13","3.89304588393215"
"1976-07-14","7.40440597833493"
"1976-07-15","3.63124044065352"
"1976-07-16","3.88203105885229"
"1976-07-17","3.11117318569324"
"1976-07-18","4.274287870436"
"1976-07-19","2.57716355708254"
"1976-07-20","5.0319559357383"
"1976-07-21","2.70630356063058"
"1976-07-22","3.05061600244407"
"1976-07-23","7.55483816196392"
"1976-07-24","13.162371249426"
"1976-07-25","5.26507059397635"
"1976-07-26","6.83087696038283"
"1976-07-27","7.07145498531721"
"1976-07-28","3.3983969871616"
"1976-07-29","1.30761112611402"
"1976-07-30","2.78230142257946"
"1976-07-31","2.60461659716579"
"1976-08-01","3.70926687372969"
"1976-08-02","3.40206594236227"
"1976-08-03","4.41083190761087"
"1976-08-04","3.42038407779875"
"1976-08-05","15.1793860893745"
"1976-08-06","5.21363577930442"
"1976-08-07","5.01480200512585"
"1976-08-08","3.05294488054333"
"1976-08-09","5.46097162740055"
"1976-08-10","4.27868009852124"
"1976-08-11","8.11290316251449"
"1976-08-12","4.95499919322662"
"1976-08-13","4.27028499253384"
"1976-08-14","3.73457393708167"
"1976-08-15","6.49194322313581"
"1976-08-16","14.5313173898887"
"1976-08-17","5.27205103197139"
"1976-08-18","5.27428217109664"
"1976-08-19","6.35666341750653"
"1976-08-20","6.27763434354361"
"1976-08-21","20.9760889098758"
"1976-08-22","12.3638946390771"
"1976-08-23","1.94061829078765"
"1976-08-24","4.38654755565511"
"1976-08-25","4.80833960250343"
"1976-08-26","4.72331256267828"
"1976-08-27","6.22445426926468"
"1976-08-28","5.77428167516535"
"1976-08-29","8.23526366448506"
"1976-08-30","13.301081230114"
"1976-08-31","8.60472101669807"
"1976-09-01","1.56227132136172"
"1976-09-02","2.28401986048335"
"1976-09-03","5.6283399382711"
"1976-09-04","4.71311699208759"
"1976-09-05","6.28265433342426"
"1976-09-06","6.06950661785159"
"1976-09-07","5.57483804277527"
"1976-09-08","6.92748997015354"
"1976-09-09","5.02390734986825"
"1976-09-10","2.01788662435301"
"1976-09-11","4.1201236486693"
"1976-09-12","4.30413198793605"
"1976-09-13","4.58123207659948"
"1976-09-14","4.18165625328625"
"1976-09-15","6.85886078221457"
"1976-09-16","2.91767658996376"
"1976-09-17","5.98782625704101"
"1976-09-18","11.4956975643769"
"1976-09-19","9.77444576081776"
"1976-09-20","4.63255600521575"
"1976-09-21","3.9196953598039"
"1976-09-22","2.28666935235391"
"1976-09-23","5.35287413142976"
"1976-09-24","7.94642004099759"
"1976-09-25","9.12471088702545"
"1976-09-26","10.2853285069073"
"1976-09-27","14.0899548654432"
"1976-09-28","15.2033164243161"
"1976-09-29","27.9033668691462"
"1976-09-30","4.58387998636667"
"1976-10-01","6.5874034506934"
"1976-10-02","6.35904976093408"
"1976-10-03","2.27455176613032"
"1976-10-04","5.36047876139224"
"1976-10-05","7.3829796739987"
"1976-10-06","6.55625249890538"
"1976-10-07","4.7782746104451"
"1976-10-08","5.52934263769166"
"1976-10-09","6.18592227640606"
"1976-10-10","5.49282005751804"
"1976-10-11","7.92462191540441"
"1976-10-12","8.55798368536549"
"1976-10-13","4.3839978939527"
"1976-10-14","6.54026032577861"
"1976-10-15","4.59168890905587"
"1976-10-16","2.74834961208688"
"1976-10-17","5.25397743278252"
"1976-10-18","5.52106603644627"
"1976-10-19","8.73056130388598"
"1976-10-20","12.6811118208485"
"1976-10-21","8.34179755774411"
"1976-10-22","6.26709111531575"
"1976-10-23","6.4183243322166"
"1976-10-24","8.95321053550357"
"1976-10-25","7.16635051434174"
"1976-10-26","10.9349575135615"
"1976-10-27","9.26863536999855"
"1976-10-28","8.34604526391793"
"1976-10-29","11.0029679345878"
"1976-10-30","11.2611402670542"
"1976-10-31","12.2678848675319"
"1976-11-01","8.08633099799548"
"1976-11-02","1.48736219449993"
"1976-11-03","0.483041087528328"
"1976-11-04","1.95938170375504"
"1976-11-05","1.99576948550872"
"1976-11-06","3.56467373301457"
"1976-11-07","5.11766000072677"
"1976-11-08","11.1144386173843"
"1976-11-09","18.6895020080335"
"1976-11-10","11.392813071544"
"1976-11-11","20.0270137229523"
"1976-11-12","21.1654645663835"
"1976-11-13","16.4737908602793"
"1976-11-14","21.7507579233739"
"1976-11-15","10.9683032717024"
"1976-11-16","9.01289225966383"
"1976-11-17","11.650204637866"
"1976-11-18","9.06295895679689"
"1976-11-19","7.62606294846638"
"1976-11-20","8.88319393566677"
"1976-11-21","9.61548822679561"
"1976-11-22","9.04970306854744"
"1976-11-23","10.1841068897412"
"1976-11-24","13.9883815055286"
"1976-11-25","8.35674640316984"
"1976-11-26","6.72552693561042"
"1976-11-27","16.9965400675158"
"1976-11-28","20.452466205085"
"1976-11-29","17.3631965381242"
"1976-11-30","4.38788329780876"
"1976-12-01","10.4128736107896"
"1976-12-02","12.8028389912147"
"1976-12-03","27.3864809506899"
"1976-12-04","13.4819787704583"
"1976-12-05","12.6270241520622"
"1976-12-06","30.4791028417034"
"1976-12-07","17.4499367976085"
"1976-12-08","26.2314832158935"
"1976-12-09","19.6958986175009"
"1976-12-10","25.0312547848854"
"1976-12-11","21.1841343739332"
"1976-12-12","16.7946217091053"
"1976-12-13","13.6273860363733"
"1976-12-14","39.4762183928386"
"1976-12-15","2.84062260182905"
"1976-12-16","4.89049630041246"
"1976-12-17","7.51537605384728"
"1976-12-18","13.2191811371675"
"1976-12-19","15.115571222264"
"1976-12-20","33.7159578562815"
"1976-12-21","36.2680318592947"
"1976-12-22","54.1762083144415"
"1976-12-23","4.82680286576738"
"1976-12-24","3.57159102633918"
"1976-12-25","11.7642344303461"
"1976-12-26","14.5665185503113"
"1976-12-27","16.1066845588354"
"1976-12-28","18.6868385814485"
"1976-12-29","13.1177455367464"
"1976-12-30","30.6841574623471"
"1976-12-31","74.460704572273"
"1977-01-01","12.5545627152249"
"1977-01-02","18.3961080204357"
"1977-01-03","19.1156898535691"
"1977-01-04","25.3767059871129"
"1977-01-05","33.5295067246342"
"1977-01-06","29.1128224335708"
"1977-01-07","46.670502163115"
"1977-01-08","35.0895998405688"
"1977-01-09","54.790956125631"
"1977-01-10","22.6776424981815"
"1977-01-11","26.4852850241062"
"1977-01-12","30.2573559170678"
"1977-01-13","29.6226184481666"
"1977-01-14","3.95003058616217"
"1977-01-15","7.74058141646447"
"1977-01-16","11.6163320942617"
"1977-01-17","7.73172827806824"
"1977-01-18","16.8064431700356"
"1977-01-19","23.3643556755859"
"1977-01-20","26.9900755593271"
"1977-01-21","16.6144742367071"
"1977-01-22","12.3619521004813"
"1977-01-23","12.8839938547704"
"1977-01-24","16.0865212973062"
"1977-01-25","18.4035901569185"
"1977-01-26","21.834341916171"
"1977-01-27","35.0288403911508"
"1977-01-28","37.7297159500452"
"1977-01-29","70.6102728245062"
"1977-01-30","21.113260277422"
"1977-01-31","30.7999842672637"
"1977-02-01","25.2727499833871"
"1977-02-02","25.1999583801666"
"1977-02-03","21.3201309344469"
"1977-02-04","36.3001041082077"
"1977-02-05","18.1231600969901"
"1977-02-06","17.6511141603643"
"1977-02-07","20.6099596271267"
"1977-02-08","35.1406256605536"
"1977-02-09","37.9727550729529"
"1977-02-10","45.4356176368086"
"1977-02-11","49.1333934982102"
"1977-02-12","51.2455649024996"
"1977-02-13","11.5350814433325"
"1977-02-14","24.3548815590995"
"1977-02-15","31.4834336284951"
"1977-02-16","32.2174105871291"
"1977-02-17","31.873536196622"
"1977-02-18","14.0506487821604"
"1977-02-19","24.9652109393826"
"1977-02-20","26.8601187586268"
"1977-02-21","3.54293349243346"
"1977-02-22","3.18195913003121"
"1977-02-23","15.8580797451399"
"1977-02-24","14.382262405379"
"1977-02-25","18.7520463415039"
"1977-02-26","12.7720088566537"
"1977-02-27","14.3834493831123"
"1977-02-28","18.3359142154842"
"1977-03-01","19.845673012011"
"1977-03-02","16.2494300949625"
"1977-03-03","35.1534409956499"
"1977-03-04","13.1323776368971"
"1977-03-05","23.7166425201284"
"1977-03-06","26.0151796712504"
"1977-03-07","16.5279893297138"
"1977-03-08","18.2154424469192"
"1977-03-09","20.0949551636006"
"1977-03-10","27.0692288039567"
"1977-03-11","42.8031934845499"
"1977-03-12","17.1553542892654"
"1977-03-13","14.6394597379676"
"1977-03-14","59.282658250817"
"1977-03-15","10.9190916271953"
"1977-03-16","11.3401301990856"
"1977-03-17","11.9238284366987"
"1977-03-18","11.7058294696725"
"1977-03-19","12.2165413976232"
"1977-03-20","15.1699022710065"
"1977-03-21","18.1713412974304"
"1977-03-22","28.8337003039075"
"1977-03-23","5.22184813280642"
"1977-03-24","3.47349960476289"
"1977-03-25","6.78200596183926"
"1977-03-26","5.26310978565381"
"1977-03-27","5.3023322376854"
"1977-03-28","9.89223345740017"
"1977-03-29","10.1370070383146"
"1977-03-30","6.05396112012657"
"1977-03-31","18.9206813052619"
"1977-04-01","10.3938024487846"
"1977-04-02","11.5165167804404"
"1977-04-03","11.1360126687335"
"1977-04-04","10.0895356079201"
"1977-04-05","38.7974243907185"
"1977-04-06","7.82946188522108"
"1977-04-07","1.91098650683572"
"1977-04-08","2.48007801523456"
"1977-04-09","6.83360332947273"
"1977-04-10","6.26880220881788"
"1977-04-11","6.27577793236935"
"1977-04-12","7.77859202091828"
"1977-04-13","5.29687248009108"
"1977-04-14","3.33764249215394"
"1977-04-15","7.0910095755672"
"1977-04-16","9.45817591927268"
"1977-04-17","8.46379239115364"
"1977-04-18","6.68901092562325"
"1977-04-19","5.74933991545723"
"1977-04-20","8.14757737968907"
"1977-04-21","10.2290055855012"
"1977-04-22","7.23215408139415"
"1977-04-23","6.05178530236859"
"1977-04-24","6.68140963610117"
"1977-04-25","5.20507704127919"
"1977-04-26","7.6226706659639"
"1977-04-27","8.68814151214831"
"1977-04-28","8.47593023663475"
"1977-04-29","5.96685137841609"
"1977-04-30","4.90291454988125"
"1977-05-01","5.68848432245709"
"1977-05-02","5.69204701747729"
"1977-05-03","10.085755459674"
"1977-05-04","16.9088316149526"
"1977-05-05","4.23345085914001"
"1977-05-06","1.59201321438019"
"1977-05-07","3.32249034741224"
"1977-05-08","6.02273478446069"
"1977-05-09","8.76131932663195"
"1977-05-10","6.16913875408503"
"1977-05-11","5.73427523008157"
"1977-05-12","5.36038376707019"
"1977-05-13","1.88781666833085"
"1977-05-14","8.37673360238344"
"1977-05-15","11.9005862686025"
"1977-05-16","15.2873431862175"
"1977-05-17","2.66400739589295"
"1977-05-18","0.503855010357512"
"1977-05-19","1.60338510850291"
"1977-05-20","6.35824061781813"
"1977-05-21","3.78956220960204"
"1977-05-22","3.79956860704855"
"1977-05-23","2.94830227659378"
"1977-05-24","0.91495872824352"
"1977-05-25","1.51689481322383"
"1977-05-26","6.27441690546094"
"1977-05-27","2.67702955871949"
"1977-05-28","5.31711637302911"
"1977-05-29","3.83202956739442"
"1977-05-30","4.3886076738308"
"1977-05-31","2.19616427188699"
"1977-06-01","2.658098281849"
"1977-06-02","2.4369509163357"
"1977-06-03","2.38394592554022"
"1977-06-04","2.6055496913014"
"1977-06-05","2.67098561690483"
"1977-06-06","4.19578671119946"
"1977-06-07","3.41038132823391"
"1977-06-08","3.13031473588118"
"1977-06-09","3.41615228967749"
"1977-06-10","3.102179072378"
"1977-06-11","3.89050101898449"
"1977-06-12","2.68217371810566"
"1977-06-13","3.85975088133956"
"1977-06-14","6.27527611957484"
"1977-06-15","2.12655684132597"
"1977-06-16","0.56071492774791"
"1977-06-17","1.69642670123608"
"1977-06-18","0.231198773707275"
"1977-06-19","0.604667671266701"
"1977-06-20","0.836075300326595"
"1977-06-21","1.10319215510831"
"1977-06-22","1.23850168455473"
"1977-06-23","1.8646809390355"
"1977-06-24","3.29455382173712"
"1977-06-25","3.34824800233304"
"1977-06-26","1.66197609037032"
"1977-06-27","1.65261181840649"
"1977-06-28","1.80154764368421"
"1977-06-29","0.977981760259314"
"1977-06-30","2.05009433394903"
"1977-07-01","1.32798493008464"
"1977-07-02","1.28061047015768"
"1977-07-03","3.15886539788473"
"1977-07-04","1.65407861582129"
"1977-07-05","1.62234332125424"
"1977-07-06","2.54976609362152"
"1977-07-07","2.31219555624636"
"1977-07-08","1.61939466567267"
"1977-07-09","2.22317837817328"
"1977-07-10","2.0283725780326"
"1977-07-11","1.32023105399433"
"1977-07-12","1.64466677315823"
"1977-07-13","5.12144291246092"
"1977-07-14","3.35514546730818"
"1977-07-15","2.47784606306068"
"1977-07-16","2.28133100400239"
"1977-07-17","2.60322107148893"
"1977-07-18","1.74392357262182"
"1977-07-19","2.26834922538691"
"1977-07-20","3.11199429179683"
"1977-07-21","8.40214510397478"
"1977-07-22","7.10526389786691"
"1977-07-23","2.87386587146041"
"1977-07-24","2.79538281655415"
"1977-07-25","2.82956915745487"
"1977-07-26","3.61476715483191"
"1977-07-27","1.04841954293318"
"1977-07-28","1.83636508243425"
"1977-07-29","2.37125196175658"
"1977-07-30","2.92287879692012"
"1977-07-31","4.36019125000223"
"1977-08-01","2.33223481985914"
"1977-08-02","2.094600935519"
"1977-08-03","1.96899106582522"
"1977-08-04","1.65672672691541"
"1977-08-05","3.80876969026797"
"1977-08-06","3.23359079691239"
"1977-08-07","4.03924332965504"
"1977-08-08","2.30082893397385"
"1977-08-09","5.6540486394585"
"1977-08-10","9.48891413779486"
"1977-08-11","15.7688803672791"
"1977-08-12","3.38649407196871"
"1977-08-13","3.30903453202475"
"1977-08-14","3.90794600914051"
"1977-08-15","4.87932891505105"
"1977-08-16","3.38880794440513"
"1977-08-17","11.2049919103647"
"1977-08-18","5.78127145096337"
"1977-08-19","21.9441431796912"
"1977-08-20","12.4302063050208"
"1977-08-21","5.16135016096619"
"1977-08-22","2.89847278543365"
"1977-08-23","9.47327424024607"
"1977-08-24","14.6751054850492"
"1977-08-25","13.2974208113435"
"1977-08-26","24.5749791463216"
"1977-08-27","4.53328111987093"
"1977-08-28","5.28023196092416"
"1977-08-29","3.90321930817195"
"1977-08-30","3.93060677546959"
"1977-08-31","3.99152687617711"
"1977-09-01","3.72123069577403"
"1977-09-02","2.67275529816037"
"1977-09-03","5.20621509366221"
"1977-09-04","4.60717884338263"
"1977-09-05","4.28103701170389"
"1977-09-06","4.03855535013851"
"1977-09-07","7.8232485535857"
"1977-09-08","18.3037703873275"
"1977-09-09","5.22377694943251"
"1977-09-10","3.88063137665455"
"1977-09-11","6.36762074474648"
"1977-09-12","0.882594332873047"
"1977-09-13","2.65039777755737"
"1977-09-14","2.95810876960878"
"1977-09-15","2.98044456160946"
"1977-09-16","3.58187025243586"
"1977-09-17","8.11956482841855"
"1977-09-18","8.37507232236656"
"1977-09-19","8.5077907213401"
"1977-09-20","5.31818856202163"
"1977-09-21","18.6040166301645"
"1977-09-22","11.5105676485863"
"1977-09-23","7.60950095312936"
"1977-09-24","6.76228533472334"
"1977-09-25","8.57896921438572"
"1977-09-26","6.73886765597703"
"1977-09-27","5.56704100540706"
"1977-09-28","20.0256924773708"
"1977-09-29","4.05326100319495"
"1977-09-30","7.48429285912287"
"1977-10-01","10.5733386654874"
"1977-10-02","1.73230625630973"
"1977-10-03","1.09076016996201"
"1977-10-04","4.65976040961938"
"1977-10-05","6.92000180095821"
"1977-10-06","5.77916148782292"
"1977-10-07","5.07000336399326"
"1977-10-08","8.89298232499655"
"1977-10-09","5.55259616834261"
"1977-10-10","8.62377301542274"
"1977-10-11","19.4461525570263"
"1977-10-12","25.5239375225909"
"1977-10-13","47.5213424302799"
"1977-10-14","12.586998642265"
"1977-10-15","11.7648742085411"
"1977-10-16","7.30869796472194"
"1977-10-17","12.7173510134478"
"1977-10-18","11.1175274983113"
"1977-10-19","13.1803361182605"
"1977-10-20","7.70584069598805"
"1977-10-21","5.35429299238956"
"1977-10-22","10.1258083679975"
"1977-10-23","9.78221738493288"
"1977-10-24","13.141829485501"
"1977-10-25","20.6667884521154"
"1977-10-26","22.7618285918133"
"1977-10-27","34.1744718097505"
"1977-10-28","30.4912055746301"
"1977-10-29","7.62691007857715"
"1977-10-30","9.67878250848679"
"1977-10-31","12.1895524309827"
"1977-11-01","8.82491486619561"
"1977-11-02","10.8313288296456"
"1977-11-03","15.0602070242812"
"1977-11-04","35.1150635558289"
"1977-11-05","14.2962013446923"
"1977-11-06","14.1428650013812"
"1977-11-07","18.954141443426"
"1977-11-08","16.8795648426205"
"1977-11-09","32.9777375960247"
"1977-11-10","8.9850959607533"
"1977-11-11","15.9398504067293"
"1977-11-12","10.2395882751002"
"1977-11-13","38.9035573769441"
"1977-11-14","6.64598618647753"
"1977-11-15","13.9013588335607"
"1977-11-16","10.9472261889156"
"1977-11-17","18.8481281453913"
"1977-11-18","20.7129137154781"
"1977-11-19","20.1712161596719"
"1977-11-20","15.760165926698"
"1977-11-21","15.462544996501"
"1977-11-22","12.8805868027014"
"1977-11-23","18.4320936017222"
"1977-11-24","18.638723767681"
"1977-11-25","23.3551801293443"
"1977-11-26","31.9465520165183"
"1977-11-27","2.21444213196829"
"1977-11-28","1.47514418009427"
"1977-11-29","0.641595012794583"
"1977-11-30","5.00419462101284"
"1977-12-01","14.1528578785075"
"1977-12-02","13.6671575405897"
"1977-12-03","18.0370927641402"
"1977-12-04","14.4159358208314"
"1977-12-05","11.1856199714529"
"1977-12-06","13.2785645955569"
"1977-12-07","16.6942041353746"
"1977-12-08","32.1564094659054"
"1977-12-09","37.503829196418"
"1977-12-10","16.5321118263971"
"1977-12-11","26.2779484414435"
"1977-12-12","43.9058754000313"
"1977-12-13","44.0832482292539"
"1977-12-14","53.3045914307301"
"1977-12-15","22.2456590231363"
"1977-12-16","14.7645432752964"
"1977-12-17","26.6375976579014"
"1977-12-18","11.5953152313893"
"1977-12-19","17.6646026347107"
"1977-12-20","25.9392317693471"
"1977-12-21","21.6306247009343"
"1977-12-22","43.6080766405378"
"1977-12-23","24.7814761694376"
"1977-12-24","19.9326678994414"
"1977-12-25","3.01163567609085"
"1977-12-26","12.4555352570175"
"1977-12-27","14.5284156985097"
"1977-12-28","12.145426265089"
"1977-12-29","10.7527385439192"
"1977-12-30","24.2454154728811"
"1977-12-31","30.0673490540806"
"1978-01-01","51.7909387200426"
"1978-01-02","15.3977158575347"
"1978-01-03","16.0470609355282"
"1978-01-04","18.9708534133383"
"1978-01-05","4.81325219410322"
"1978-01-06","8.34403160227326"
"1978-01-07","19.3521540422976"
"1978-01-08","35.0348274924538"
"1978-01-09","29.7348670959473"
"1978-01-10","31.1559580063923"
"1978-01-11","21.7301375938184"
"1978-01-12","20.5910161790394"
"1978-01-13","24.9175616962053"
"1978-01-14","37.9468220467175"
"1978-01-15","43.1046721388251"
"1978-01-16","19.1101778699206"
"1978-01-17","31.0430802927389"
"1978-01-18","24.5504337740151"
"1978-01-19","34.4221563380518"
"1978-01-20","36.446817323759"
"1978-01-21","11.6030815793322"
"1978-01-22","23.0259307060407"
"1978-01-23","7.61808961500853"
"1978-01-24","18.9820144372585"
"1978-01-25","22.1669603900992"
"1978-01-26","27.0389615550186"
"1978-01-27","22.2478839577018"
"1978-01-28","25.4495797921053"
"1978-01-29","19.6758537540188"
"1978-01-30","5.9348245472103"
"1978-01-31","15.8534260188346"
"1978-02-01","27.5200701420441"
"1978-02-02","34.5523816558706"
"1978-02-03","38.2896950379079"
"1978-02-04","29.9396596140676"
"1978-02-05","16.4485969667311"
"1978-02-06","23.3650839793218"
"1978-02-07","13.5288074604877"
"1978-02-08","21.9480437819576"
"1978-02-09","27.3868228449966"
"1978-02-10","33.251399415912"
"1978-02-11","17.3057031672754"
"1978-02-12","14.496685178765"
"1978-02-13","24.7809902992083"
"1978-02-14","19.2242654701332"
"1978-02-15","25.1235636384972"
"1978-02-16","36.3032475921499"
"1978-02-17","25.0953882473372"
"1978-02-18","36.5560329073951"
"1978-02-19","33.2572487009552"
"1978-02-20","42.7131568611442"
"1978-02-21","9.65908996367351"
"1978-02-22","15.6982759789471"
"1978-02-23","25.4650554202852"
"1978-02-24","26.2277328606808"
"1978-02-25","12.4446435532013"
"1978-02-26","23.8427385850386"
"1978-02-27","37.4324344453358"
"1978-02-28","8.92556385870104"
"1978-03-01","13.2741471719948"
"1978-03-02","9.43585237486538"
"1978-03-03","16.9322825592834"
"1978-03-04","17.8052301984845"
"1978-03-05","23.3209947941107"
"1978-03-06","35.5034731497496"
"1978-03-07","16.3810528305186"
"1978-03-08","26.1150215528744"
"1978-03-09","44.3410301043358"
"1978-03-10","37.4601349603562"
"1978-03-11","55.8695211369238"
"1978-03-12","3.99432519968454"
"1978-03-13","6.69085419694067"
"1978-03-14","14.4176095801514"
"1978-03-15","18.5112727441829"
"1978-03-16","11.6229160998291"
"1978-03-17","8.63272256252569"
"1978-03-18","19.4210291486798"
"1978-03-19","24.4711884172448"
"1978-03-20","11.6534801231318"
"1978-03-21","3.16066515032863"
"1978-03-22","3.232442470469"
"1978-03-23","6.62066288479479"
"1978-03-24","10.497474220408"
"1978-03-25","9.35299106284137"
"1978-03-26","14.4776937022354"
"1978-03-27","12.7932970905717"
"1978-03-28","19.1663814065776"
"1978-03-29","3.09031116291558"
"1978-03-30","7.72847901897513"
"1978-03-31","10.0569172627998"
"1978-04-01","6.74843141217252"
"1978-04-02","10.5086827092357"
"1978-04-03","9.76556009854073"
"1978-04-04","13.4339483475788"
"1978-04-05","26.6457945753486"
"1978-04-06","36.7016873462892"
"1978-04-07","7.88080047012924"
"1978-04-08","24.4445515504647"
"1978-04-09","8.80217873379266"
"1978-04-10","0.962661956553851"
"1978-04-11","0.995563941213476"
"1978-04-12","2.40816976188065"
"1978-04-13","3.63629502445072"
"1978-04-14","7.43017885901711"
"1978-04-15","9.07721497589375"
"1978-04-16","8.47782759749012"
"1978-04-17","18.1200352086649"
"1978-04-18","8.57343896849331"
"1978-04-19","9.71002413184096"
"1978-04-20","12.4844302429265"
"1978-04-21","8.803136282669"
"1978-04-22","6.00059697483525"
"1978-04-23","7.40554487240779"
"1978-04-24","8.14036109746793"
"1978-04-25","6.98805699410377"
"1978-04-26","7.29142620372566"
"1978-04-27","9.24419979822068"
"1978-04-28","24.3280552703065"
"1978-04-29","7.35191670434299"
"1978-04-30","11.0777359318424"
"1978-05-01","32.3639620000666"
"1978-05-02","7.52838236738593"
"1978-05-03","6.75142277886857"
"1978-05-04","7.48040297433927"
"1978-05-05","17.4162392265353"
"1978-05-06","15.4666783303925"
"1978-05-07","7.33885275233876"
"1978-05-08","22.7310779868782"
"1978-05-09","4.28248335814579"
"1978-05-10","1.78659195288435"
"1978-05-11","4.49599350221229"
"1978-05-12","4.7049996558722"
"1978-05-13","5.11538726272005"
"1978-05-14","3.27737646185474"
"1978-05-15","4.01251277314636"
"1978-05-16","6.96421037091837"
"1978-05-17","3.61895025240911"
"1978-05-18","0.177125109206417"
"1978-05-19","0.294445077082328"
"1978-05-20","0.937962657284169"
"1978-05-21","1.11751081807402"
"1978-05-22","1.64765503796148"
"1978-05-23","1.66357112975864"
"1978-05-24","3.57218506377497"
"1978-05-25","2.37193449428587"
"1978-05-26","7.72926821337118"
"1978-05-27","7.56855895147695"
"1978-05-28","8.03332518086289"
"1978-05-29","5.33316343145453"
"1978-05-30","2.50690561455566"
"1978-05-31","3.49253500901259"
"1978-06-01","5.63079592263028"
"1978-06-02","4.71975121921275"
"1978-06-03","2.58257802688714"
"1978-06-04","1.62433369622215"
"1978-06-05","1.04407059868951"
"1978-06-06","1.30148794756823"
"1978-06-07","2.02748992677891"
"1978-06-08","1.87790497627867"
"1978-06-09","1.78531824845772"
"1978-06-10","1.46875256158057"
"1978-06-11","0.895896475423466"
"1978-06-12","1.07736513386299"
"1978-06-13","1.36578922502664"
"1978-06-14","1.74917368674691"
"1978-06-15","2.33647733475223"
"1978-06-16","1.77158945411831"
"1978-06-17","1.48261626406665"
"1978-06-18","2.19648541942303"
"1978-06-19","2.62400152414908"
"1978-06-20","2.4320604801178"
"1978-06-21","2.53796706364784"
"1978-06-22","2.25599532596993"
"1978-06-23","4.46934706308109"
"1978-06-24","3.71973240220702"
"1978-06-25","2.7353031039238"
"1978-06-26","2.62572864588205"
"1978-06-27","3.71150020500282"
"1978-06-28","0.916220481261546"
"1978-06-29","1.44349806107484"
"1978-06-30","1.83021129416181"
"1978-07-01","2.68341461146549"
"1978-07-02","0.59081497472344"
"1978-07-03","1.73255198429544"
"1978-07-04","2.6708487688979"
"1978-07-05","2.09152425896554"
"1978-07-06","1.81137765350538"
"1978-07-07","1.93133566957532"
"1978-07-08","2.59440045929574"
"1978-07-09","2.06875600752892"
"1978-07-10","3.03364505112429"
"1978-07-11","6.09535000128147"
"1978-07-12","2.72661771105997"
"1978-07-13","4.19806247665769"
"1978-07-14","2.53169148721736"
"1978-07-15","2.6261439940114"
"1978-07-16","6.30592822564113"
"1978-07-17","1.10371295365936"
"1978-07-18","0.256485606475181"
"1978-07-19","0.643516009262243"
"1978-07-20","1.54608837457059"
"1978-07-21","3.96980469980281"
"1978-07-22","1.79919670399649"
"1978-07-23","1.49124949467389"
"1978-07-24","1.32854659049026"
"1978-07-25","1.08789666409874"
"1978-07-26","2.115443065569"
"1978-07-27","0.968561255828643"
"1978-07-28","1.86204010325593"
"1978-07-29","1.55736306141981"
"1978-07-30","1.91472434326684"
"1978-07-31","1.727839419078"
"1978-08-01","2.72534609124774"
"1978-08-02","2.57054248516694"
"1978-08-03","3.02798629065097"
"1978-08-04","2.54998210343448"
"1978-08-05","1.78154692324725"
"1978-08-06","0.806065555000718"
"1978-08-07","0.237404390443842"
"1978-08-08","0.339752687875069"
"1978-08-09","0.805200082205591"
"1978-08-10","1.80525624468213"
"1978-08-11","2.82859951644749"
"1978-08-12","1.37106264037487"
"1978-08-13","1.32914249521571"
"1978-08-14","1.07182228732935"
"1978-08-15","2.2788880702221"
"1978-08-16","1.71073271727665"
"1978-08-17","1.7739331753223"
"1978-08-18","0.896695026329586"
"1978-08-19","2.55784115853248"
"1978-08-20","3.25988229477044"
"1978-08-21","1.44571494385278"
"1978-08-22","3.58346338628174"
"1978-08-23","2.89919307789245"
"1978-08-24","2.25607169448555"
"1978-08-25","3.29960069047424"
"1978-08-26","3.02291275670518"
"1978-08-27","2.26729226422"
"1978-08-28","1.97745742581107"
"1978-08-29","3.38458563651873"
"1978-08-30","4.42088396621473"
"1978-08-31","1.65765567065833"
"1978-09-01","1.73228802567437"
"1978-09-02","2.11301689772379"
"1978-09-03","0.579262151072423"
"1978-09-04","0.708671323761538"
"1978-09-05","1.50547802203145"
"1978-09-06","1.51406591356575"
"1978-09-07","2.31370931089698"
"1978-09-08","2.47123318213921"
"1978-09-09","1.4215991579609"
"1978-09-10","3.93948763789553"
"1978-09-11","8.75961126599993"
"1978-09-12","2.18069953113407"
"1978-09-13","2.37029969976062"
"1978-09-14","2.44551603747653"
"1978-09-15","2.57430121470323"
"1978-09-16","2.87544073635366"
"1978-09-17","2.01786692227636"
"1978-09-18","0.95515504737437"
"1978-09-19","0.840977236047968"
"1978-09-20","2.35879108864508"
"1978-09-21","2.03265864147252"
"1978-09-22","0.701501097514"
"1978-09-23","1.45506145866402"
"1978-09-24","1.91669836937091"
"1978-09-25","3.37091598779092"
"1978-09-26","2.28051852018802"
"1978-09-27","0.315498643542652"
"1978-09-28","1.75962705090965"
"1978-09-29","1.13838393683041"
"1978-09-30","2.06448285946082"
"1978-10-01","6.42962710785143"
"1978-10-02","14.5142334838966"
"1978-10-03","3.35584114382277"
"1978-10-04","4.627527331377"
"1978-10-05","4.90972277302763"
"1978-10-06","4.1435516412124"
"1978-10-07","4.22033256421358"
"1978-10-08","4.49470882291918"
"1978-10-09","7.37229921291401"
"1978-10-10","4.26782662992354"
"1978-10-11","13.9480723426456"
"1978-10-12","13.5706273714701"
"1978-10-13","3.51281884480348"
"1978-10-14","4.30879128753365"
"1978-10-15","5.57105332432371"
"1978-10-16","4.27778414007905"
"1978-10-17","4.80488663834411"
"1978-10-18","5.73128006262181"
"1978-10-19","4.42785188336393"
"1978-10-20","5.70343658521578"
"1978-10-21","8.69260069611785"
"1978-10-22","10.5765242349534"
"1978-10-23","11.4679216347732"
"1978-10-24","11.0261028648971"
"1978-10-25","13.792703116611"
"1978-10-26","2.91074963462301"
"1978-10-27","1.38695893236698"
"1978-10-28","3.00329315391454"
"1978-10-29","4.02015079512741"
"1978-10-30","3.61960241908119"
"1978-10-31","4.1027805650389"
"1978-11-01","6.9395767992193"
"1978-11-02","7.10547180402847"
"1978-11-03","6.69720890511682"
"1978-11-04","8.90332303005896"
"1978-11-05","8.11387528795185"
"1978-11-06","2.09917165887304"
"1978-11-07","2.46437468466821"
"1978-11-08","4.90346134908788"
"1978-11-09","6.26329427622097"
"1978-11-10","4.07282726124768"
"1978-11-11","3.69800150420243"
"1978-11-12","4.43154921005299"
"1978-11-13","7.16594486422353"
"1978-11-14","4.32188028690619"
"1978-11-15","6.10818324770246"
"1978-11-16","13.4923475149906"
"1978-11-17","31.1597209946934"
"1978-11-18","3.37039041157925"
"1978-11-19","0.556824821769159"
"1978-11-20","2.00012533334427"
"1978-11-21","3.78887063522876"
"1978-11-22","5.9104644240755"
"1978-11-23","5.31899170338849"
"1978-11-24","8.61331132583288"
"1978-11-25","20.4222442990258"
"1978-11-26","37.6877031119871"
"1978-11-27","6.89279068032384"
"1978-11-28","9.78252717426845"
"1978-11-29","9.69457495264161"
"1978-11-30","11.0929446963521"
"1978-12-01","8.21407955549496"
"1978-12-02","36.2819316253002"
"1978-12-03","13.8418044300822"
"1978-12-04","1.98216049140924"
"1978-12-05","4.08010735501459"
"1978-12-06","4.47076299102791"
"1978-12-07","7.27586400405669"
"1978-12-08","9.5758442661979"
"1978-12-09","9.22854902837184"
"1978-12-10","16.7097042257136"
"1978-12-11","5.22414018013777"
"1978-12-12","7.85851463404569"
"1978-12-13","2.39810669048008"
"1978-12-14","8.44285215547074"
"1978-12-15","15.278066457608"
"1978-12-16","13.3538541597721"
"1978-12-17","5.56848149898248"
"1978-12-18","9.31490685826256"
"1978-12-19","10.9097526372769"
"1978-12-20","10.6599111969853"
"1978-12-21","11.3074834377735"
"1978-12-22","22.829157276071"
"1978-12-23","31.0143270698977"
"1978-12-24","15.4675902246913"
"1978-12-25","5.8144692721821"
"1978-12-26","9.90456851787897"
"1978-12-27","11.5471836602017"
"1978-12-28","17.9907810120356"
"1978-12-29","19.695823708654"
"1978-12-30","19.0497388550729"
"1978-12-31","22.286247513511"
"1979-01-01","37.6495937000621"
"1979-01-02","16.87242863395"
"1979-01-03","20.0581547377946"
"1979-01-04","31.1203702043145"
"1979-01-05","53.9912083035424"
"1979-01-06","29.6755849706146"
"1979-01-07","33.8724237912661"
"1979-01-08","26.0326124290367"
"1979-01-09","33.7064497770169"
"1979-01-10","16.4666966896553"
"1979-01-11","26.1383635739743"
"1979-01-12","19.2190844424359"
"1979-01-13","24.1906835465204"
"1979-01-14","61.1829694937834"
"1979-01-15","20.7169891084943"
"1979-01-16","23.8889654787072"
"1979-01-17","2.43124138792872"
"1979-01-18","21.9330464069977"
"1979-01-19","19.0933063886898"
"1979-01-20","0.180458054454489"
"1979-01-21","2.27932206691279"
"1979-01-22","4.42122978307468"
"1979-01-23","6.62606261922167"
"1979-01-24","12.2635400073353"
"1979-01-25","14.1940021179455"
"1979-01-26","9.27031901878712"
"1979-01-27","12.1238642249789"
"1979-01-28","13.1358152075763"
"1979-01-29","17.4239111916843"
"1979-01-30","13.1140297222963"
"1979-01-31","24.562237945986"
"1979-02-01","30.6852027843525"
"1979-02-02","39.7936925764208"
"1979-02-03","23.1516399631253"
"1979-02-04","11.5957351246954"
"1979-02-05","17.2809479081786"
"1979-02-06","18.262645931987"
"1979-02-07","19.0934985685142"
"1979-02-08","26.6016024098252"
"1979-02-09","28.0830699293128"
"1979-02-10","36.7899736264051"
"1979-02-11","35.0886409231079"
"1979-02-12","33.9189233325777"
"1979-02-13","10.1707659386969"
"1979-02-14","14.4108400014572"
"1979-02-15","20.913201625213"
"1979-02-16","19.6896980376471"
"1979-02-17","15.067307885075"
"1979-02-18","12.79681351897"
"1979-02-19","29.8541034434265"
"1979-02-20","25.7354237279851"
"1979-02-21","16.5493884767805"
"1979-02-22","13.7392320199446"
"1979-02-23","3.56187938508533"
"1979-02-24","0.481155404022762"
"1979-02-25","3.31733834150034"
"1979-02-26","3.23406280041773"
"1979-02-27","4.03985890113946"
"1979-02-28","11.6995685296657"
"1979-03-01","8.82776315594132"
"1979-03-02","13.5907544697518"
"1979-03-03","11.1563382706085"
"1979-03-04","18.0654919735797"
"1979-03-05","15.2206488274909"
"1979-03-06","16.4335601773613"
"1979-03-07","13.973579332426"
"1979-03-08","22.6495702338941"
"1979-03-09","16.7422693673666"
"1979-03-10","17.3862328384862"
"1979-03-11","25.9611873379001"
"1979-03-12","16.2855966452396"
"1979-03-13","4.10129950830947"
"1979-03-14","10.6158078398023"
"1979-03-15","10.778128665247"
"1979-03-16","15.993522796796"
"1979-03-17","16.4019524669234"
"1979-03-18","20.6163781896814"
"1979-03-19","22.665847910431"
"1979-03-20","38.2326771954953"
"1979-03-21","18.246949691277"
"1979-03-22","16.146694348488"
"1979-03-23","6.93664691045687"
"1979-03-24","11.7244804369939"
"1979-03-25","11.1474022287311"
"1979-03-26","25.8576998855128"
"1979-03-27","28.1903665922421"
"1979-03-28","7.76912172945031"
"1979-03-29","13.3266581105979"
"1979-03-30","14.7323630114138"
"1979-03-31","8.74605394338633"
"1979-04-01","6.48166094301067"
"1979-04-02","9.89715417019733"
"1979-04-03","5.79623000497942"
"1979-04-04","6.899484729354"
"1979-04-05","10.6897033860673"
"1979-04-06","7.07977478844779"
"1979-04-07","5.23405101288965"
"1979-04-08","11.4826108635246"
"1979-04-09","9.68084307563253"
"1979-04-10","9.19559114010303"
"1979-04-11","6.74848747872687"
"1979-04-12","7.07330498344454"
"1979-04-13","8.83413698559716"
"1979-04-14","14.5882886725587"
"1979-04-15","21.0823910453103"
"1979-04-16","25.5520767938523"
"1979-04-17","1.97203224510341"
"1979-04-18","3.43049561977386"
"1979-04-19","3.6331609652672"
"1979-04-20","4.90050760285679"
"1979-04-21","5.08721438940469"
"1979-04-22","8.17708082219739"
"1979-04-23","8.26339446621024"
"1979-04-24","6.77856625003732"
"1979-04-25","4.50157933524161"
"1979-04-26","6.11721251021216"
"1979-04-27","5.72368738145539"
"1979-04-28","6.43101434996634"
"1979-04-29","7.85087706929161"
"1979-04-30","10.1758992186872"
"1979-05-01","10.6969458819468"
"1979-05-02","3.97990478865512"
"1979-05-03","0.535863922465415"
"1979-05-04","2.17317388764708"
"1979-05-05","4.12254032686159"
"1979-05-06","4.21546703241604"
"1979-05-07","4.35553432491435"
"1979-05-08","5.91476902197966"
"1979-05-09","4.62419499102093"
"1979-05-10","4.04096570107844"
"1979-05-11","3.66066987612547"
"1979-05-12","3.93803972986353"
"1979-05-13","6.19145859732772"
"1979-05-14","5.18951228480318"
"1979-05-15","4.48414432692837"
"1979-05-16","4.13626568864434"
"1979-05-17","4.16812277149845"
"1979-05-18","5.42383337020874"
"1979-05-19","4.71495286314002"
"1979-05-20","6.13227952094305"
"1979-05-21","5.24235808384883"
"1979-05-22","10.0617794618978"
"1979-05-23","1.29151106938655"
"1979-05-24","2.13793011596709"
"1979-05-25","1.14773579277259"
"1979-05-26","1.51273236955915"
"1979-05-27","0.539485776063168"
"1979-05-28","1.21317555068375"
"1979-05-29","1.02971753703825"
"1979-05-30","1.48351994601937"
"1979-05-31","3.05905524541289"
"1979-06-01","2.27649457410817"
"1979-06-02","1.88980756138826"
"1979-06-03","2.77459539040859"
"1979-06-04","3.34117122026749"
"1979-06-05","5.05265421888013"
"1979-06-06","1.67728019070316"
"1979-06-07","1.50532307266157"
"1979-06-08","1.54439499458193"
"1979-06-09","1.79280597952021"
"1979-06-10","1.55090778343605"
"1979-06-11","1.91995787568939"
"1979-06-12","4.53319035876881"
"1979-06-13","2.27079425797318"
"1979-06-14","2.74022244426595"
"1979-06-15","2.01905178456079"
"1979-06-16","3.65228239721034"
"1979-06-17","5.00772604849431"
"1979-06-18","2.27863149983542"
"1979-06-19","3.26847466813537"
"1979-06-20","2.04935683497103"
"1979-06-21","2.76199144666845"
"1979-06-22","4.42366980422627"
"1979-06-23","3.02818090678293"
"1979-06-24","1.92821893831352"
"1979-06-25","6.41852522309208"
"1979-06-26","1.02453123761978"
"1979-06-27","2.78159854215977"
"1979-06-28","7.3740916097319"
"1979-06-29","3.83761972240555"
"1979-06-30","4.10837765379902"
"1979-07-01","2.90108870956805"
"1979-07-02","1.18604745383645"
"1979-07-03","2.24392478832435"
"1979-07-04","2.21832332156953"
"1979-07-05","1.87245431864932"
"1979-07-06","2.99824518687797"
"1979-07-07","4.38848799544495"
"1979-07-08","4.09644374702916"
"1979-07-09","2.8419890039927"
"1979-07-10","4.19821981330971"
"1979-07-11","3.46525158768608"
"1979-07-12","3.24013518925869"
"1979-07-13","3.73996623718377"
"1979-07-14","3.26705566990427"
"1979-07-15","4.37949730720355"
"1979-07-16","8.01983394560876"
"1979-07-17","3.38378474206635"
"1979-07-18","3.49599083161457"
"1979-07-19","3.48965386394815"
"1979-07-20","6.34909953389849"
"1979-07-21","5.71324446552244"
"1979-07-22","3.9441400185808"
"1979-07-23","1.15148293031823"
"1979-07-24","1.89458119753119"
"1979-07-25","2.25764649487161"
"1979-07-26","1.84363783025122"
"1979-07-27","2.58378865553703"
"1979-07-28","2.65403683902897"
"1979-07-29","2.06219608894674"
"1979-07-30","6.23632071957444"
"1979-07-31","3.06549098739376"
"1979-08-01","3.58519659207497"
"1979-08-02","3.51465379959577"
"1979-08-03","2.54936133808904"
"1979-08-04","2.84171849231183"
"1979-08-05","2.417333815779"
"1979-08-06","1.35074181099991"
"1979-08-07","2.93158569364321"
"1979-08-08","5.44946867201751"
"1979-08-09","2.18869866050167"
"1979-08-10","2.96733523047332"
"1979-08-11","6.0395189632069"
"1979-08-12","1.89505811325915"
"1979-08-13","2.70537675897796"
"1979-08-14","2.36703546016247"
"1979-08-15","6.59861244370927"
"1979-08-16","1.04306758933769"
"1979-08-17","1.43407743330642"
"1979-08-18","2.18961364908136"
"1979-08-19","0.675539087100979"
"1979-08-20","1.60781118905906"
"1979-08-21","2.25693348953218"
"1979-08-22","1.75590991044973"
"1979-08-23","2.20448548014546"
"1979-08-24","2.3953068173809"
"1979-08-25","5.38721527991357"
"1979-08-26","1.54534164174295"
"1979-08-27","0.667411680313158"
"1979-08-28","1.5364562977444"
"1979-08-29","1.70047835457377"
"1979-08-30","2.65263146213639"
"1979-08-31","3.7927810459426"
"1979-09-01","3.23595381866802"
"1979-09-02","2.54945302474034"
"1979-09-03","0.377467489861823"
"1979-09-04","2.61931976843706"
"1979-09-05","1.35845544614962"
"1979-09-06","2.1947733606353"
"1979-09-07","2.14614066881535"
"1979-09-08","1.3196197459192"
"1979-09-09","3.44497911322426"
"1979-09-10","0.54304867654684"
"1979-09-11","0.235250658383875"
"1979-09-12","0.914139069326512"
"1979-09-13","1.49142113924672"
"1979-09-14","1.42175497785533"
"1979-09-15","3.38192757409372"
"1979-09-16","4.6909717556202"
"1979-09-17","4.0507304583277"
"1979-09-18","2.19005958806901"
"1979-09-19","2.07011695548053"
"1979-09-20","2.22977310831929"
"1979-09-21","2.58464627812951"
"1979-09-22","2.9519615219785"
"1979-09-23","4.73767968328484"
"1979-09-24","4.09921616960914"
"1979-09-25","0.182013592323958"
"1979-09-26","0.891160147917735"
"1979-09-27","0.598265153118026"
"1979-09-28","0.239549773789587"
"1979-09-29","0.406054945219131"
"1979-09-30","0.714785997550209"
"1979-10-01","0.889296699137915"
"1979-10-02","3.01646574957546"
"1979-10-03","2.77780716140549"
"1979-10-04","2.66213020669433"
"1979-10-05","2.46356059978535"
"1979-10-06","0.457934965560963"
"1979-10-07","2.01658723816211"
"1979-10-08","1.97393945207844"
"1979-10-09","1.20846065117683"
"1979-10-10","1.53948550410085"
"1979-10-11","1.59788088152161"
"1979-10-12","0.834149844267152"
"1979-10-13","1.878817095643"
"1979-10-14","4.44639153707595"
"1979-10-15","2.10823406633877"
"1979-10-16","3.16066224827911"
"1979-10-17","3.67084726213893"
"1979-10-18","2.37557479519865"
"1979-10-19","2.896257582681"
"1979-10-20","4.59747672132599"
"1979-10-21","8.25012864178909"
"1979-10-22","7.84539126214527"
"1979-10-23","5.67042844584494"
"1979-10-24","3.43990326237369"
"1979-10-25","5.0878258757777"
"1979-10-26","10.7929685415128"
"1979-10-27","5.90179280181984"
"1979-10-28","5.29589286098232"
"1979-10-29","4.17850385496627"
"1979-10-30","5.11364192880077"
"1979-10-31","12.6790183963198"
"1979-11-01","8.235582929669"
"1979-11-02","9.80790708591412"
"1979-11-03","9.90174862007042"
"1979-11-04","21.9236260781556"
"1979-11-05","7.20353886162564"
"1979-11-06","7.90506141423147"
"1979-11-07","7.80161567787071"
"1979-11-08","10.0140494041113"
"1979-11-09","10.9375034658424"
"1979-11-10","15.2966405695135"
"1979-11-11","4.10632044967119"
"1979-11-12","6.13374233374864"
"1979-11-13","8.04561592954578"
"1979-11-14","4.46729336388699"
"1979-11-15","7.90746671606452"
"1979-11-16","6.0321561629638"
"1979-11-17","8.90026312885862"
"1979-11-18","12.3252410496468"
"1979-11-19","13.9591264022893"
"1979-11-20","12.5610833044176"
"1979-11-21","9.00618180826113"
"1979-11-22","8.06123016097329"
"1979-11-23","11.2418326020757"
"1979-11-24","7.49206251035005"
"1979-11-25","4.98356145465529"
"1979-11-26","10.3478163341423"
"1979-11-27","15.5626445312005"
"1979-11-28","10.8198431921212"
"1979-11-29","13.4668277104696"
"1979-11-30","12.5035372379022"
"1979-12-01","30.4984354580636"
"1979-12-02","10.2623917096621"
"1979-12-03","16.1045892950776"
"1979-12-04","43.811671310689"
"1979-12-05","20.3995128070121"
"1979-12-06","14.4228235632826"
"1979-12-07","50.6921849188867"
"1979-12-08","17.414109494263"
"1979-12-09","12.5184057987098"
"1979-12-10","31.4492892517156"
"1979-12-11","15.1245178887338"
"1979-12-12","36.65886305937"
"1979-12-13","20.7876585799378"
"1979-12-14","15.7931387476075"
"1979-12-15","45.2603651352259"
"1979-12-16","10.3851166803599"
"1979-12-17","13.0981137700927"
"1979-12-18","11.599655427974"
"1979-12-19","13.8139609918966"
"1979-12-20","22.4610654285976"
"1979-12-21","22.5890133845342"
"1979-12-22","19.9048683447239"
"1979-12-23","19.94502541926"
"1979-12-24","18.7446157075626"
"1979-12-25","24.0936201599253"
"1979-12-26","36.252086152246"
"1979-12-27","25.7470833006359"
"1979-12-28","27.0634456568466"
"1979-12-29","28.4010717342426"
"1979-12-30","22.079880817628"
"1979-12-31","8.38951722058383"
"1980-01-01","18.8240712525009"
"1980-01-02","27.0160137523304"
"1980-01-03","22.1843653798619"
"1980-01-04","18.6071445910962"
"1980-01-05","19.777819051371"
"1980-01-06","23.9710054934283"
"1980-01-07","22.0654920396351"
"1980-01-08","32.6260637390665"
"1980-01-09","25.9843890037371"
"1980-01-10","24.5941720524908"
"1980-01-11","19.0410333484798"
"1980-01-12","2.33265469649008"
"1980-01-13","6.33141542835669"
"1980-01-14","12.7186531958642"
"1980-01-15","11.8973068509783"
"1980-01-16","22.5191715166166"
"1980-01-17","47.5777524312337"
"1980-01-18","19.6973757681909"
"1980-01-19","16.7228609700224"
"1980-01-20","10.0083765694589"
"1980-01-21","11.9583551852734"
"1980-01-22","32.1326965563225"
"1980-01-23","24.206565968402"
"1980-01-24","15.7546993334056"
"1980-01-25","16.9728681040017"
"1980-01-26","22.3958269218346"
"1980-01-27","23.6664183645537"
"1980-01-28","38.7048990736792"
"1980-01-29","25.4088736282283"
"1980-01-30","22.0632481636939"
"1980-01-31","23.1856633058358"
"1980-02-01","32.1661949405422"
"1980-02-02","18.117473854131"
"1980-02-03","23.5100790370594"
"1980-02-04","13.7363769006936"
"1980-02-05","21.1549929457825"
"1980-02-06","21.8231147378038"
"1980-02-07","22.1770371028355"
"1980-02-08","25.5441366418616"
"1980-02-09","18.8475909666582"
"1980-02-10","19.9488143714475"
"1980-02-11","32.8445858810887"
"1980-02-12","49.3342119687563"
"1980-02-13","37.598870512727"
"1980-02-14","47.2032810062557"
"1980-02-15","33.828268154359"
"1980-02-16","35.637935506317"
"1980-02-17","33.0735929167116"
"1980-02-18","42.6340805483071"
"1980-02-19","37.3311425576478"
"1980-02-20","70.6352109207219"
"1980-02-21","16.4757164092291"
"1980-02-22","16.4089570767952"
"1980-02-23","22.7008665382088"
"1980-02-24","23.9047289679061"
"1980-02-25","18.0553759991865"
"1980-02-26","22.7631721001167"
"1980-02-27","16.6339096341814"
"1980-02-28","24.9320465847527"
"1980-02-29","20.8930992316374"
"1980-03-01","19.9663934666357"
"1980-03-02","22.8376510587089"
"1980-03-03","16.531386247445"
"1980-03-04","21.6907341490576"
"1980-03-05","21.8283218036998"
"1980-03-06","27.8365889297419"
"1980-03-07","8.28136393414947"
"1980-03-08","9.12803957679055"
"1980-03-09","16.967021128832"
"1980-03-10","19.0206617091125"
"1980-03-11","15.4966598692394"
"1980-03-12","18.1408840319811"
"1980-03-13","28.1493351841386"
"1980-03-14","17.2687533159793"
"1980-03-15","11.5255394601203"
"1980-03-16","12.2906364651469"
"1980-03-17","24.2276199307793"
"1980-03-18","52.4740027885932"
"1980-03-19","22.6858665705759"
"1980-03-20","25.0755009506688"
"1980-03-21","12.4933850011784"
"1980-03-22","19.1732970481311"
"1980-03-23","13.9397253556685"
"1980-03-24","11.4763645258817"
"1980-03-25","13.0126398218659"
"1980-03-26","10.70247737257"
"1980-03-27","17.3802231545056"
"1980-03-28","15.4108532207869"
"1980-03-29","16.7549521087052"
"1980-03-30","12.4749286350234"
"1980-03-31","13.8703374903956"
"1980-04-01","12.0375859149091"
"1980-04-02","30.1732724259942"
"1980-04-03","14.3145396017925"
"1980-04-04","12.240472075227"
"1980-04-05","19.4654107651153"
"1980-04-06","10.9949583635702"
"1980-04-07","13.8528507942761"
"1980-04-08","18.0469774518694"
"1980-04-09","19.1294558141139"
"1980-04-10","20.9441135786312"
"1980-04-11","35.1297217034674"
"1980-04-12","19.116386743851"
"1980-04-13","16.383140287358"
"1980-04-14","30.983800937603"
"1980-04-15","45.9938524254473"
"1980-04-16","5.6086068401089"
"1980-04-17","31.9868670707141"
"1980-04-18","5.67870095075467"
"1980-04-19","0.953048838100908"
"1980-04-20","3.00806208709618"
"1980-04-21","4.66425313629629"
"1980-04-22","0.772670310426068"
"1980-04-23","0.13200707118797"
"1980-04-24","0.807862292088213"
"1980-04-25","0.907824628409885"
"1980-04-26","2.29031095998886"
"1980-04-27","2.21462584367562"
"1980-04-28","2.62241356390895"
"1980-04-29","3.65326390534768"
"1980-04-30","3.71333210731482"
"1980-05-01","5.32237156645044"
"1980-05-02","4.8070931584288"
"1980-05-03","5.90737707222695"
"1980-05-04","4.70995870813147"
"1980-05-05","6.77863952246579"
"1980-05-06","8.19645209900744"
"1980-05-07","1.47890323490808"
"1980-05-08","2.30925419152557"
"1980-05-09","2.75943761689838"
"1980-05-10","1.63638347954977"
"1980-05-11","0.982295923999378"
"1980-05-12","1.36029558186923"
"1980-05-13","2.29896891916985"
"1980-05-14","3.40633785879457"
"1980-05-15","4.20388750544874"
"1980-05-16","6.82587826561618"
"1980-05-17","4.55530091900846"
"1980-05-18","3.45753933831211"
"1980-05-19","4.35122800363607"
"1980-05-20","3.12197863629886"
"1980-05-21","3.09073246750997"
"1980-05-22","3.79054031898449"
"1980-05-23","6.96929472813875"
"1980-05-24","3.08848637419862"
"1980-05-25","4.22865412348793"
"1980-05-26","4.71662684023638"
"1980-05-27","3.22507804399961"
"1980-05-28","4.09119969503188"
"1980-05-29","3.52838374732377"
"1980-05-30","2.52416992316514"
"1980-05-31","2.1413507444776"
"1980-06-01","3.60182141251378"
"1980-06-02","4.20546471917784"
"1980-06-03","2.04294006571625"
"1980-06-04","1.95041897931656"
"1980-06-05","2.06502623191644"
"1980-06-06","1.3393982724968"
"1980-06-07","1.37915838667841"
"1980-06-08","1.88833431518955"
"1980-06-09","0.79137715639232"
"1980-06-10","0.816531932199156"
"1980-06-11","1.12770044797169"
"1980-06-12","1.43329440747505"
"1980-06-13","2.46774841980501"
"1980-06-14","4.2315872525756"
"1980-06-15","2.12742047805291"
"1980-06-16","1.33912059996938"
"1980-06-17","2.90979877411029"
"1980-06-18","1.56809009747072"
"1980-06-19","2.1526740731357"
"1980-06-20","2.76282219040445"
"1980-06-21","2.74263650952996"
"1980-06-22","2.4076892617461"
"1980-06-23","2.37878133646854"
"1980-06-24","2.91885950967863"
"1980-06-25","5.45898622609836"
"1980-06-26","3.18686489470593"
"1980-06-27","1.63488937391863"
"1980-06-28","0.742683624324602"
"1980-06-29","1.01944710320725"
"1980-06-30","1.37578959666289"
"1980-07-01","1.18227242765489"
"1980-07-02","3.11076181630294"
"1980-07-03","1.61327064082478"
"1980-07-04","1.58739228704662"
"1980-07-05","1.8708735067736"
"1980-07-06","1.50098719715556"
"1980-07-07","1.9417022354417"
"1980-07-08","3.11340628815936"
"1980-07-09","3.32485284356328"
"1980-07-10","1.91128609139166"
"1980-07-11","1.41838399401475"
"1980-07-12","2.8097926081517"
"1980-07-13","1.36459259256656"
"1980-07-14","4.22866882906332"
"1980-07-15","1.5682716433491"
"1980-07-16","1.6125349109565"
"1980-07-17","2.01123345956142"
"1980-07-18","4.20922956580207"
"1980-07-19","1.85371294269314"
"1980-07-20","1.79916030865211"
"1980-07-21","1.52624191143812"
"1980-07-22","2.93430222732164"
"1980-07-23","2.47830650868354"
"1980-07-24","3.15922255743118"
"1980-07-25","3.48726498306572"
"1980-07-26","3.13959461373168"
"1980-07-27","2.3810797823972"
"1980-07-28","0.275635668354762"
"1980-07-29","1.25261431435744"
"1980-07-30","1.83310442208212"
"1980-07-31","1.36037133975979"
"1980-08-01","2.36135565744334"
"1980-08-02","4.61447820699576"
"1980-08-03","2.920927644292"
"1980-08-04","2.55784263316687"
"1980-08-05","4.5533944203224"
"1980-08-06","6.28617537176454"
"1980-08-07","4.52329641812808"
"1980-08-08","2.54771661629408"
"1980-08-09","3.00948446911651"
"1980-08-10","5.98742034012105"
"1980-08-11","4.45641840226723"
"1980-08-12","4.58296024231684"
"1980-08-13","3.17193179367941"
"1980-08-14","8.26289741920702"
"1980-08-15","4.05472609155622"
"1980-08-16","1.80271208183074"
"1980-08-17","2.62994700283199"
"1980-08-18","4.78545958242375"
"1980-08-19","5.91105098125739"
"1980-08-20","0.24329586623809"
"1980-08-21","0.524556480509378"
"1980-08-22","2.42159116526187"
"1980-08-23","3.20157202007451"
"1980-08-24","2.25134556917917"
"1980-08-25","3.14545882135243"
"1980-08-26","2.6303167211545"
"1980-08-27","3.67817265956433"
"1980-08-28","2.52219890077393"
"1980-08-29","6.43246439731482"
"1980-08-30","13.1676536700426"
"1980-08-31","6.18430329504467"
"1980-09-01","5.21636486517919"
"1980-09-02","4.96861625078953"
"1980-09-03","3.80250568204112"
"1980-09-04","6.57864921640008"
"1980-09-05","4.35303397096081"
"1980-09-06","4.38442257111207"
"1980-09-07","5.53857885294662"
"1980-09-08","3.51455674181769"
"1980-09-09","5.14682205131044"
"1980-09-10","2.38838401127171"
"1980-09-11","3.03955474508789"
"1980-09-12","3.58767360448837"
"1980-09-13","2.75744764655183"
"1980-09-14","8.76118012527367"
"1980-09-15","3.70006947496753"
"1980-09-16","2.89343727589686"
"1980-09-17","3.78494732668906"
"1980-09-18","2.81616293345437"
"1980-09-19","5.98564633739975"
"1980-09-20","3.910382818092"
"1980-09-21","3.40428404916417"
"1980-09-22","3.1167613621398"
"1980-09-23","3.86263128947386"
"1980-09-24","9.67570694597253"
"1980-09-25","8.89757490364504"
"1980-09-26","5.18040641097279"
"1980-09-27","4.84271321048984"
"1980-09-28","9.10034619781362"
"1980-09-29","25.0241309698526"
"1980-09-30","7.04932038505356"
"1980-10-01","8.09545696142948"
"1980-10-02","15.7979820775779"
"1980-10-03","8.59007518116014"
"1980-10-04","9.40843205018477"
"1980-10-05","4.19443784080026"
"1980-10-06","0.220492285785156"
"1980-10-07","0.867831319248005"
"1980-10-08","1.11979343687301"
"1980-10-09","1.66593247368222"
"1980-10-10","3.63351923485339"
"1980-10-11","1.73548594362292"
"1980-10-12","0.5487980974185"
"1980-10-13","2.49397998925669"
"1980-10-14","3.24254454240138"
"1980-10-15","4.3199025093219"
"1980-10-16","4.47224575461763"
"1980-10-17","8.79836641039167"
"1980-10-18","7.55537926479851"
"1980-10-19","5.33359886351086"
"1980-10-20","3.02064865156686"
"1980-10-21","5.82154706752662"
"1980-10-22","11.0158863356619"
"1980-10-23","4.46596325114692"
"1980-10-24","2.51090026753289"
"1980-10-25","3.58685666400117"
"1980-10-26","12.3904894729713"
"1980-10-27","4.93820815426963"
"1980-10-28","5.62600067993263"
"1980-10-29","4.76832869919864"
"1980-10-30","6.72924509502593"
"1980-10-31","5.78233733631316"
"1980-11-01","6.3743793345117"
"1980-11-02","7.42569784065346"
"1980-11-03","5.40521199569042"
"1980-11-04","5.67325587396498"
"1980-11-05","3.35444072856532"
"1980-11-06","0.792696812903726"
"1980-11-07","2.61172637278899"
"1980-11-08","3.36879315494975"
"1980-11-09","6.11041566097375"
"1980-11-10","6.90013554498747"
"1980-11-11","18.7507408439339"
"1980-11-12","23.1144027586107"
"1980-11-13","37.2422851793694"
"1980-11-14","6.99060729365328"
"1980-11-15","15.4914047398092"
"1980-11-16","29.7749510595809"
"1980-11-17","24.8468591021253"
"1980-11-18","19.1849423301168"
"1980-11-19","7.25701363829823"
"1980-11-20","21.3296845403069"
"1980-11-21","12.0436501915837"
"1980-11-22","12.1240961272995"
"1980-11-23","13.8508899057066"
"1980-11-24","11.9059849982654"
"1980-11-25","16.5406541679845"
"1980-11-26","21.4553118949329"
"1980-11-27","26.2211424303261"
"1980-11-28","16.738151989974"
"1980-11-29","7.33095234813112"
"1980-11-30","14.3696142048031"
"1980-12-01","22.343495005653"
"1980-12-02","12.0390575995177"
"1980-12-03","7.27979421512389"
"1980-12-04","8.61476587939572"
"1980-12-05","15.5074714520277"
"1980-12-06","19.9247321752243"
"1980-12-07","20.3598313888946"
"1980-12-08","34.3658467825357"
"1980-12-09","28.1688458083512"
"1980-12-10","55.631628242922"
"1980-12-11","32.2552481275616"
"1980-12-12","11.383947170142"
"1980-12-13","4.5381295871941"
"1980-12-14","4.09793453866785"
"1980-12-15","9.65037541988092"
"1980-12-16","6.67927405947731"
"1980-12-17","8.21551895657659"
"1980-12-18","11.1248310118011"
"1980-12-19","18.4848236480317"
"1980-12-20","47.1155998593285"
"1980-12-21","57.6834454887357"
"1980-12-22","63.9768287856857"
"1980-12-23","24.9057674077682"
"1980-12-24","29.1348773328773"
"1980-12-25","36.8608057509253"
"1980-12-26","26.1473318446766"
"1980-12-27","31.7050017154578"
"1980-12-28","30.51064389299"
"1980-12-29","23.1128039917389"
"1980-12-30","35.501621229824"
"1980-12-31","30.9787206443357"
"1981-01-01","54.0715359774503"
"1981-01-02","41.4926184947357"
"1981-01-03","30.5363426745196"
"1981-01-04","26.5779065425262"
"1981-01-05","27.4717669837919"
"1981-01-06","35.0013297935585"
"1981-01-07","40.0865409900616"
"1981-01-08","24.0738846171986"
"1981-01-09","3.66479959916243"
"1981-01-10","7.25763177768493"
"1981-01-11","15.2728896760321"
"1981-01-12","19.2192188857438"
"1981-01-13","23.1861119621244"
"1981-01-14","28.138242680273"
"1981-01-15","39.9523750486828"
"1981-01-16","27.4271095036428"
"1981-01-17","32.0909016018822"
"1981-01-18","22.1811480253806"
"1981-01-19","25.7694102283164"
"1981-01-20","26.9913420243697"
"1981-01-21","41.0991732362029"
"1981-01-22","23.7411039030397"
"1981-01-23","19.3373992226341"
"1981-01-24","35.4199049565699"
"1981-01-25","50.7421809935467"
"1981-01-26","57.5024772743126"
"1981-01-27","5.65738213217104"
"1981-01-28","7.09117238875075"
"1981-01-29","12.9701138605803"
"1981-01-30","25.7313862053347"
"1981-01-31","24.6684746061053"
"1981-02-01","31.4874635919348"
"1981-02-02","30.9503772372291"
"1981-02-03","37.797583121758"
"1981-02-04","6.43706826678602"
"1981-02-05","5.67522037416309"
"1981-02-06","11.5957067890085"
"1981-02-07","12.9292446297485"
"1981-02-08","21.8578844524565"
"1981-02-09","34.1495861697507"
"1981-02-10","18.5254428458936"
"1981-02-11","23.5719214228841"
"1981-02-12","29.8708014467578"
"1981-02-13","31.9711389087495"
"1981-02-14","26.4013172290026"
"1981-02-15","37.5909842371425"
"1981-02-16","30.860185821335"
"1981-02-17","39.7748741215958"
"1981-02-18","26.9744968207884"
"1981-02-19","21.5662929980786"
"1981-02-20","21.546655060409"
"1981-02-21","19.8681870456382"
"1981-02-22","13.89383927465"
"1981-02-23","23.4617423846092"
"1981-02-24","23.3816375938845"
"1981-02-25","17.4171585190348"
"1981-02-26","25.7061517641142"
"1981-02-27","28.2919847727854"
"1981-02-28","26.5459342973057"
"1981-03-01","17.1897578672929"
"1981-03-02","14.9280286846739"
"1981-03-03","10.299048619869"
"1981-03-04","13.347289541583"
"1981-03-05","13.1371738693931"
"1981-03-06","18.1835164693527"
"1981-03-07","33.0380077527199"
"1981-03-08","21.1965989529828"
"1981-03-09","14.5001095115364"
"1981-03-10","14.7855672051896"
"1981-03-11","15.3143530676375"
"1981-03-12","17.2353001920692"
"1981-03-13","21.0677214370661"
"1981-03-14","8.80127469182531"
"1981-03-15","11.3340296600804"
"1981-03-16","13.3213128919725"
"1981-03-17","10.9313067564201"
"1981-03-18","38.4392634057379"
"1981-03-19","24.8044649099375"
"1981-03-20","10.4451415383971"
"1981-03-21","11.872397319579"
"1981-03-22","9.99983543544621"
"1981-03-23","11.0622921196413"
"1981-03-24","15.7071711428754"
"1981-03-25","12.4019381721298"
"1981-03-26","16.2202946014735"
"1981-03-27","12.1092772587037"
"1981-03-28","20.1534648540216"
"1981-03-29","15.1399273315033"
"1981-03-30","4.71362988257305"
"1981-03-31","2.33138365404946"
"1981-04-01","3.7047959805438"
"1981-04-02","9.85310290437756"
"1981-04-03","9.53213235310146"
"1981-04-04","13.4787804223758"
"1981-04-05","10.7977878355877"
"1981-04-06","12.8258029908845"
"1981-04-07","11.4301790881467"
"1981-04-08","18.1866777593439"
"1981-04-09","15.9327932023383"
"1981-04-10","11.5562949407668"
"1981-04-11","20.8315633468298"
"1981-04-12","15.5786413134951"
"1981-04-13","8.25019058933506"
"1981-04-14","8.70261571933697"
"1981-04-15","22.9147909048832"
"1981-04-16","16.9594983352727"
"1981-04-17","8.724060616968"
"1981-04-18","8.4197353738727"
"1981-04-19","11.5308341216215"
"1981-04-20","10.1980278481653"
"1981-04-21","9.36850295541606"
"1981-04-22","22.8165327006088"
"1981-04-23","6.17738305438649"
"1981-04-24","18.3093003153285"
"1981-04-25","9.72436973233244"
"1981-04-26","11.4670980503033"
"1981-04-27","13.0950228786056"
"1981-04-28","10.1640490329627"
"1981-04-29","6.75249094364447"
"1981-04-30","8.30621592823045"
"1981-05-01","17.9915335766681"
"1981-05-02","24.2198480465711"
"1981-05-03","8.70962887924987"
"1981-05-04","10.4447148929943"
"1981-05-05","15.6508678956465"
"1981-05-06","2.19431962988851"
"1981-05-07","6.7573786272115"
"1981-05-08","4.5086921391549"
"1981-05-09","6.19214713367033"
"1981-05-10","7.03355190712652"
"1981-05-11","5.82549449478909"
"1981-05-12","4.44946369464263"
"1981-05-13","5.95254843472402"
"1981-05-14","8.08571051519155"
"1981-05-15","10.3150377108421"
"1981-05-16","11.3720930293525"
"1981-05-17","10.0485824609732"
"1981-05-18","8.45692862576736"
"1981-05-19","7.28940776932291"
"1981-05-20","7.42100147973923"
"1981-05-21","6.04956664357867"
"1981-05-22","3.90145137402918"
"1981-05-23","1.59717311061822"
"1981-05-24","0.678778867926691"
"1981-05-25","1.22273735447234"
"1981-05-26","1.41851293943919"
"1981-05-27","1.68007185642337"
"1981-05-28","3.5943645558832"
"1981-05-29","7.70036561767776"
"1981-05-30","2.51508296361733"
"1981-05-31","0.468907489727586"
"1981-06-01","1.54502159063563"
"1981-06-02","0.27883158388721"
"1981-06-03","0.961026810980462"
"1981-06-04","1.67013865502882"
"1981-06-05","1.9919537997349"
"1981-06-06","3.09971826107471"
"1981-06-07","3.60821706598455"
"1981-06-08","3.0953307399502"
"1981-06-09","3.46313461183986"
"1981-06-10","0.922328819250648"
"1981-06-11","1.90514449446232"
"1981-06-12","2.01518615822255"
"1981-06-13","1.89939881016166"
"1981-06-14","3.16197797797975"
"1981-06-15","3.03646246024541"
"1981-06-16","2.52560121853114"
"1981-06-17","2.53536570046371"
"1981-06-18","1.46821154002503"
"1981-06-19","2.35108195109801"
"1981-06-20","1.4228085048529"
"1981-06-21","4.01858811615865"
"1981-06-22","2.12040700244181"
"1981-06-23","0.250542117016656"
"1981-06-24","0.60611647112674"
"1981-06-25","0.276895656077054"
"1981-06-26","0.897868032482537"
"1981-06-27","0.509048581155606"
"1981-06-28","1.46867313400491"
"1981-06-29","2.0300213529434"
"1981-06-30","3.49066075205287"
"1981-07-01","3.17845901846886"
"1981-07-02","1.95332758567292"
"1981-07-03","1.6929356384845"
"1981-07-04","0.646101019712109"
"1981-07-05","0.740329204675504"
"1981-07-06","1.99403939312284"
"1981-07-07","1.92984363675376"
"1981-07-08","2.42468118048334"
"1981-07-09","1.7659369657437"
"1981-07-10","1.2607885147586"
"1981-07-11","2.05359121731349"
"1981-07-12","1.68339868167262"
"1981-07-13","2.0958167453865"
"1981-07-14","2.00394278661513"
"1981-07-15","4.11005615981626"
"1981-07-16","2.53348261504978"
"1981-07-17","2.51869505179393"
"1981-07-18","2.78413544433974"
"1981-07-19","2.95645471155901"
"1981-07-20","0.693598015548347"
"1981-07-21","1.17846628952594"
"1981-07-22","0.375136303195319"
"1981-07-23","3.20962939246908"
"1981-07-24","1.17066712695218"
"1981-07-25","1.45897422853486"
"1981-07-26","3.05928970208932"
"1981-07-27","1.58875301241617"
"1981-07-28","0.568442333021979"
"1981-07-29","0.272519105472864"
"1981-07-30","0.904763619588825"
"1981-07-31","1.62449235898076"
"1981-08-01","2.62666690994651"
"1981-08-02","0.84397881907044"
"1981-08-03","0.293918235767713"
"1981-08-04","0.142231144801234"
"1981-08-05","0.598010424153629"
"1981-08-06","1.13011283869351"
"1981-08-07","0.715364946302397"
"1981-08-08","0.65608749619294"
"1981-08-09","0.462902464424119"
"1981-08-10","0.624632827131263"
"1981-08-11","2.08541579718714"
"1981-08-12","1.30064751085265"
"1981-08-13","2.2500907555545"
"1981-08-14","1.19521317898711"
"1981-08-15","1.40065775572996"
"1981-08-16","3.49954697167203"
"1981-08-17","3.06803904776965"
"1981-08-18","1.89914846039696"
"1981-08-19","1.52302944418285"
"1981-08-20","4.8997075955073"
"1981-08-21","1.59781058848678"
"1981-08-22","2.44798531838052"
"1981-08-23","2.44467185121594"
"1981-08-24","2.2559156681036"
"1981-08-25","3.62559376160304"
"1981-08-26","3.19491159761107"
"1981-08-27","2.89596852079614"
"1981-08-28","2.84586490516539"
"1981-08-29","1.75738259982237"
"1981-08-30","1.67355191333469"
"1981-08-31","2.14160029712694"
"1981-09-01","2.01334432064197"
"1981-09-02","2.89926280784401"
"1981-09-03","2.67122532020916"
"1981-09-04","2.53777024240205"
"1981-09-05","2.41750053461496"
"1981-09-06","5.29268067120474"
"1981-09-07","7.58911173477833"
"1981-09-08","16.2933976227071"
"1981-09-09","5.60562342689151"
"1981-09-10","9.42346154043685"
"1981-09-11","8.54625746491667"
"1981-09-12","3.95294110805957"
"1981-09-13","4.27390205963349"
"1981-09-14","3.83981368448827"
"1981-09-15","5.30698449890335"
"1981-09-16","7.81779808193058"
"1981-09-17","8.29955721004701"
"1981-09-18","5.72486571935348"
"1981-09-19","4.20126999714674"
"1981-09-20","4.059884438267"
"1981-09-21","11.2951775629283"
"1981-09-22","4.87203387367777"
"1981-09-23","5.72779216239979"
"1981-09-24","3.62147359337126"
"1981-09-25","3.14825322643503"
"1981-09-26","2.96087488828799"
"1981-09-27","0.834922834392234"
"1981-09-28","2.02301737421003"
"1981-09-29","2.85963983246774"
"1981-09-30","7.24524500978973"
"1981-10-01","10.0157710257031"
"1981-10-02","2.54622192971118"
"1981-10-03","0.474812236699191"
"1981-10-04","1.14241513080927"
"1981-10-05","4.56111917454443"
"1981-10-06","14.0840000858555"
"1981-10-07","4.07735137041513"
"1981-10-08","4.39164236510471"
"1981-10-09","9.06631973192289"
"1981-10-10","4.26204697652297"
"1981-10-11","4.32770397859218"
"1981-10-12","4.99585519724594"
"1981-10-13","23.2173473019621"
"1981-10-14","7.3554647340403"
"1981-10-15","4.86037453738126"
"1981-10-16","5.3422263380769"
"1981-10-17","6.92220993372269"
"1981-10-18","6.4684488711419"
"1981-10-19","6.95841653728898"
"1981-10-20","7.05465052138159"
"1981-10-21","2.51357390638038"
"1981-10-22","2.82832036905991"
"1981-10-23","5.44052901928559"
"1981-10-24","6.60508161189752"
"1981-10-25","9.77846474152107"
"1981-10-26","17.514209016577"
"1981-10-27","22.0829263538509"
"1981-10-28","2.39098756266879"
"1981-10-29","5.74720561401153"
"1981-10-30","5.87092837575194"
"1981-10-31","6.20973263880907"
"1981-11-01","6.29841375660587"
"1981-11-02","7.38703382686103"
"1981-11-03","13.7590812418884"
"1981-11-04","10.6388316938887"
"1981-11-05","7.57362990771537"
"1981-11-06","9.36342522798679"
"1981-11-07","10.6699356000661"
"1981-11-08","12.9272389866057"
"1981-11-09","6.24151043613236"
"1981-11-10","4.41165001103372"
"1981-11-11","7.06780834837909"
"1981-11-12","4.22627500847821"
"1981-11-13","7.4663893825564"
"1981-11-14","6.27994119346916"
"1981-11-15","5.46399577755433"
"1981-11-16","6.85759818502319"
"1981-11-17","4.62505238990247"
"1981-11-18","6.01942476359281"
"1981-11-19","8.9492181059602"
"1981-11-20","5.04846784098324"
"1981-11-21","13.1307332319615"
"1981-11-22","15.4058346892848"
"1981-11-23","23.9404825028919"
"1981-11-24","10.239227699511"
"1981-11-25","13.6070234827149"
"1981-11-26","16.8337686918515"
"1981-11-27","30.4975073265307"
"1981-11-28","17.5022480663283"
"1981-11-29","18.0646493672292"
"1981-11-30","18.5963474682399"
"1981-12-01","15.6028053027727"
"1981-12-02","28.6294567223751"
"1981-12-03","12.0405314288614"
"1981-12-04","23.4466593152001"
"1981-12-05","16.7701752196143"
"1981-12-06","24.6607183728899"
"1981-12-07","29.1660538050003"
"1981-12-08","12.9118403087963"
"1981-12-09","10.6297394991953"
"1981-12-10","16.3273239466019"
"1981-12-11","15.2910102889651"
"1981-12-12","7.82337662255093"
"1981-12-13","15.2537934418881"
"1981-12-14","14.7043714420104"
"1981-12-15","18.2299128941127"
"1981-12-16","28.0577427174622"
"1981-12-17","40.599335121386"
"1981-12-18","16.3649931655818"
"1981-12-19","18.6567318573659"
"1981-12-20","19.9160733078465"
"1981-12-21","35.8495835473527"
"1981-12-22","22.4627883300121"
"1981-12-23","20.2952777936861"
"1981-12-24","21.1166103536432"
"1981-12-25","26.6914217110836"
"1981-12-26","21.5170187723069"
"1981-12-27","17.0123843279752"
"1981-12-28","22.6170621764608"
"1981-12-29","30.9872974007677"
"1981-12-30","37.3473642027223"
"1981-12-31","51.6340115534795"
"1982-01-01","21.9741016693446"
"1982-01-02","21.5370092969952"
"1982-01-03","17.6335283750063"
"1982-01-04","22.230053261761"
"1982-01-05","29.7552081351672"
"1982-01-06","21.51305108669"
"1982-01-07","11.5444174390851"
"1982-01-08","8.50646937770761"
"1982-01-09","24.345794037823"
"1982-01-10","33.8328211400416"
"1982-01-11","63.2798068389232"
"1982-01-12","10.2505659551331"
"1982-01-13","29.5419608607437"
"1982-01-14","28.6294918638287"
"1982-01-15","24.9288169068175"
"1982-01-16","15.7941574823289"
"1982-01-17","27.0596458096525"
"1982-01-18","36.6695428658357"
"1982-01-19","31.1484736487979"
"1982-01-20","36.2710569720248"
"1982-01-21","47.9342271631414"
"1982-01-22","15.0299550403248"
"1982-01-23","38.9511453455145"
"1982-01-24","31.8682694373193"
"1982-01-25","1.44686487149367"
"1982-01-26","5.36965896247269"
"1982-01-27","10.0154419420085"
"1982-01-28","16.2015217661342"
"1982-01-29","30.5241152115198"
"1982-01-30","16.0552238282703"
"1982-01-31","15.6670404533287"
"1982-02-01","21.4240719683759"
"1982-02-02","21.2518419951071"
"1982-02-03","25.1598219768309"
"1982-02-04","21.0605216913925"
"1982-02-05","35.7373973879463"
"1982-02-06","31.2720839265105"
"1982-02-07","37.781925407839"
"1982-02-08","54.4733685745305"
"1982-02-09","20.6996233556178"
"1982-02-10","27.3441279770492"
"1982-02-11","26.2735419459157"
"1982-02-12","27.9875740943017"
"1982-02-13","27.730970944161"
"1982-02-14","46.2814259219479"
"1982-02-15","60.7127574078448"
"1982-02-16","12.1148866440827"
"1982-02-17","26.0379663236213"
"1982-02-18","17.4873735667307"
"1982-02-19","17.4317508342462"
"1982-02-20","44.8292498980766"
"1982-02-21","13.1741823427605"
"1982-02-22","16.122919660626"
"1982-02-23","15.9059112433231"
"1982-02-24","26.5703966793044"
"1982-02-25","22.8990665534874"
"1982-02-26","23.4001348751448"
"1982-02-27","22.9318061679989"
"1982-02-28","24.5067248571487"
"1982-03-01","10.6549191082711"
"1982-03-02","22.9420989065459"
"1982-03-03","20.3786556854909"
"1982-03-04","16.0377096902756"
"1982-03-05","18.3738715184199"
"1982-03-06","24.5189271571832"
"1982-03-07","15.9663498411963"
"1982-03-08","20.0658700724185"
"1982-03-09","11.5617368892158"
"1982-03-10","8.21113528214492"
"1982-03-11","12.8050093609533"
"1982-03-12","14.4742625760826"
"1982-03-13","16.4400089148319"
"1982-03-14","18.8829706860827"
"1982-03-15","19.540757104948"
"1982-03-16","13.3449682652692"
"1982-03-17","11.4127526969621"
"1982-03-18","17.8092739943302"
"1982-03-19","15.922075339726"
"1982-03-20","21.4645234764396"
"1982-03-21","30.8879132539163"
"1982-03-22","27.6749003893369"
"1982-03-23","3.48068104832719"
"1982-03-24","6.02706721644381"
"1982-03-25","6.96766543801213"
"1982-03-26","10.6014793094618"
"1982-03-27","13.9138439537643"
"1982-03-28","4.93354029366464"
"1982-03-29","8.65704288214316"
"1982-03-30","9.90668281125816"
"1982-03-31","13.0697853864529"
"1982-04-01","19.1757376782306"
"1982-04-02","18.3242017737715"
"1982-04-03","7.97450954779918"
"1982-04-04","12.2541497589706"
"1982-04-05","9.4854751541501"
"1982-04-06","8.79075729279291"
"1982-04-07","7.19648689315433"
"1982-04-08","12.2632642948266"
"1982-04-09","11.1715066195566"
"1982-04-10","15.1905676234852"
"1982-04-11","17.3772592916117"
"1982-04-12","16.3803031847074"
"1982-04-13","26.2142021294796"
"1982-04-14","27.9764035212529"
"1982-04-15","8.46263527044486"
"1982-04-16","9.01317086570707"
"1982-04-17","9.73106666664024"
"1982-04-18","8.57212103187264"
"1982-04-19","9.32726666421601"
"1982-04-20","10.5186122093366"
"1982-04-21","8.83574441191438"
"1982-04-22","18.7387478650906"
"1982-04-23","10.3113646548548"
"1982-04-24","8.87392033952655"
"1982-04-25","5.49687985063115"
"1982-04-26","3.40247189972824"
"1982-04-27","2.93125327970042"
"1982-04-28","5.30120008642023"
"1982-04-29","5.27007774099127"
"1982-04-30","4.73929881739926"
"1982-05-01","4.69016076785661"
"1982-05-02","7.96862345650083"
"1982-05-03","16.854610907567"
"1982-05-04","5.83870331962387"
"1982-05-05","4.98896591333084"
"1982-05-06","2.12973774143886"
"1982-05-07","1.84571461360176"
"1982-05-08","3.20476776825917"
"1982-05-09","4.53613433486971"
"1982-05-10","9.50362663145189"
"1982-05-11","6.45281352109207"
"1982-05-12","4.49055287796698"
"1982-05-13","4.1202717351191"
"1982-05-14","5.02731949426395"
"1982-05-15","4.57457117342846"
"1982-05-16","5.55241397345737"
"1982-05-17","11.2200004218461"
"1982-05-18","25.4492245339728"
"1982-05-19","12.797801356295"
"1982-05-20","5.9113376863075"
"1982-05-21","4.80529307957852"
"1982-05-22","3.00357249675891"
"1982-05-23","4.28798975366535"
"1982-05-24","3.85689418346851"
"1982-05-25","8.06656822807345"
"1982-05-26","8.17760182975175"
"1982-05-27","9.76149565832955"
"1982-05-28","3.59351609769838"
"1982-05-29","4.6618634906166"
"1982-05-30","5.5242449589622"
"1982-05-31","4.50563353609729"
"1982-06-01","2.56959890158145"
"1982-06-02","5.49314003124898"
"1982-06-03","3.62308667774324"
"1982-06-04","3.76861457649247"
"1982-06-05","4.54776898400608"
"1982-06-06","4.10977741598567"
"1982-06-07","4.0086122993783"
"1982-06-08","4.45609885892827"
"1982-06-09","4.4579218739555"
"1982-06-10","3.27686647445092"
"1982-06-11","2.57399984613642"
"1982-06-12","2.09775575698712"
"1982-06-13","3.04088402104068"
"1982-06-14","3.36072763813522"
"1982-06-15","1.45553567889449"
"1982-06-16","1.20940937024432"
"1982-06-17","3.64833536989245"
"1982-06-18","3.43179998163021"
"1982-06-19","11.8655070618634"
"1982-06-20","5.01791689870677"
"1982-06-21","3.55972479116091"
"1982-06-22","2.19612845520437"
"1982-06-23","3.02179685867194"
"1982-06-24","3.18311662539775"
"1982-06-25","2.55972952076367"
"1982-06-26","4.7588447698783"
"1982-06-27","3.92376581053713"
"1982-06-28","3.04925355818365"
"1982-06-29","3.37586800463788"
"1982-06-30","2.46051877633834"
"1982-07-01","4.88274234197873"
"1982-07-02","6.7718723645974"
"1982-07-03","4.67552160597467"
"1982-07-04","3.66244211909059"
"1982-07-05","4.97831367336826"
"1982-07-06","1.72325014397179"
"1982-07-07","3.36816720374219"
"1982-07-08","1.76876487553894"
"1982-07-09","3.61477758306446"
"1982-07-10","3.08548064020289"
"1982-07-11","3.72895860775209"
"1982-07-12","3.73289496093601"
"1982-07-13","5.57143600317307"
"1982-07-14","6.2635943657392"
"1982-07-15","3.54498935597283"
"1982-07-16","2.94408865176238"
"1982-07-17","3.5076846322972"
"1982-07-18","3.63614796947091"
"1982-07-19","5.57632784203533"
"1982-07-20","4.62327328234008"
"1982-07-21","7.06500795186856"
"1982-07-22","9.18828666468203"
"1982-07-23","10.0994483278943"
"1982-07-24","5.64211591807279"
"1982-07-25","3.92237412568295"
"1982-07-26","3.66480689415168"
"1982-07-27","3.962926263417"
"1982-07-28","11.2613458509569"
"1982-07-29","4.47437382157231"
"1982-07-30","5.82641758108552"
"1982-07-31","4.51993746468515"
"1982-08-01","3.08702803354759"
"1982-08-02","14.7059411858067"
"1982-08-03","7.78210914393008"
"1982-08-04","6.4044029506254"
"1982-08-05","9.21584667787923"
"1982-08-06","6.04177657711558"
"1982-08-07","6.68818053280636"
"1982-08-08","13.1547547625257"
"1982-08-09","23.9335338253996"
"1982-08-10","11.2569904853771"
"1982-08-11","3.19047685825463"
"1982-08-12","2.9623789693112"
"1982-08-13","2.4529583363822"
"1982-08-14","6.51087698740361"
"1982-08-15","5.24887921593406"
"1982-08-16","6.27950838788763"
"1982-08-17","4.79293816610848"
"1982-08-18","7.30031900385242"
"1982-08-19","15.6622369877704"
"1982-08-20","23.6045084329911"
"1982-08-21","7.65866720934451"
"1982-08-22","7.21564491693076"
"1982-08-23","16.1106309354047"
"1982-08-24","33.0588036161481"
"1982-08-25","8.27512559075376"
"1982-08-26","6.13550445321318"
"1982-08-27","20.9163909102931"
"1982-08-28","21.8831921387544"
"1982-08-29","33.0164873858035"
"1982-08-30","4.81070188681285"
"1982-08-31","8.22835568225745"
"1982-09-01","28.8964161356806"
"1982-09-02","12.4541256149094"
"1982-09-03","18.8770732611289"
"1982-09-04","7.77619518500902"
"1982-09-05","11.3856790396042"
"1982-09-06","7.86044465618216"
"1982-09-07","4.20734799527503"
"1982-09-08","5.79258675183053"
"1982-09-09","8.91473283860591"
"1982-09-10","7.68436697035125"
"1982-09-11","6.77163547561282"
"1982-09-12","7.525451290143"
"1982-09-13","12.9984954115632"
"1982-09-14","19.5318741509409"
"1982-09-15","25.9202842629833"
"1982-09-16","42.7988684105151"
"1982-09-17","14.9000931095767"
"1982-09-18","12.5493563780021"
"1982-09-19","8.46803557924378"
"1982-09-20","14.9947712122104"
"1982-09-21","17.7442043353985"
"1982-09-22","13.4196924915561"
"1982-09-23","15.0093271494944"
"1982-09-24","20.3268717522229"
"1982-09-25","9.67937813279949"
"1982-09-26","11.0102489520977"
"1982-09-27","11.2785718771286"
"1982-09-28","6.79357267458202"
"1982-09-29","8.22690884891527"
"1982-09-30","8.63495574240045"
"1982-10-01","9.98973184953004"
"1982-10-02","37.0452375907403"
"1982-10-03","29.277720505025"
"1982-10-04","11.8904694881274"
"1982-10-05","16.7151601737712"
"1982-10-06","32.0115981081347"
"1982-10-07","14.7854566594739"
"1982-10-08","11.0822869420568"
"1982-10-09","16.2507787390705"
"1982-10-10","17.498452415714"
"1982-10-11","36.9205318715149"
"1982-10-12","21.9886656013918"
"1982-10-13","12.3813206189639"
"1982-10-14","20.2356102270481"
"1982-10-15","11.4658966921109"
"1982-10-16","6.44004068952618"
"1982-10-17","10.649434612943"
"1982-10-18","20.0304194012762"
"1982-10-19","21.1375110015209"
"1982-10-20","12.6517674922943"
"1982-10-21","9.12520774282934"
"1982-10-22","8.19087532072356"
"1982-10-23","10.054408465629"
"1982-10-24","16.5476112799211"
"1982-10-25","35.3450522443433"
"1982-10-26","39.2027359958335"
"1982-10-27","19.4975556996994"
"1982-10-28","14.5526384171985"
"1982-10-29","49.8592693527023"
"1982-10-30","15.8690215457569"
"1982-10-31","12.5065085051896"
"1982-11-01","16.5943158983668"
"1982-11-02","18.2181241625831"
"1982-11-03","26.1912790273691"
"1982-11-04","49.7225047602798"
"1982-11-05","46.63133529564"
"1982-11-06","58.2394687768185"
"1982-11-07","25.7769134983872"
"1982-11-08","30.9661366433808"
"1982-11-09","24.5033487860775"
"1982-11-10","11.9000656707978"
"1982-11-11","25.2375653254521"
"1982-11-12","41.5144919688567"
"1982-11-13","45.3880611683899"
"1982-11-14","35.7145472192145"
"1982-11-15","32.2210274403229"
"1982-11-16","21.1471678209511"
"1982-11-17","33.763604275592"
"1982-11-18","17.252768377205"
"1982-11-19","15.6424705290691"
"1982-11-20","31.8033904368743"
"1982-11-21","39.0960430293888"
"1982-11-22","53.7445079919064"
"1982-11-23","53.9443376962241"
"1982-11-24","81.8300015833471"
"1982-11-25","31.0712725362736"
"1982-11-26","30.0109145011737"
"1982-11-27","19.2287455348225"
"1982-11-28","26.6673556406261"
"1982-11-29","41.0881343940636"
"1982-11-30","74.6776479085286"
"1982-12-01","25.5236108540457"
"1982-12-02","24.0800260775017"
"1982-12-03","22.1730231247939"
"1982-12-04","23.6657412310183"
"1982-12-05","24.7726241066342"
"1982-12-06","16.213458713515"
"1982-12-07","16.4791424615043"
"1982-12-08","5.24370310974844"
"1982-12-09","6.52668145931128"
"1982-12-10","12.8791336012093"
"1982-12-11","27.8990418405244"
"1982-12-12","27.5737578941114"
"1982-12-13","35.9212467226631"
"1982-12-14","29.4443463659906"
"1982-12-15","49.2166508596181"
"1982-12-16","27.1159590147274"
"1982-12-17","30.150090923557"
"1982-12-18","29.9629654946265"
"1982-12-19","22.7819276619783"
"1982-12-20","16.8237424928905"
"1982-12-21","31.0162443598628"
"1982-12-22","40.8120173086852"
"1982-12-23","44.4625889006115"
"1982-12-24","29.3362676818649"
"1982-12-25","32.7398953788724"
"1982-12-26","33.0659620854762"
"1982-12-27","19.5857145548899"
"1982-12-28","20.1195497677956"
"1982-12-29","17.4288290197199"
"1982-12-30","14.0996938773564"
"1982-12-31","21.7839502359365"
"1983-01-01","36.5101162716424"
"1983-01-02","25.2544618168951"
"1983-01-03","26.80863045614"
"1983-01-04","33.5124647627661"
"1983-01-05","25.7024920079615"
"1983-01-06","36.0595109287278"
"1983-01-07","36.5502041573132"
"1983-01-08","80.4663354287416"
"1983-01-09","25.8466926508652"
"1983-01-10","17.0169457935152"
"1983-01-11","15.3055430201741"
"1983-01-12","15.5024182166888"
"1983-01-13","13.3258029062511"
"1983-01-14","19.8135806822674"
"1983-01-15","14.5252716551611"
"1983-01-16","18.0684957380419"
"1983-01-17","24.5445997973025"
"1983-01-18","26.2274200637619"
"1983-01-19","27.7646109428241"
"1983-01-20","42.2907066510353"
"1983-01-21","52.397754817814"
"1983-01-22","46.7187492073356"
"1983-01-23","18.9808982172054"
"1983-01-24","27.0643583850943"
"1983-01-25","34.5002706288259"
"1983-01-26","14.4947711399623"
"1983-01-27","18.061496563288"
"1983-01-28","20.382222245782"
"1983-01-29","48.5744510254303"
"1983-01-30","48.5136300124131"
"1983-01-31","58.1274227290959"
"1983-02-01","84.0814376599861"
"1983-02-02","26.7225209851286"
"1983-02-03","28.1588741030012"
"1983-02-04","38.1945509889941"
"1983-02-05","48.0391278948103"
"1983-02-06","52.9829946740881"
"1983-02-07","60.9219013065487"
"1983-02-08","75.2026619684129"
"1983-02-09","26.0651652183368"
"1983-02-10","28.1307741470667"
"1983-02-11","18.9386829442276"
"1983-02-12","15.6127674589942"
"1983-02-13","29.6760662128399"
"1983-02-14","38.3579090498227"
"1983-02-15","53.6319978061693"
"1983-02-16","121.195492996282"
"1983-02-17","27.2180340176537"
"1983-02-18","28.6621921753987"
"1983-02-19","26.3623433711725"
"1983-02-20","21.9309557010601"
"1983-02-21","21.6778330451998"
"1983-02-22","20.5450013272174"
"1983-02-23","20.8793227125556"
"1983-02-24","28.9496085674732"
"1983-02-25","28.6314558301653"
"1983-02-26","44.8840522270698"
"1983-02-27","34.3205503405947"
"1983-02-28","23.589758497296"
"1983-03-01","39.0367615687383"
"1983-03-02","7.01351984238728"
"1983-03-03","26.9870209095282"
"1983-03-04","7.77193188564086"
"1983-03-05","6.65245146152777"
"1983-03-06","20.1533970605759"
"1983-03-07","11.6537570107035"
"1983-03-08","6.18013470668297"
"1983-03-09","15.2855616338325"
"1983-03-10","31.5824796338102"
"1983-03-11","28.665060035078"
"1983-03-12","26.3173951565961"
"1983-03-13","15.2569427490234"
"1983-03-14","14.6249376148373"
"1983-03-15","9.96243301820961"
"1983-03-16","21.1226255160906"
"1983-03-17","20.9655219239074"
"1983-03-18","17.723396198058"
"1983-03-19","22.8107736100366"
"1983-03-20","15.67636289225"
"1983-03-21","4.83622214391634"
"1983-03-22","0.311585314023546"
"1983-03-23","0.316426273499861"
"1983-03-24","0.799918291566176"
"1983-03-25","1.89319813328904"
"1983-03-26","2.32624243541713"
"1983-03-27","3.2239407533175"
"1983-03-28","3.37112854182462"
"1983-03-29","7.2913524918742"
"1983-03-30","5.89940277580575"
"1983-03-31","6.55657915377514"
"1983-04-01","4.95474193725751"
"1983-04-02","9.31602880139372"
"1983-04-03","6.98180951390948"
"1983-04-04","2.19682263076563"
"1983-04-05","4.53221378298033"
"1983-04-06","4.97690668998859"
"1983-04-07","3.04479876560566"
"1983-04-08","5.52100984100656"
"1983-04-09","4.2116687942893"
"1983-04-10","6.55307895899851"
"1983-04-11","3.1311749081849"
"1983-04-12","4.26876149239478"
"1983-04-13","2.67570264437498"
"1983-04-14","4.06287040545311"
"1983-04-15","6.89725777029475"
"1983-04-16","6.20589979386433"
"1983-04-17","7.64320742722714"
"1983-04-18","5.93980659705736"
"1983-04-19","12.4251620986245"
"1983-04-20","10.3585310828634"
"1983-04-21","17.1584788793093"
"1983-04-22","16.5204925082979"
"1983-04-23","2.54876341396596"
"1983-04-24","4.13347635408501"
"1983-04-25","3.44997109840443"
"1983-04-26","2.88325862992894"
"1983-04-27","2.76812854189893"
"1983-04-28","4.25168319181962"
"1983-04-29","4.30208897126185"
"1983-04-30","7.03892704005881"
"1983-05-01","1.60350129408238"
"1983-05-02","0.529544452310124"
"1983-05-03","0.129094661136855"
"1983-05-04","0.498647428178168"
"1983-05-05","2.04082970301826"
"1983-05-06","1.31239178221979"
"1983-05-07","2.02758717833659"
"1983-05-08","3.49541646448565"
"1983-05-09","1.7947292265954"
"1983-05-10","4.64177403357122"
"1983-05-11","2.31076430680948"
"1983-05-12","3.88809867622532"
"1983-05-13","4.28007159140203"
"1983-05-14","1.41398799161374"
"1983-05-15","0.558713088223299"
"1983-05-16","1.42027798136978"
"1983-05-17","1.93434036287652"
"1983-05-18","1.85204190286723"
"1983-05-19","2.48556156617738"
"1983-05-20","2.36692456314058"
"1983-05-21","4.88460451880575"
"1983-05-22","3.20091226374432"
"1983-05-23","1.74780512875293"
"1983-05-24","3.34527167123117"
"1983-05-25","3.75883097179008"
"1983-05-26","1.63905064071412"
"1983-05-27","0.902343338476373"
"1983-05-28","1.37938570582763"
"1983-05-29","2.97364459899597"
"1983-05-30","0.584153354506601"
"1983-05-31","1.54779130407484"
"1983-06-01","1.17939756317185"
"1983-06-02","1.05663414531714"
"1983-06-03","1.3405268082629"
"1983-06-04","3.5913877956795"
"1983-06-05","2.63426708168798"
"1983-06-06","3.20680867774146"
"1983-06-07","2.49493251669975"
"1983-06-08","2.39916967823134"
"1983-06-09","1.81098728249599"
"1983-06-10","2.14120385579733"
"1983-06-11","1.90903226831259"
"1983-06-12","2.32853135453674"
"1983-06-13","4.49924743110999"
"1983-06-14","1.83338764980758"
"1983-06-15","1.23654671806794"
"1983-06-16","1.66359450239124"
"1983-06-17","1.94021562515915"
"1983-06-18","1.82850457244105"
"1983-06-19","1.17189218303858"
"1983-06-20","1.19702043355285"
"1983-06-21","1.2196662606615"
"1983-06-22","0.794726851440611"
"1983-06-23","1.13152701643122"
"1983-06-24","0.638748697904281"
"1983-06-25","3.50081508964687"
"1983-06-26","2.29515175798755"
"1983-06-27","2.25678745699135"
"1983-06-28","1.00425209188874"
"1983-06-29","1.33583667493744"
"1983-06-30","0.851450711714499"
"1983-07-01","1.39465778427465"
"1983-07-02","1.05477503959686"
"1983-07-03","0.97652449229837"
"1983-07-04","1.17276380098227"
"1983-07-05","2.28740319648346"
"1983-07-06","1.10874767775659"
"1983-07-07","3.20515978903998"
"1983-07-08","2.34488093569165"
"1983-07-09","1.56040193946847"
"1983-07-10","4.22235427377544"
"1983-07-11","4.35841195253067"
"1983-07-12","2.88323713097221"
"1983-07-13","2.35372112839769"
"1983-07-14","0.784905186721257"
"1983-07-15","1.08116566760715"
"1983-07-16","0.971972669228847"
"1983-07-17","1.21339288495836"
"1983-07-18","2.91071098759061"
"1983-07-19","1.02505839129031"
"1983-07-20","1.77951869768498"
"1983-07-21","2.27652155759531"
"1983-07-22","1.59544217044657"
"1983-07-23","1.85085191948589"
"1983-07-24","1.73884139355127"
"1983-07-25","2.61241608290445"
"1983-07-26","2.05401202558955"
"1983-07-27","0.110234706061872"
"1983-07-28","0.430312948406259"
"1983-07-29","0.261696952681392"
"1983-07-30","0.459825160570475"
"1983-07-31","0.736759089546286"
"1983-08-01","1.27237389407633"
"1983-08-02","1.45559069191739"
"1983-08-03","2.17280609138084"
"1983-08-04","1.30249582934173"
"1983-08-05","1.69131024549534"
"1983-08-06","4.25455421080321"
"1983-08-07","2.80204868110227"
"1983-08-08","2.74159020211273"
"1983-08-09","2.07527986143059"
"1983-08-10","1.89709311078637"
"1983-08-11","1.98440135686429"
"1983-08-12","2.09638585775962"
"1983-08-13","3.38234002662427"
"1983-08-14","3.4668041803104"
"1983-08-15","4.20505647948294"
"1983-08-16","0.883616064534043"
"1983-08-17","0.377527861819639"
"1983-08-18","0.899655127938176"
"1983-08-19","2.05357949867909"
"1983-08-20","1.38797783154946"
"1983-08-21","2.6884133067482"
"1983-08-22","0.33288168184685"
"1983-08-23","0.660390146012172"
"1983-08-24","2.36713955064357"
"1983-08-25","0.346061564546514"
"1983-08-26","0.825585979145843"
"1983-08-27","3.18624001831719"
"1983-08-28","1.56589106963826"
"1983-08-29","2.93546816177698"
"1983-08-30","1.90903974637325"
"1983-08-31","1.76999521513522"
"1983-09-01","2.43333720309394"
"1983-09-02","1.9161152798376"
"1983-09-03","1.76974004894108"
"1983-09-04","1.41261250683756"
"1983-09-05","0.482606493726824"
"1983-09-06","0.692376642387151"
"1983-09-07","0.722851123064111"
"1983-09-08","0.0726446114274879"
"1983-09-09","0.518895267375878"
"1983-09-10","0.837228750866471"
"1983-09-11","1.55775417600359"
"1983-09-12","1.85713546887621"
"1983-09-13","1.97127102644413"
"1983-09-14","1.28450982888669"
"1983-09-15","3.31892309689419"
"1983-09-16","2.29067725510824"
"1983-09-17","3.3673411793523"
"1983-09-18","1.97729952149577"
"1983-09-19","3.2420568022377"
"1983-09-20","7.63757094985995"
"1983-09-21","3.81274090752457"
"1983-09-22","9.56952247165498"
"1983-09-23","3.19932528388449"
"1983-09-24","4.52498126752449"
"1983-09-25","3.45418696589284"
"1983-09-26","3.81909361288145"
"1983-09-27","6.38912635344964"
"1983-09-28","2.48643987390386"
"1983-09-29","2.68052644724454"
"1983-09-30","3.17714860222556"
"1983-10-01","6.05135194047705"
"1983-10-02","2.94921919587371"
"1983-10-03","6.05184744550036"
"1983-10-04","6.14906624178866"
"1983-10-05","6.10127622740609"
"1983-10-06","5.4479742741688"
"1983-10-07","5.6402942804031"
"1983-10-08","5.69014313726714"
"1983-10-09","4.73844162210242"
"1983-10-10","5.1115326659504"
"1983-10-11","5.27790049453834"
"1983-10-12","1.19667596011967"
"1983-10-13","0.603584865793521"
"1983-10-14","2.25747072412854"
"1983-10-15","0.243240249145663"
"1983-10-16","0.687364347472593"
"1983-10-17","1.1544099752005"
"1983-10-18","2.46155497212431"
"1983-10-19","3.87557635007999"
"1983-10-20","2.23836746540937"
"1983-10-21","3.31173149177006"
"1983-10-22","3.94154681375016"
"1983-10-23","6.29602451035471"
"1983-10-24","4.91569062899717"
"1983-10-25","5.05144909191957"
"1983-10-26","6.28650845077647"
"1983-10-27","7.26729208876044"
"1983-10-28","2.82168328194391"
"1983-10-29","5.3027780344992"
"1983-10-30","5.08986548531107"
"1983-10-31","6.26942132871388"
"1983-11-01","5.9247684086556"
"1983-11-02","6.04223092293843"
"1983-11-03","15.0881682412449"
"1983-11-04","4.09164825920419"
"1983-11-05","6.52800896260645"
"1983-11-06","16.9161557614545"
"1983-11-07","8.81028218083567"
"1983-11-08","17.4474857132156"
"1983-11-09","4.49443375141848"
"1983-11-10","4.03206241156632"
"1983-11-11","6.00029058735092"
"1983-11-12","7.75882654375844"
"1983-11-13","9.0352973989594"
"1983-11-14","17.6742713874553"
"1983-11-15","9.35374148789938"
"1983-11-16","6.68815423812701"
"1983-11-17","4.19799085303302"
"1983-11-18","6.01690606482617"
"1983-11-19","8.63147760469676"
"1983-11-20","8.39935438354294"
"1983-11-21","12.7623839832488"
"1983-11-22","2.62822131186853"
"1983-11-23","7.21454943129511"
"1983-11-24","9.53339715334244"
"1983-11-25","1.05840531526964"
"1983-11-26","2.50259672382693"
"1983-11-27","3.56448045282653"
"1983-11-28","5.18339695971766"
"1983-11-29","7.19625653771611"
"1983-11-30","0.816453806314117"
"1983-12-01","3.77970334074714"
"1983-12-02","7.29217701556879"
"1983-12-03","7.17746288539011"
"1983-12-04","8.80774772425235"
"1983-12-05","11.2287772744249"
"1983-12-06","2.45562479867564"
"1983-12-07","6.62888250516091"
"1983-12-08","6.33679343405224"
"1983-12-09","8.45183572727881"
"1983-12-10","12.1311388036389"
"1983-12-11","12.6905150021309"
"1983-12-12","20.1507666080029"
"1983-12-13","16.1581748615612"
"1983-12-14","32.5080436277183"
"1983-12-15","17.2285175075779"
"1983-12-16","8.92797278738641"
"1983-12-17","11.5086463808497"
"1983-12-18","26.5807528310008"
"1983-12-19","27.454791403436"
"1983-12-20","57.5450257470597"
"1983-12-21","27.6975535190467"
"1983-12-22","24.6859047464478"
"1983-12-23","22.917165194755"
"1983-12-24","34.7373358243472"
"1983-12-25","14.8365583234019"
"1983-12-26","18.4882049065132"
"1983-12-27","21.8634537577113"
"1983-12-28","24.8410814293535"
"1983-12-29","21.918370110648"
"1983-12-30","6.62384808321536"
"1983-12-31","2.21802956536735"
"1984-01-01","0.80248166375604"
"1984-01-02","2.48225365830706"
"1984-01-03","8.55141056770886"
"1984-01-04","11.918433090309"
"1984-01-05","20.7200881330482"
"1984-01-06","16.9173210193585"
"1984-01-07","26.9117297878513"
"1984-01-08","19.7237398469603"
"1984-01-09","15.2193461269527"
"1984-01-10","13.9984129414414"
"1984-01-11","27.5454427545721"
"1984-01-12","32.247526400017"
"1984-01-13","27.4451657414952"
"1984-01-14","19.7964809095705"
"1984-01-15","1.29541999011329"
"1984-01-16","1.53814165584453"
"1984-01-17","4.20140639089403"
"1984-01-18","5.51642538613571"
"1984-01-19","8.19326054172598"
"1984-01-20","10.1448327875757"
"1984-01-21","10.1868127290305"
"1984-01-22","15.3375294817474"
"1984-01-23","23.3877610293302"
"1984-01-24","13.728779679253"
"1984-01-25","2.70398187121272"
"1984-01-26","6.28184056024015"
"1984-01-27","11.0099321959855"
"1984-01-28","13.8030701529928"
"1984-01-29","22.0399938434749"
"1984-01-30","14.983630225772"
"1984-01-31","17.6126422448592"
"1984-02-01","19.2822955325568"
"1984-02-02","31.8352365782767"
"1984-02-03","41.5814827180012"
"1984-02-04","34.1505827305121"
"1984-02-05","31.6237329755511"
"1984-02-06","26.2131771772971"
"1984-02-07","18.0418349881193"
"1984-02-08","28.6222963580838"
"1984-02-09","30.0228182557341"
"1984-02-10","21.3116801951355"
"1984-02-11","16.1207583621467"
"1984-02-12","34.871322937342"
"1984-02-13","16.6150686668627"
"1984-02-14","14.118009049139"
"1984-02-15","33.7495895402256"
"1984-02-16","15.9953188049845"
"1984-02-17","21.2527201846565"
"1984-02-18","23.2001729692732"
"1984-02-19","22.3727233358276"
"1984-02-20","32.6084007742085"
"1984-02-21","14.7702809143892"
"1984-02-22","17.8702794318591"
"1984-02-23","26.9313727870132"
"1984-02-24","13.7308079050733"
"1984-02-25","22.3265167872111"
"1984-02-26","35.329144655368"
"1984-02-27","42.4692214453891"
"1984-02-28","13.0121266872852"
"1984-02-29","8.19638746538203"
"1984-03-01","13.222627697569"
"1984-03-02","9.71369839953138"
"1984-03-03","15.2435653158081"
"1984-03-04","19.1492978711149"
"1984-03-05","27.3449271726402"
"1984-03-06","33.7389688863383"
"1984-03-07","29.1696157744437"
"1984-03-08","21.3485246303278"
"1984-03-09","21.0459967980653"
"1984-03-10","31.5021065550965"
"1984-03-11","16.563349356383"
"1984-03-12","24.7925407112419"
"1984-03-13","8.26517238709834"
"1984-03-14","6.98798768860953"
"1984-03-15","6.03616249148464"
"1984-03-16","10.1148128561127"
"1984-03-17","18.6498886331335"
"1984-03-18","13.4340403420585"
"1984-03-19","11.4713396117801"
"1984-03-20","11.6940642455956"
"1984-03-21","15.8298127351901"
"1984-03-22","17.8031360617964"
"1984-03-23","15.3860582335171"
"1984-03-24","7.37176811746705"
"1984-03-25","0.603615512498917"
"1984-03-26","1.20429898263056"
"1984-03-27","2.9407156343971"
"1984-03-28","3.15434107713369"
"1984-03-29","7.8653374456224"
"1984-03-30","11.4212601551246"
"1984-03-31","6.07468908457529"
"1984-04-01","8.82488758842666"
"1984-04-02","7.99596904572986"
"1984-04-03","9.4920910116914"
"1984-04-04","7.40188479423523"
"1984-04-05","7.76484837005665"
"1984-04-06","20.0232502185937"
"1984-04-07","10.2146696198038"
"1984-04-08","17.0542368331513"
"1984-04-09","9.93738957194539"
"1984-04-10","8.63923324031747"
"1984-04-11","8.6411246778645"
"1984-04-12","12.1333231224126"
"1984-04-13","12.0726753602296"
"1984-04-14","11.0822632570803"
"1984-04-15","12.780877846144"
"1984-04-16","3.0579232248393"
"1984-04-17","5.44952457601374"
"1984-04-18","2.97460968308635"
"1984-04-19","3.84150482101358"
"1984-04-20","2.9072861485667"
"1984-04-21","4.35179194279047"
"1984-04-22","13.801773259134"
"1984-04-23","7.90544809768726"
"1984-04-24","8.82017054960325"
"1984-04-25","4.482157004344"
"1984-04-26","4.41515678373766"
"1984-04-27","6.65091902146608"
"1984-04-28","4.15957154417451"
"1984-04-29","4.0743917869283"
"1984-04-30","6.26481458325407"
"1984-05-01","8.50519553613869"
"1984-05-02","11.6355804715838"
"1984-05-03","2.91097845969262"
"1984-05-04","7.40740435257619"
"1984-05-05","5.69449308475891"
"1984-05-06","3.82947241176258"
"1984-05-07","6.16661119099819"
"1984-05-08","5.30739501854042"
"1984-05-09","5.94236784063892"
"1984-05-10","9.91118784281083"
"1984-05-11","6.77189619303782"
"1984-05-12","3.7482928625949"
"1984-05-13","4.61241915318873"
"1984-05-14","4.47888155778249"
"1984-05-15","7.49353464857324"
"1984-05-16","9.02286136098754"
"1984-05-17","7.37769411239789"
"1984-05-18","11.9777479708453"
"1984-05-19","7.35501523451372"
"1984-05-20","7.8641049108464"
"1984-05-21","7.75183745380088"
"1984-05-22","3.23422063661344"
"1984-05-23","3.55425969475792"
"1984-05-24","2.48661166455323"
"1984-05-25","3.12220198277271"
"1984-05-26","4.03809223959456"
"1984-05-27","3.24125463518745"
"1984-05-28","4.63342637778361"
"1984-05-29","2.95548246820252"
"1984-05-30","2.84259225228132"
"1984-05-31","8.24289230041174"
"1984-06-01","3.17134539879762"
"1984-06-02","3.08302496005962"
"1984-06-03","3.39386784307884"
"1984-06-04","3.20380678295573"
"1984-06-05","3.35747431702428"
"1984-06-06","9.72571651966541"
"1984-06-07","14.6299417359488"
"1984-06-08","5.26197404469246"
"1984-06-09","4.11602342799628"
"1984-06-10","3.12213459959278"
"1984-06-11","3.17949108566557"
"1984-06-12","2.34866153677821"
"1984-06-13","3.66430846721063"
"1984-06-14","3.59977679799646"
"1984-06-15","6.44084333805811"
"1984-06-16","4.52732254468001"
"1984-06-17","2.86611359821254"
"1984-06-18","8.02021449365657"
"1984-06-19","4.70772310691478"
"1984-06-20","3.60793823365009"
"1984-06-21","6.12634991051315"
"1984-06-22","13.2076976722453"
"1984-06-23","11.6192823416227"
"1984-06-24","2.88875020763059"
"1984-06-25","2.06873281358124"
"1984-06-26","2.40927439824843"
"1984-06-27","2.18933916066116"
"1984-06-28","3.8028068170919"
"1984-06-29","5.68751210567755"
"1984-06-30","4.05427352897016"
"1984-07-01","4.47220783367818"
"1984-07-02","3.67651021712786"
"1984-07-03","1.78468194087862"
"1984-07-04","0.808029324138835"
"1984-07-05","1.35039439124914"
"1984-07-06","1.88198985056186"
"1984-07-07","1.57693873042668"
"1984-07-08","4.28503133246909"
"1984-07-09","2.40331765738401"
"1984-07-10","2.24277034376091"
"1984-07-11","2.90326286600782"
"1984-07-12","2.13312306355088"
"1984-07-13","2.90790482181491"
"1984-07-14","4.91163273962029"
"1984-07-15","4.85548274186783"
"1984-07-16","0.363992565251016"
"1984-07-17","1.3021736643015"
"1984-07-18","2.08006331543902"
"1984-07-19","1.29524988464979"
"1984-07-20","2.09749944385512"
"1984-07-21","1.55339938492486"
"1984-07-22","0.930210405871982"
"1984-07-23","0.698525674866908"
"1984-07-24","1.60677829597678"
"1984-07-25","3.63642394129848"
"1984-07-26","2.77406017088787"
"1984-07-27","4.1595181169964"
"1984-07-28","3.97943128677674"
"1984-07-29","7.71301699407173"
"1984-07-30","7.08895753885244"
"1984-07-31","2.74737835136843"
"1984-08-01","2.82920547016771"
"1984-08-02","4.41359980178602"
"1984-08-03","10.1121679549609"
"1984-08-04","7.97727573898448"
"1984-08-05","1.48695310072981"
"1984-08-06","1.71461526075483"
"1984-08-07","4.36407751954479"
"1984-08-08","4.7941528899329"
"1984-08-09","5.03708765517066"
"1984-08-10","2.04000229701335"
"1984-08-11","3.05375047318347"
"1984-08-12","4.26137842554035"
"1984-08-13","3.14215204622838"
"1984-08-14","3.38306912431469"
"1984-08-15","2.64024077375214"
"1984-08-16","3.40873846966467"
"1984-08-17","1.09213763501221"
"1984-08-18","2.16532467608844"
"1984-08-19","2.90763880293091"
"1984-08-20","0.652834976132298"
"1984-08-21","0.362182616139258"
"1984-08-22","1.35974543444909"
"1984-08-23","1.43598625031643"
"1984-08-24","1.98663401010233"
"1984-08-25","2.96440775905337"
"1984-08-26","2.11136591002281"
"1984-08-27","1.14596494571084"
"1984-08-28","1.65497321133135"
"1984-08-29","1.77473131425324"
"1984-08-30","2.57504195890901"
"1984-08-31","5.60245761675236"
"1984-09-01","2.79435746958762"
"1984-09-02","5.48232814450285"
"1984-09-03","2.72572140950403"
"1984-09-04","3.26200854539613"
"1984-09-05","1.78342134018481"
"1984-09-06","1.99691535951771"
"1984-09-07","3.48718229748986"
"1984-09-08","3.42644554221785"
"1984-09-09","3.1775325420615"
"1984-09-10","11.4715811029657"
"1984-09-11","3.65471849916301"
"1984-09-12","2.98624720150258"
"1984-09-13","3.00318327507415"
"1984-09-14","4.44333324442694"
"1984-09-15","8.14527554945512"
"1984-09-16","1.2121381620308"
"1984-09-17","0.261380664794605"
"1984-09-18","1.58670686927193"
"1984-09-19","1.19994024496961"
"1984-09-20","1.37843584788568"
"1984-09-21","1.88987213218367"
"1984-09-22","2.51668155554569"
"1984-09-23","4.04046426500593"
"1984-09-24","2.42983861377229"
"1984-09-25","4.25310079101876"
"1984-09-26","2.62015578705511"
"1984-09-27","4.12870411336164"
"1984-09-28","4.23844123557533"
"1984-09-29","3.70830392398876"
"1984-09-30","3.43325659103724"
"1984-10-01","9.77042787312429"
"1984-10-02","13.6788914812592"
"1984-10-03","1.17659430083258"
"1984-10-04","2.59998919863205"
"1984-10-05","3.68468534069144"
"1984-10-06","4.81960313557546"
"1984-10-07","7.65024410904228"
"1984-10-08","18.906651467988"
"1984-10-09","7.5565370233544"
"1984-10-10","7.87997802201804"
"1984-10-11","6.24980396419376"
"1984-10-12","25.8142808897671"
"1984-10-13","5.56608042778907"
"1984-10-14","5.37266751388451"
"1984-10-15","6.1557319773224"
"1984-10-16","6.55709896149573"
"1984-10-17","5.60905989062734"
"1984-10-18","3.60967121186194"
"1984-10-19","3.7875272979984"
"1984-10-20","5.15670189403352"
"1984-10-21","7.39672500746591"
"1984-10-22","7.13304027747282"
"1984-10-23","20.7625389388113"
"1984-10-24","10.3197964269878"
"1984-10-25","5.49273169298709"
"1984-10-26","9.43842472864952"
"1984-10-27","7.81992332243816"
"1984-10-28","8.90486547337982"
"1984-10-29","10.9191693908724"
"1984-10-30","14.09302996557"
"1984-10-31","12.9835010565721"
"1984-11-01","10.9399988290035"
"1984-11-02","0.973050127168754"
"1984-11-03","2.70360814750969"
"1984-11-04","3.5786405577288"
"1984-11-05","7.56586781053832"
"1984-11-06","7.97547215868384"
"1984-11-07","10.3355426932826"
"1984-11-08","13.2084579550343"
"1984-11-09","12.5577505594724"
"1984-11-10","7.75504968641124"
"1984-11-11","3.27940535700166"
"1984-11-12","2.77516293732119"
"1984-11-13","2.99172011082307"
"1984-11-14","4.19430144215043"
"1984-11-15","7.91298662119614"
"1984-11-16","13.8784837392502"
"1984-11-17","20.7997481853931"
"1984-11-18","21.3169477429741"
"1984-11-19","13.0757324602697"
"1984-11-20","11.5037369934511"
"1984-11-21","16.8159219403288"
"1984-11-22","9.16571071550444"
"1984-11-23","7.04118617066057"
"1984-11-24","7.38784880194313"
"1984-11-25","15.9819777311185"
"1984-11-26","39.4305552940864"
"1984-11-27","16.6969078835987"
"1984-11-28","13.0725770698481"
"1984-11-29","10.4534238468517"
"1984-11-30","11.5173939254893"
"1984-12-01","16.2470952339503"
"1984-12-02","18.671385893058"
"1984-12-03","14.3859880723995"
"1984-12-04","7.96223237452569"
"1984-12-05","8.54014564179755"
"1984-12-06","13.2253740948516"
"1984-12-07","24.0561031572747"
"1984-12-08","28.7170134292536"
"1984-12-09","29.4834685635257"
"1984-12-10","38.7707836431858"
"1984-12-11","20.5073430259506"
"1984-12-12","29.9707763102147"
"1984-12-13","4.86816719187286"
"1984-12-14","17.4782535678897"
"1984-12-15","19.3732423286933"
"1984-12-16","19.1114925285438"
"1984-12-17","20.7862268588244"
"1984-12-18","38.5849800852986"
"1984-12-19","29.8869837723769"
"1984-12-20","21.4593608038766"
"1984-12-21","17.5992882489126"
"1984-12-22","16.8274449208082"
"1984-12-23","28.9998511813936"
"1984-12-24","23.0618105471392"
"1984-12-25","18.6946112830918"
"1984-12-26","13.4473437581744"
"1984-12-27","29.2180511590206"
"1984-12-28","37.4101144782393"
"1984-12-29","35.4658622824268"
"1984-12-30","42.3333523325074"
"1984-12-31","23.3694915069646"
"1985-01-01","25.1249955660337"
"1985-01-02","2.5229134915711"
"1985-01-03","7.3350017705521"
"1985-01-04","12.2669608056287"
"1985-01-05","17.7830255826314"
"1985-01-06","13.6952677144633"
"1985-01-07","13.0973300727415"
"1985-01-08","11.162647063598"
"1985-01-09","26.1276524242385"
"1985-01-10","16.4756253663596"
"1985-01-11","19.5542345893331"
"1985-01-12","39.5099195917963"
"1985-01-13","46.5670591081892"
"1985-01-14","108.869902243346"
"1985-01-15","30.5739457266671"
"1985-01-16","28.5468507659384"
"1985-01-17","24.8723013370068"
"1985-01-18","23.2657636956219"
"1985-01-19","28.9400688848454"
"1985-01-20","30.532382230222"
"1985-01-21","34.9878336671111"
"1985-01-22","15.3143667060059"
"1985-01-23","17.8649945899006"
"1985-01-24","22.8297661124886"
"1985-01-25","39.7535857163466"
"1985-01-26","42.7956936328442"
"1985-01-27","42.012354698016"
"1985-01-28","38.3499918025293"
"1985-01-29","41.932058606829"
"1985-01-30","33.9493990068312"
"1985-01-31","23.0573891519984"
"1985-02-01","24.6183323220257"
"1985-02-02","28.8418591734651"
"1985-02-03","37.151945403128"
"1985-02-04","36.2341925220572"
"1985-02-05","28.332724005629"
"1985-02-06","17.1213292765927"
"1985-02-07","25.5069718381543"
"1985-02-08","29.4249990141237"
"1985-02-09","33.1838358594226"
"1985-02-10","30.7055091279926"
"1985-02-11","25.6805185590472"
"1985-02-12","30.2160974064947"
"1985-02-13","19.6697027445872"
"1985-02-14","26.514722270883"
"1985-02-15","40.6224259710931"
"1985-02-16","19.7286612977197"
"1985-02-17","20.2076017082512"
"1985-02-18","30.5367615769952"
"1985-02-19","24.1468335188829"
"1985-02-20","23.7213885980251"
"1985-02-21","22.6142531803676"
"1985-02-22","17.9558395327944"
"1985-02-23","28.2572073007559"
"1985-02-24","27.092304989373"
"1985-02-25","10.9070413907369"
"1985-02-26","19.2028736552119"
"1985-02-27","17.8671215354622"
"1985-02-28","10.5816062250179"
"1985-03-01","12.57801827311"
"1985-03-02","10.942075737627"
"1985-03-03","16.1296642518147"
"1985-03-04","22.1706857474851"
"1985-03-05","11.2638963228696"
"1985-03-06","8.31300109702271"
"1985-03-07","18.5341348771925"
"1985-03-08","24.0266609522171"
"1985-03-09","20.6078923006594"
"1985-03-10","27.0769743073038"
"1985-03-11","30.0761866961723"
"1985-03-12","21.3969940664448"
"1985-03-13","28.5838184934674"
"1985-03-14","27.4552492992186"
"1985-03-15","19.5030778249105"
"1985-03-16","2.24230619684442"
"1985-03-17","1.55945678693908"
"1985-03-18","6.30094731524909"
"1985-03-19","12.7151721772693"
"1985-03-20","8.81337412508019"
"1985-03-21","14.2108088303438"
"1985-03-22","15.1898791490695"
"1985-03-23","21.7990319677246"
"1985-03-24","9.90593469091308"
"1985-03-25","13.1524724980969"
"1985-03-26","24.3605680094137"
"1985-03-27","16.2171282912746"
"1985-03-28","20.7570207026098"
"1985-03-29","16.3328787568328"
"1985-03-30","12.8875040285515"
"1985-03-31","33.206672883137"
"1985-04-01","7.84100648851106"
"1985-04-02","2.97643415184764"
"1985-04-03","7.92187452419496"
"1985-04-04","8.6354762000955"
"1985-04-05","8.69272126160659"
"1985-04-06","10.8538829774568"
"1985-04-07","7.78190907048973"
"1985-04-08","10.3380881284739"
"1985-04-09","18.2685060748806"
"1985-04-10","15.4426361265637"
"1985-04-11","31.1262550601712"
"1985-04-12","31.6846709891315"
"1985-04-13","29.2420973261713"
"1985-04-14","9.81519024506276"
"1985-04-15","9.09402520728834"
"1985-04-16","7.63175160853894"
"1985-04-17","6.80659766527481"
"1985-04-18","4.17200564047991"
"1985-04-19","8.61410044901299"
"1985-04-20","5.88444794927325"
"1985-04-21","9.33835278754627"
"1985-04-22","8.44352347510202"
"1985-04-23","8.86880668210777"
"1985-04-24","14.3138465819421"
"1985-04-25","11.6668649751903"
"1985-04-26","9.68994889321265"
"1985-04-27","10.518078219839"
"1985-04-28","12.610588176942"
"1985-04-29","13.8701214604564"
"1985-04-30","13.6201010287066"
"1985-05-01","12.7267523864647"
"1985-05-02","11.9936576385003"
"1985-05-03","8.88208660522065"
"1985-05-04","9.7362177526796"
"1985-05-05","17.4353302216633"
"1985-05-06","14.2674209792893"
"1985-05-07","7.50835294640942"
"1985-05-08","3.65071741249654"
"1985-05-09","7.39731445663419"
"1985-05-10","5.56814165445633"
"1985-05-11","4.68652869922258"
"1985-05-12","7.34487777664548"
"1985-05-13","9.98451042794562"
"1985-05-14","7.49919240092818"
"1985-05-15","8.31627908516756"
"1985-05-16","9.23871602227677"
"1985-05-17","7.83194818434777"
"1985-05-18","4.13703871857036"
"1985-05-19","5.27187118179354"
"1985-05-20","5.35356023094871"
"1985-05-21","5.75841147868664"
"1985-05-22","7.42038130140924"
"1985-05-23","4.78227712375261"
"1985-05-24","6.70893710722655"
"1985-05-25","5.84960817258595"
"1985-05-26","8.91678237089347"
"1985-05-27","7.64809478516186"
"1985-05-28","3.89279117973852"
"1985-05-29","0.529413788930162"
"1985-05-30","1.38385107119878"
"1985-05-31","2.91198718960667"
"1985-06-01","3.31793772271185"
"1985-06-02","4.8434969986672"
"1985-06-03","3.43098897902997"
"1985-06-04","3.77437559015307"
"1985-06-05","4.43946179641145"
"1985-06-06","3.53203092134876"
"1985-06-07","2.47643091358664"
"1985-06-08","4.99450437021462"
"1985-06-09","4.29533540609079"
"1985-06-10","3.87314943420939"
"1985-06-11","4.46969287813484"
"1985-06-12","1.53972020390488"
"1985-06-13","3.36963470957496"
"1985-06-14","3.254511869831"
"1985-06-15","3.34766651025582"
"1985-06-16","2.90567934913037"
"1985-06-17","3.94969872091756"
"1985-06-18","4.49094430682979"
"1985-06-19","2.65074629159201"
"1985-06-20","3.72500528827374"
"1985-06-21","5.32565555582831"
"1985-06-22","3.42568461358289"
"1985-06-23","6.64954081861488"
"1985-06-24","2.53739619126052"
"1985-06-25","2.78278570980221"
"1985-06-26","5.26468157923067"
"1985-06-27","2.92973831566897"
"1985-06-28","3.20796688062288"
"1985-06-29","4.33007409897718"
"1985-06-30","8.33605018529025"
"1985-07-01","8.18764293864692"
"1985-07-02","13.1956875107505"
"1985-07-03","4.75085056034518"
"1985-07-04","4.56744381720886"
"1985-07-05","5.22158603595965"
"1985-07-06","4.63573314978447"
"1985-07-07","4.25800338787434"
"1985-07-08","5.54363466031624"
"1985-07-09","4.72140742380382"
"1985-07-10","4.33109597855316"
"1985-07-11","3.07815292722735"
"1985-07-12","3.5881136552596"
"1985-07-13","3.50523296579138"
"1985-07-14","12.5706412214221"
"1985-07-15","3.44386456642316"
"1985-07-16","3.07410146057348"
"1985-07-17","2.76476367546882"
"1985-07-18","3.61120839939489"
"1985-07-19","2.77713130008091"
"1985-07-20","10.6569509857145"
"1985-07-21","3.65196248888969"
"1985-07-22","4.00114836708292"
"1985-07-23","4.29548826568571"
"1985-07-24","5.84498832029698"
"1985-07-25","8.93029476657058"
"1985-07-26","4.72386649676732"
"1985-07-27","10.1400124293901"
"1985-07-28","9.01843788510277"
"1985-07-29","7.79715876661854"
"1985-07-30","4.94466757490521"
"1985-07-31","4.15344852183288"
"1985-08-01","3.29833772817215"
"1985-08-02","3.04840248358714"
"1985-08-03","5.47399236113478"
"1985-08-04","5.17516068204657"
"1985-08-05","0.445345924594702"
"1985-08-06","0.535692532534723"
"1985-08-07","0.692959102039987"
"1985-08-08","1.42244332454679"
"1985-08-09","1.3941424602554"
"1985-08-10","1.48375986084277"
"1985-08-11","2.89945306870844"
"1985-08-12","3.71734944643912"
"1985-08-13","4.13036491808953"
"1985-08-14","5.88537511887488"
"1985-08-15","1.76810594960983"
"1985-08-16","1.20154332430848"
"1985-08-17","3.21224165143389"
"1985-08-18","3.69419570660694"
"1985-08-19","4.24773919530761"
"1985-08-20","3.42695863215954"
"1985-08-21","3.31555812828469"
"1985-08-22","2.26056980557772"
"1985-08-23","1.69520168412815"
"1985-08-24","2.21802063266952"
"1985-08-25","4.26327875295243"
"1985-08-26","1.6889240860423"
"1985-08-27","3.22876935939252"
"1985-08-28","3.0593632957636"
"1985-08-29","2.3497715687855"
"1985-08-30","2.73863200243417"
"1985-08-31","7.5015722280973"
"1985-09-01","2.6464288632075"
"1985-09-02","4.42142235510277"
"1985-09-03","2.92197483081322"
"1985-09-04","3.78492666400356"
"1985-09-05","3.43474740718866"
"1985-09-06","5.93368479803011"
"1985-09-07","4.71757210539533"
"1985-09-08","11.1940341965977"
"1985-09-09","21.7610464054785"
"1985-09-10","4.74000361471465"
"1985-09-11","5.15227540540489"
"1985-09-12","4.13372263712284"
"1985-09-13","1.47309419551453"
"1985-09-14","4.31631069265919"
"1985-09-15","4.77368848045151"
"1985-09-16","3.53756640638624"
"1985-09-17","3.92899523152933"
"1985-09-18","4.25539693120238"
"1985-09-19","6.4149558203561"
"1985-09-20","4.83853496617569"
"1985-09-21","4.51611530471158"
"1985-09-22","5.9063702197302"
"1985-09-23","7.71852177252501"
"1985-09-24","14.3830929504328"
"1985-09-25","5.11241823202604"
"1985-09-26","5.05695391062534"
"1985-09-27","5.07633750237428"
"1985-09-28","4.35656140635024"
"1985-09-29","3.48520289019589"
"1985-09-30","4.81960867132459"
"1985-10-01","19.5860517283023"
"1985-10-02","6.5538581305252"
"1985-10-03","22.1256370585718"
"1985-10-04","22.6544154113505"
"1985-10-05","6.47198359274761"
"1985-10-06","6.50350557364427"
"1985-10-07","7.57197834919025"
"1985-10-08","7.75654434951353"
"1985-10-09","6.56401618115314"
"1985-10-10","8.73564845142942"
"1985-10-11","9.22457215383455"
"1985-10-12","9.56993513705927"
"1985-10-13","9.96481131888055"
"1985-10-14","12.0919966677051"
"1985-10-15","9.60182388313921"
"1985-10-16","5.90243362141894"
"1985-10-17","1.81825347934966"
"1985-10-18","2.65979068413441"
"1985-10-19","3.90150971949359"
"1985-10-20","6.02041450826637"
"1985-10-21","9.57327123431416"
"1985-10-22","7.2873824416817"
"1985-10-23","1.36157407798679"
"1985-10-24","0.402369808583033"
"1985-10-25","1.82521199315657"
"1985-10-26","3.27466358586307"
"1985-10-27","4.72577911641175"
"1985-10-28","8.27903314844354"
"1985-10-29","11.7696749988572"
"1985-10-30","7.06895143335516"
"1985-10-31","6.2042387636193"
"1985-11-01","8.77110679015453"
"1985-11-02","8.54008642419592"
"1985-11-03","12.5761123921448"
"1985-11-04","3.15442297133532"
"1985-11-05","4.16304555780444"
"1985-11-06","1.5332448736188"
"1985-11-07","4.46287491891807"
"1985-11-08","6.21875851649743"
"1985-11-09","8.05042098456131"
"1985-11-10","16.7650005807092"
"1985-11-11","5.87448424075073"
"1985-11-12","12.7209024202256"
"1985-11-13","15.8611883993273"
"1985-11-14","8.68362342124377"
"1985-11-15","2.14465407388551"
"1985-11-16","7.43874301229204"
"1985-11-17","8.00707633103127"
"1985-11-18","8.33883691040468"
"1985-11-19","8.10914264509688"
"1985-11-20","9.78375231858456"
"1985-11-21","8.8050258128674"
"1985-11-22","10.3726943581651"
"1985-11-23","20.1369889412091"
"1985-11-24","7.64412455950981"
"1985-11-25","6.26799981212203"
"1985-11-26","4.9427462893647"
"1985-11-27","14.9452766814789"
"1985-11-28","10.7165577948351"
"1985-11-29","9.57805459633534"
"1985-11-30","20.199457176836"
"1985-12-01","11.9356097720918"
"1985-12-02","8.81159270583809"
"1985-12-03","4.30464610121983"
"1985-12-04","13.5389225431335"
"1985-12-05","12.8333800447968"
"1985-12-06","5.68368303362941"
"1985-12-07","0.448673996251899"
"1985-12-08","1.15357743539077"
"1985-12-09","0.96082421021286"
"1985-12-10","1.77361503830462"
"1985-12-11","2.70225934884249"
"1985-12-12","4.39300237021921"
"1985-12-13","3.94274629607345"
"1985-12-14","7.33251206596176"
"1985-12-15","14.2718656011474"
"1985-12-16","3.9491945727047"
"1985-12-17","3.93854938731307"
"1985-12-18","7.47547104606381"
"1985-12-19","20.4945178320914"
"1985-12-20","18.4686953887279"
"1985-12-21","10.2849678167533"
"1985-12-22","7.37358927004265"
"1985-12-23","7.0988275060406"
"1985-12-24","9.44285569768963"
"1985-12-25","20.8074732363482"
"1985-12-26","10.283046317823"
"1985-12-27","7.41187226411068"
"1985-12-28","12.1401918667219"
"1985-12-29","18.4665397586245"
"1985-12-30","28.3675744894779"
"1985-12-31","9.13650574828639"
"1986-01-01","8.10636187219001"
"1986-01-02","5.89122223028373"
"1986-01-03","11.4770960394954"
"1986-01-04","11.5783379160481"
"1986-01-05","11.9781464209288"
"1986-01-06","18.9074253685031"
"1986-01-07","27.8929538355245"
"1986-01-08","21.0864586850781"
"1986-01-09","7.40720363716026"
"1986-01-10","11.8666317927373"
"1986-01-11","21.1108910696847"
"1986-01-12","21.0449991308766"
"1986-01-13","14.2575832940799"
"1986-01-14","26.6950018581374"
"1986-01-15","5.18270148652973"
"1986-01-16","12.1633696174209"
"1986-01-17","15.5697068280472"
"1986-01-18","14.2415092600372"
"1986-01-19","15.3735689683394"
"1986-01-20","18.7625730564068"
"1986-01-21","21.0873539705813"
"1986-01-22","17.6157857494437"
"1986-01-23","21.1023891787508"
"1986-01-24","22.9023863639666"
"1986-01-25","16.8948402920843"
"1986-01-26","22.8653014831213"
"1986-01-27","18.4438632948574"
"1986-01-28","25.0875910969524"
"1986-01-29","38.6848058246431"
"1986-01-30","20.6273247772481"
"1986-01-31","21.987319694453"
"1986-02-01","29.67657607768"
"1986-02-02","22.8118907218372"
"1986-02-03","18.4099935349964"
"1986-02-04","13.6531884288375"
"1986-02-05","19.6868738364348"
"1986-02-06","12.2016781191805"
"1986-02-07","22.123783656529"
"1986-02-08","36.8364039416953"
"1986-02-09","19.3169563384283"
"1986-02-10","13.023570679999"
"1986-02-11","20.3375386200942"
"1986-02-12","16.6503382885095"
"1986-02-13","23.1173316823456"
"1986-02-14","25.7748321351551"
"1986-02-15","17.9235638663882"
"1986-02-16","31.5401264372326"
"1986-02-17","16.5761512450842"
"1986-02-18","21.8516346572281"
"1986-02-19","16.7207242957441"
"1986-02-20","13.3040817372211"
"1986-02-21","16.0649510296908"
"1986-02-22","19.4610382963569"
"1986-02-23","18.384582284209"
"1986-02-24","20.7793981502582"
"1986-02-25","29.5839046626896"
"1986-02-26","35.1123248756706"
"1986-02-27","30.5529807697643"
"1986-02-28","37.5171022126169"
"1986-03-01","13.7351371116968"
"1986-03-02","18.1624831368913"
"1986-03-03","21.5976047185592"
"1986-03-04","43.7409871088994"
"1986-03-05","26.3179740988331"
"1986-03-06","33.8287705095299"
"1986-03-07","62.6720822321904"
"1986-03-08","12.5507877316826"
"1986-03-09","8.58516645637942"
"1986-03-10","11.6063079338569"
"1986-03-11","15.5333402311647"
"1986-03-12","17.6226952168849"
"1986-03-13","21.7886827724837"
"1986-03-14","30.3844251137275"
"1986-03-15","16.0939740515375"
"1986-03-16","21.2723688026527"
"1986-03-17","22.1422527940758"
"1986-03-18","27.2318004178794"
"1986-03-19","18.7523668173588"
"1986-03-20","56.1518048703412"
"1986-03-21","18.0191144447822"
"1986-03-22","20.8842873759084"
"1986-03-23","27.0674700055804"
"1986-03-24","13.7229754026834"
"1986-03-25","18.7121585994572"
"1986-03-26","21.4705532536362"
"1986-03-27","16.3553084542741"
"1986-03-28","24.6561858437278"
"1986-03-29","28.0141722691524"
"1986-03-30","19.8080865521452"
"1986-03-31","16.4005231527023"
"1986-04-01","16.8423597244989"
"1986-04-02","29.2934295274479"
"1986-04-03","26.441873765095"
"1986-04-04","29.5254675134436"
"1986-04-05","17.4391315468462"
"1986-04-06","10.9381132063928"
"1986-04-07","8.39428572427659"
"1986-04-08","10.4010142784614"
"1986-04-09","11.0065241850816"
"1986-04-10","25.9906302613097"
"1986-04-11","14.9630834942772"
"1986-04-12","8.69723119777002"
"1986-04-13","12.5194011539608"
"1986-04-14","22.5387563994437"
"1986-04-15","18.27947367631"
"1986-04-16","1.23475835501374"
"1986-04-17","0.955628719487231"
"1986-04-18","2.85800508387161"
"1986-04-19","3.89508603764819"
"1986-04-20","4.55461909244587"
"1986-04-21","3.32668586752631"
"1986-04-22","9.09820550551146"
"1986-04-23","10.5187059068061"
"1986-04-24","9.78282467679028"
"1986-04-25","10.7930835934428"
"1986-04-26","5.30807608366013"
"1986-04-27","6.80574206665997"
"1986-04-28","6.10607292848232"
"1986-04-29","8.33556705635863"
"1986-04-30","6.01092735255435"
"1986-05-01","5.26624891432849"
"1986-05-02","5.74469790675423"
"1986-05-03","7.77850413632083"
"1986-05-04","6.34121976115487"
"1986-05-05","4.28113603282284"
"1986-05-06","0.625441180614682"
"1986-05-07","0.596982511091026"
"1986-05-08","0.652165467733945"
"1986-05-09","1.08881310597707"
"1986-05-10","2.58220030225459"
"1986-05-11","3.42304300229787"
"1986-05-12","3.56822419192368"
"1986-05-13","4.5573319743722"
"1986-05-14","2.67935831993173"
"1986-05-15","2.00817752077982"
"1986-05-16","2.56379914677246"
"1986-05-17","3.90992086751637"
"1986-05-18","3.28496915398738"
"1986-05-19","2.56140469014645"
"1986-05-20","2.97909302551509"
"1986-05-21","2.09552047688724"
"1986-05-22","3.67624858576498"
"1986-05-23","1.17792778949201"
"1986-05-24","0.70843101018693"
"1986-05-25","1.49590326942407"
"1986-05-26","2.28698569716829"
"1986-05-27","2.77720076955242"
"1986-05-28","2.42737738072098"
"1986-05-29","2.73448439955195"
"1986-05-30","2.20242336779446"
"1986-05-31","1.99870870420427"
"1986-06-01","2.34929759884293"
"1986-06-02","2.91364543030272"
"1986-06-03","3.51340143376099"
"1986-06-04","1.93580452859144"
"1986-06-05","1.10181073154206"
"1986-06-06","2.9209474763829"
"1986-06-07","4.93056220925732"
"1986-06-08","4.24554060238264"
"1986-06-09","2.56225224052157"
"1986-06-10","2.25500434172618"
"1986-06-11","1.75128361195713"
"1986-06-12","2.20396664261302"
"1986-06-13","3.51148615513013"
"1986-06-14","3.12406672466369"
"1986-06-15","3.38945090435284"
"1986-06-16","3.31395184580898"
"1986-06-17","3.98218553406852"
"1986-06-18","1.89105823816675"
"1986-06-19","3.71685810290374"
"1986-06-20","3.3939695058963"
"1986-06-21","2.69615546010789"
"1986-06-22","3.6829820672671"
"1986-06-23","2.51451077012273"
"1986-06-24","2.39284610490262"
"1986-06-25","3.90232999139018"
"1986-06-26","2.70083934687949"
"1986-06-27","1.31739621412702"
"1986-06-28","1.69787732321463"
"1986-06-29","2.89226819555481"
"1986-06-30","2.77864625211402"
"1986-07-01","1.58799976497502"
"1986-07-02","0.110470030827698"
"1986-07-03","0.826462489121404"
"1986-07-04","0.448706638648525"
"1986-07-05","0.891668468697634"
"1986-07-06","0.834035883621349"
"1986-07-07","0.855544830813552"
"1986-07-08","0.773894331381693"
"1986-07-09","2.29758053514865"
"1986-07-10","1.89960326376931"
"1986-07-11","1.93940174424803"
"1986-07-12","2.13723914551012"
"1986-07-13","2.96454707420234"
"1986-07-14","2.75704476430819"
"1986-07-15","1.97949929180599"
"1986-07-16","1.07162380392675"
"1986-07-17","0.857082004219423"
"1986-07-18","1.77120195529162"
"1986-07-19","1.77547418219703"
"1986-07-20","1.30329092188831"
"1986-07-21","1.44651671560296"
"1986-07-22","2.01926996697595"
"1986-07-23","0.292069302718619"
"1986-07-24","0.71544388536509"
"1986-07-25","1.05951148594097"
"1986-07-26","0.719737885382784"
"1986-07-27","0.895504658162852"
"1986-07-28","1.56347415341443"
"1986-07-29","1.88638370248662"
"1986-07-30","2.634334053054"
"1986-07-31","1.19042393578079"
"1986-08-01","2.94240350898726"
"1986-08-02","4.29840736265306"
"1986-08-03","1.77400585067221"
"1986-08-04","2.94682002996469"
"1986-08-05","3.07103947901623"
"1986-08-06","3.34664485774515"
"1986-08-07","3.67340327444531"
"1986-08-08","2.66994902530274"
"1986-08-09","4.43309960427222"
"1986-08-10","3.35822372467487"
"1986-08-11","1.44096838847383"
"1986-08-12","2.09408279027774"
"1986-08-13","2.59939095261809"
"1986-08-14","2.80652285035038"
"1986-08-15","0.316861678092253"
"1986-08-16","1.11939443299523"
"1986-08-17","1.62044272233139"
"1986-08-18","1.59949316877823"
"1986-08-19","2.80129950567757"
"1986-08-20","2.00506255688605"
"1986-08-21","1.86880432707923"
"1986-08-22","8.04441810686351"
"1986-08-23","1.74097476015875"
"1986-08-24","0.802247763970198"
"1986-08-25","2.00975856791327"
"1986-08-26","2.30265585168616"
"1986-08-27","1.04913016508668"
"1986-08-28","8.03709835613961"
"1986-08-29","3.67807460863353"
"1986-08-30","2.97665707102586"
"1986-08-31","3.15872742422731"
"1986-09-01","2.02942555342918"
"1986-09-02","3.17150746279465"
"1986-09-03","1.86092554000549"
"1986-09-04","10.0993892258896"
"1986-09-05","6.30120214858612"
"1986-09-06","4.09769134397631"
"1986-09-07","2.55862919179908"
"1986-09-08","2.8647141232119"
"1986-09-09","2.30626422270036"
"1986-09-10","5.0598312218984"
"1986-09-11","2.64823550450337"
"1986-09-12","1.40381327929435"
"1986-09-13","0.364636634077345"
"1986-09-14","1.06339525873269"
"1986-09-15","2.37734358444874"
"1986-09-16","1.17771783303389"
"1986-09-17","0.226462018405978"
"1986-09-18","0.650562970895014"
"1986-09-19","1.29504528777166"
"1986-09-20","1.77671644220621"
"1986-09-21","2.42554423638753"
"1986-09-22","1.92639186062338"
"1986-09-23","2.31198592722674"
"1986-09-24","10.5885628250254"
"1986-09-25","4.19293933100515"
"1986-09-26","3.40987430790286"
"1986-09-27","4.01270644231276"
"1986-09-28","5.99690113335977"
"1986-09-29","3.91939907620996"
"1986-09-30","3.27663136044622"
"1986-10-01","3.97292751976938"
"1986-10-02","2.3025796775952"
"1986-10-03","2.72065422467855"
"1986-10-04","3.46028453085846"
"1986-10-05","4.09331407794705"
"1986-10-06","0.803848019829302"
"1986-10-07","2.63339579621435"
"1986-10-08","2.44870785897944"
"1986-10-09","3.13711386299753"
"1986-10-10","3.06349070273437"
"1986-10-11","4.06280316057659"
"1986-10-12","3.63409179371673"
"1986-10-13","9.05158467313428"
"1986-10-14","3.85948810123262"
"1986-10-15","3.59177595015728"
"1986-10-16","2.63347259796027"
"1986-10-17","11.6305963136417"
"1986-10-18","2.51185813275251"
"1986-10-19","0.63896125864673"
"1986-10-20","1.52420667162189"
"1986-10-21","6.80886875705802"
"1986-10-22","1.10603864921571"
"1986-10-23","1.01709134151022"
"1986-10-24","1.30506748261003"
"1986-10-25","1.44926429452834"
"1986-10-26","1.64614438720338"
"1986-10-27","1.88523702716931"
"1986-10-28","3.05876866331348"
"1986-10-29","3.84660122972546"
"1986-10-30","5.37781280098539"
"1986-10-31","9.27237322526577"
"1986-11-01","6.58621050423874"
"1986-11-02","4.53732328033034"
"1986-11-03","7.64022953066475"
"1986-11-04","19.2530615174925"
"1986-11-05","18.8595227947483"
"1986-11-06","7.88450165331622"
"1986-11-07","7.68293443180266"
"1986-11-08","4.06871681089525"
"1986-11-09","5.29496386040857"
"1986-11-10","8.65924698759467"
"1986-11-11","4.14427709373045"
"1986-11-12","7.61353175877493"
"1986-11-13","7.93542367555362"
"1986-11-14","12.0266575833936"
"1986-11-15","8.33676744023443"
"1986-11-16","4.51688951744146"
"1986-11-17","8.79602583146199"
"1986-11-18","5.23462760603273"
"1986-11-19","5.8232833802442"
"1986-11-20","10.0116171279511"
"1986-11-21","9.99477305556789"
"1986-11-22","23.0379327262119"
"1986-11-23","7.85527011326381"
"1986-11-24","17.2541178624867"
"1986-11-25","18.929250518997"
"1986-11-26","11.7175951065955"
"1986-11-27","10.6692137635631"
"1986-11-28","10.0028405106945"
"1986-11-29","14.5267822071587"
"1986-11-30","20.4495360717113"
"1986-12-01","16.874778392511"
"1986-12-02","15.307583693302"
"1986-12-03","10.2819593644245"
"1986-12-04","11.5378584779186"
"1986-12-05","13.0488740499918"
"1986-12-06","11.4789265316802"
"1986-12-07","0.546338029399321"
"1986-12-08","1.63141621965351"
"1986-12-09","2.49889689142054"
"1986-12-10","6.76994406867337"
"1986-12-11","4.83665545291199"
"1986-12-12","4.59748959283292"
"1986-12-13","4.20660686234891"
"1986-12-14","8.935731642174"
"1986-12-15","8.99975682853104"
"1986-12-16","1.96143507351091"
"1986-12-17","0.936656256516775"
"1986-12-18","3.19879919935615"
"1986-12-19","5.76499495413396"
"1986-12-20","6.27945699010577"
"1986-12-21","5.95936840746826"
"1986-12-22","9.14365369004089"
"1986-12-23","7.27142017847532"
"1986-12-24","12.8772036709311"
"1986-12-25","14.806456037414"
"1986-12-26","6.80002619332565"
"1986-12-27","9.18458833426108"
"1986-12-28","12.5247235256872"
"1986-12-29","22.6763290801606"
"1986-12-30","30.1310491685743"
"1986-12-31","14.3853890183684"
"1987-01-01","16.766171981762"
"1987-01-02","17.7018467750384"
"1987-01-03","0.88165485497677"
"1987-01-04","0.233306044857804"
"1987-01-05","0.833903594611785"
"1987-01-06","4.43515679098311"
"1987-01-07","14.9870875635188"
"1987-01-08","9.03070433212049"
"1987-01-09","9.98906650790921"
"1987-01-10","12.3813369057395"
"1987-01-11","16.7359573933985"
"1987-01-12","10.1299846347792"
"1987-01-13","10.9005649874221"
"1987-01-14","10.860726810637"
"1987-01-15","14.5583267438979"
"1987-01-16","41.0373872203744"
"1987-01-17","12.9689560163589"
"1987-01-18","21.2899915315372"
"1987-01-19","11.2268969486286"
"1987-01-20","12.8933081957169"
"1987-01-21","14.6425692343609"
"1987-01-22","14.2944379038625"
"1987-01-23","14.9538087535214"
"1987-01-24","26.9023279132265"
"1987-01-25","7.4498937243507"
"1987-01-26","20.4310810328562"
"1987-01-27","16.9537854793268"
"1987-01-28","12.0565152704974"
"1987-01-29","17.7663574920588"
"1987-01-30","19.6786063842443"
"1987-01-31","39.523314959043"
"1987-02-01","27.4931265017687"
"1987-02-02","80.225982732071"
"1987-02-03","19.6394303309453"
"1987-02-04","13.7180200861646"
"1987-02-05","23.7436636020611"
"1987-02-06","22.403029697798"
"1987-02-07","40.6450658856016"
"1987-02-08","15.3179708951479"
"1987-02-09","26.3032611252426"
"1987-02-10","24.6037510215462"
"1987-02-11","14.7410641624814"
"1987-02-12","12.6984750533001"
"1987-02-13","26.1521560371696"
"1987-02-14","39.3084363813524"
"1987-02-15","16.1430177399606"
"1987-02-16","30.7866233313755"
"1987-02-17","27.7707369585574"
"1987-02-18","25.6899578457787"
"1987-02-19","30.7559099734088"
"1987-02-20","3.56209690365698"
"1987-02-21","2.61907924872972"
"1987-02-22","5.80247449616849"
"1987-02-23","7.19968715993873"
"1987-02-24","15.3949861836124"
"1987-02-25","11.165094542813"
"1987-02-26","16.9229698098583"
"1987-02-27","29.3075028208943"
"1987-02-28","1.04203009205463"
"1987-03-01","4.44568685664759"
"1987-03-02","10.4511420737097"
"1987-03-03","9.95054918863041"
"1987-03-04","9.78397478066482"
"1987-03-05","12.2393563278826"
"1987-03-06","24.7198137473234"
"1987-03-07","11.8840836363953"
"1987-03-08","14.2780811507981"
"1987-03-09","7.51628825261995"
"1987-03-10","10.1317383520531"
"1987-03-11","14.8748525314001"
"1987-03-12","11.6535079468896"
"1987-03-13","9.01892214316826"
"1987-03-14","8.84587932974745"
"1987-03-15","14.1015164222552"
"1987-03-16","20.1253544861104"
"1987-03-17","23.0362728168438"
"1987-03-18","23.9225366848372"
"1987-03-19","11.5293673106602"
"1987-03-20","11.8183859333848"
"1987-03-21","7.13512130939599"
"1987-03-22","6.64389250804852"
"1987-03-23","7.79067655043168"
"1987-03-24","14.5503939219884"
"1987-03-25","19.4051806297137"
"1987-03-26","25.2852053497777"
"1987-03-27","28.9792144990071"
"1987-03-28","9.34369761706431"
"1987-03-29","12.1414968613938"
"1987-03-30","6.89887987767463"
"1987-03-31","3.95746108050986"
"1987-04-01","6.83183862275375"
"1987-04-02","10.3868177793759"
"1987-04-03","14.9113093206893"
"1987-04-04","19.034350721351"
"1987-04-05","27.7194271583062"
"1987-04-06","25.2733155494128"
"1987-04-07","16.930174328032"
"1987-04-08","7.7952410885782"
"1987-04-09","8.6214235582393"
"1987-04-10","20.9345108998286"
"1987-04-11","24.6878377864887"
"1987-04-12","32.8443762585198"
"1987-04-13","4.61970476464276"
"1987-04-14","8.46374863050717"
"1987-04-15","8.21590768207203"
"1987-04-16","12.1826515424819"
"1987-04-17","9.5408762440537"
"1987-04-18","10.9305449729358"
"1987-04-19","14.946423265325"
"1987-04-20","11.6594472261734"
"1987-04-21","7.70799210680512"
"1987-04-22","8.88841335391585"
"1987-04-23","10.1373414250163"
"1987-04-24","11.2883049853436"
"1987-04-25","12.4655192610505"
"1987-04-26","19.5503688539777"
"1987-04-27","20.4333099183582"
"1987-04-28","1.26049891978631"
"1987-04-29","2.20438354407554"
"1987-04-30","4.49371362919415"
"1987-05-01","5.00593955176217"
"1987-05-02","1.75483163197835"
"1987-05-03","1.38265170756873"
"1987-05-04","3.10084576111335"
"1987-05-05","2.12001596823399"
"1987-05-06","4.47440346649715"
"1987-05-07","5.80425789913574"
"1987-05-08","6.68921899692321"
"1987-05-09","6.72620443864302"
"1987-05-10","6.60488264282028"
"1987-05-11","7.54143155808057"
"1987-05-12","3.24166112905973"
"1987-05-13","0.252219778296106"
"1987-05-14","1.23893514043325"
"1987-05-15","0.825176490752986"
"1987-05-16","0.794524254994991"
"1987-05-17","2.42514612806308"
"1987-05-18","3.19372904971564"
"1987-05-19","1.62559899507147"
"1987-05-20","1.87082728188791"
"1987-05-21","2.18134669875686"
"1987-05-22","5.72483186391525"
"1987-05-23","3.67636843754616"
"1987-05-24","7.47801591462387"
"1987-05-25","1.87011182856508"
"1987-05-26","1.35551614182078"
"1987-05-27","1.87900310519325"
"1987-05-28","2.01379550799921"
"1987-05-29","2.77723523193882"
"1987-05-30","3.79599330422682"
"1987-05-31","1.77333285765988"
"1987-06-01","1.72132660338889"
"1987-06-02","2.37947588410728"
"1987-06-03","2.62912785078024"
"1987-06-04","2.12755903317815"
"1987-06-05","2.6262083386446"
"1987-06-06","3.86874849610514"
"1987-06-07","2.64799697368176"
"1987-06-08","4.30127016445259"
"1987-06-09","2.71264830915443"
"1987-06-10","4.29148857521288"
"1987-06-11","3.93917742100629"
"1987-06-12","2.46485077547821"
"1987-06-13","3.49900918424904"
"1987-06-14","2.68230058465685"
"1987-06-15","1.91806967666139"
"1987-06-16","2.66011930827971"
"1987-06-17","2.75984117995093"
"1987-06-18","2.76261577616522"
"1987-06-19","1.04998653082104"
"1987-06-20","0.421247204435078"
"1987-06-21","1.54727490317254"
"1987-06-22","0.269248597839952"
"1987-06-23","0.70712025534539"
"1987-06-24","0.60717259205523"
"1987-06-25","0.553358425986973"
"1987-06-26","1.20129251480103"
"1987-06-27","2.45273319776956"
"1987-06-28","1.76052202471407"
"1987-06-29","1.16407788302991"
"1987-06-30","1.56574793166412"
"1987-07-01","1.57904961976138"
"1987-07-02","1.35513704615238"
"1987-07-03","1.17277004205303"
"1987-07-04","2.21082050253302"
"1987-07-05","1.37591182166364"
"1987-07-06","1.54692790518591"
"1987-07-07","1.72484117643142"
"1987-07-08","2.33518858724858"
"1987-07-09","3.95938280444125"
"1987-07-10","4.62814541296525"
"1987-07-11","2.80016944625161"
"1987-07-12","2.33503000896214"
"1987-07-13","4.54690562595021"
"1987-07-14","3.0400730701752"
"1987-07-15","1.11782768994441"
"1987-07-16","0.663099144476575"
"1987-07-17","0.715924700617274"
"1987-07-18","1.03188396512946"
"1987-07-19","0.998830392650325"
"1987-07-20","1.41509147001293"
"1987-07-21","2.21076517432799"
"1987-07-22","1.7684873987586"
"1987-07-23","1.92366023471345"
"1987-07-24","1.73173184312267"
"1987-07-25","3.43435248203608"
"1987-07-26","2.81340277556217"
"1987-07-27","1.58663245222785"
"1987-07-28","2.15817590090103"
"1987-07-29","3.95478965451707"
"1987-07-30","3.4381712427387"
"1987-07-31","1.00878083873621"
"1987-08-01","2.50138068508792"
"1987-08-02","1.11983955964382"
"1987-08-03","1.80513331797216"
"1987-08-04","1.95088520736405"
"1987-08-05","2.49791823979064"
"1987-08-06","1.8061395415238"
"1987-08-07","1.61855727008411"
"1987-08-08","2.51829462262975"
"1987-08-09","4.24677219586971"
"1987-08-10","3.04662773103425"
"1987-08-11","3.23431440400871"
"1987-08-12","2.57069385154939"
"1987-08-13","0.932199402934029"
"1987-08-14","1.68404508178884"
"1987-08-15","1.75917242847996"
"1987-08-16","2.52787127690914"
"1987-08-17","2.14112797650424"
"1987-08-18","2.97327518205106"
"1987-08-19","3.21906281910933"
"1987-08-20","2.57680181404213"
"1987-08-21","4.37399464768249"
"1987-08-22","13.4842341101015"
"1987-08-23","1.49366787521096"
"1987-08-24","1.39444788971118"
"1987-08-25","1.98640161797856"
"1987-08-26","3.59908251019267"
"1987-08-27","1.76776130942555"
"1987-08-28","4.44313222144073"
"1987-08-29","3.24747560395823"
"1987-08-30","3.37341171116024"
"1987-08-31","4.31269125762956"
"1987-09-01","3.01005499251993"
"1987-09-02","4.02814250642603"
"1987-09-03","5.07650463405626"
"1987-09-04","2.40995929664348"
"1987-09-05","1.78952479517305"
"1987-09-06","2.84377924317405"
"1987-09-07","4.2365222911298"
"1987-09-08","3.05593618544149"
"1987-09-09","12.7520508167548"
"1987-09-10","4.46507871305788"
"1987-09-11","4.1708140956375"
"1987-09-12","5.47775219529222"
"1987-09-13","3.70995772555793"
"1987-09-14","3.18480406075845"
"1987-09-15","2.49631379460876"
"1987-09-16","3.49795354083503"
"1987-09-17","2.74704737116248"
"1987-09-18","19.0282604704688"
"1987-09-19","9.79545528754528"
"1987-09-20","4.99605226413512"
"1987-09-21","4.5840595062677"
"1987-09-22","6.06039375969858"
"1987-09-23","6.85423530954303"
"1987-09-24","20.7512452179219"
"1987-09-25","9.27384928397802"
"1987-09-26","25.0216662914722"
"1987-09-27","28.2091241894346"
"1987-09-28","9.99730367165107"
"1987-09-29","1.8389633045052"
"1987-09-30","4.05108586353657"
"1987-10-01","3.04274661484219"
"1987-10-02","6.08709015887537"
"1987-10-03","10.0834312975665"
"1987-10-04","7.9995024193933"
"1987-10-05","1.82763908048729"
"1987-10-06","7.1773576277159"
"1987-10-07","5.3012441654742"
"1987-10-08","5.18954456884624"
"1987-10-09","5.19690701455781"
"1987-10-10","7.3466664341105"
"1987-10-11","5.22997895773355"
"1987-10-12","5.80672476714824"
"1987-10-13","5.74011733108785"
"1987-10-14","17.3112021070538"
"1987-10-15","8.55018569999959"
"1987-10-16","1.25370652038298"
"1987-10-17","2.57017698338925"
"1987-10-18","1.42722433818367"
"1987-10-19","1.42575406413767"
"1987-10-20","3.41550809261087"
"1987-10-21","4.48964867111924"
"1987-10-22","4.33666044654268"
"1987-10-23","3.49670315846736"
"1987-10-24","5.59485808440617"
"1987-10-25","6.0101124424955"
"1987-10-26","7.02971333549136"
"1987-10-27","10.1307934971599"
"1987-10-28","5.33795861506359"
"1987-10-29","7.84030209268842"
"1987-10-30","9.5955727213905"
"1987-10-31","18.6218646078399"
"1987-11-01","27.5573819106791"
"1987-11-02","76.268104933041"
"1987-11-03","10.9652859617621"
"1987-11-04","10.3387423469907"
"1987-11-05","5.46714115710486"
"1987-11-06","8.61706783554771"
"1987-11-07","11.8277512504941"
"1987-11-08","12.8060887819761"
"1987-11-09","12.4224804841079"
"1987-11-10","7.73282435033228"
"1987-11-11","12.444300944671"
"1987-11-12","10.7417436791705"
"1987-11-13","10.5626258416609"
"1987-11-14","13.9283918777069"
"1987-11-15","19.9956843842676"
"1987-11-16","34.1397560086601"
"1987-11-17","20.4285713914153"
"1987-11-18","19.70351758767"
"1987-11-19","15.7189436990977"
"1987-11-20","11.5835561659429"
"1987-11-21","18.6299998048064"
"1987-11-22","14.3903615959795"
"1987-11-23","30.2319879985991"
"1987-11-24","17.5001239590831"
"1987-11-25","6.47531236095346"
"1987-11-26","7.19232333506341"
"1987-11-27","9.73247699046032"
"1987-11-28","15.4597632461812"
"1987-11-29","32.5096035664216"
"1987-11-30","19.1002485803711"
"1987-12-01","0.579200550204232"
"1987-12-02","0.719715431042306"
"1987-12-03","1.59725197814244"
"1987-12-04","2.39908708573936"
"1987-12-05","3.44351500324357"
"1987-12-06","5.15387771449564"
"1987-12-07","5.03950695403211"
"1987-12-08","5.12754490313592"
"1987-12-09","3.1610190323937"
"1987-12-10","14.6006950877962"
"1987-12-11","9.37484196254185"
"1987-12-12","15.7742802714889"
"1987-12-13","17.7945708795027"
"1987-12-14","21.4729559266722"
"1987-12-15","26.8341825452202"
"1987-12-16","17.8167474218261"
"1987-12-17","16.4678515170044"
"1987-12-18","11.3294378183621"
"1987-12-19","22.8108409947647"
"1987-12-20","18.6512037995574"
"1987-12-21","19.3189233061555"
"1987-12-22","21.5155768249974"
"1987-12-23","37.1823742523854"
"1987-12-24","19.6465005730138"
"1987-12-25","11.8776085015499"
"1987-12-26","17.9023073163383"
"1987-12-27","17.6406957535517"
"1987-12-28","10.3138480310316"
"1987-12-29","20.5871743371476"
"1987-12-30","14.6355611049768"
"1987-12-31","30.4648798244856"
"1988-01-01","0.921526369400871"
"1988-01-02","3.78196621431417"
"1988-01-03","8.187102810645"
"1988-01-04","10.4878553616536"
"1988-01-05","16.7585975102016"
"1988-01-06","23.664449113788"
"1988-01-07","39.7882560218051"
"1988-01-08","32.9271523859594"
"1988-01-09","46.7296355854381"
"1988-01-10","19.5738481959223"
"1988-01-11","33.996237370875"
"1988-01-12","26.516663402706"
"1988-01-13","16.2255101885114"
"1988-01-14","22.6480276099531"
"1988-01-15","29.787156988532"
"1988-01-16","21.8086416112396"
"1988-01-17","18.1655471355884"
"1988-01-18","20.620182714421"
"1988-01-19","17.9766241709391"
"1988-01-20","38.0395183893509"
"1988-01-21","17.6313219111719"
"1988-01-22","20.2326933542887"
"1988-01-23","5.3380023473269"
"1988-01-24","7.83305428812514"
"1988-01-25","11.5193826295597"
"1988-01-26","16.0720582400566"
"1988-01-27","27.4245786955862"
"1988-01-28","40.4498978486825"
"1988-01-29","50.1507549533596"
"1988-01-30","32.6508925962242"
"1988-01-31","28.032324130401"
"1988-02-01","19.4380424714192"
"1988-02-02","30.8072087011296"
"1988-02-03","20.8312307663294"
"1988-02-04","23.975631218452"
"1988-02-05","55.2064075387402"
"1988-02-06","3.54130915697519"
"1988-02-07","7.79100891109153"
"1988-02-08","10.4793110461462"
"1988-02-09","19.0247367718519"
"1988-02-10","25.6298833409429"
"1988-02-11","37.8704440376975"
"1988-02-12","19.7711837900665"
"1988-02-13","25.6591847242215"
"1988-02-14","26.1978443154009"
"1988-02-15","25.2317460336726"
"1988-02-16","29.9404978979202"
"1988-02-17","27.9561732155936"
"1988-02-18","29.2454842612857"
"1988-02-19","18.354926988676"
"1988-02-20","14.3440302956156"
"1988-02-21","16.3293892336098"
"1988-02-22","15.7368649899702"
"1988-02-23","21.414070913802"
"1988-02-24","33.2037584213983"
"1988-02-25","33.5884920508315"
"1988-02-26","45.8631521447912"
"1988-02-27","31.5219832746497"
"1988-02-28","21.1397138364387"
"1988-02-29","20.9075398878618"
"1988-03-01","18.2346127415116"
"1988-03-02","51.7635583918848"
"1988-03-03","24.2130315334766"
"1988-03-04","24.6933440418987"
"1988-03-05","19.9074935582809"
"1988-03-06","20.7048111622468"
"1988-03-07","15.5123900252503"
"1988-03-08","22.6524737221854"
"1988-03-09","27.6103882727685"
"1988-03-10","17.0766350882394"
"1988-03-11","12.4741496193461"
"1988-03-12","12.3852156622585"
"1988-03-13","9.76328967866444"
"1988-03-14","18.4524811831388"
"1988-03-15","16.076003541162"
"1988-03-16","14.9553049756335"
"1988-03-17","18.0401365849879"
"1988-03-18","21.0580283119565"
"1988-03-19","25.1868664547478"
"1988-03-20","25.927748502591"
"1988-03-21","33.5795721987109"
"1988-03-22","29.467887671995"
"1988-03-23","20.307469780827"
"1988-03-24","30.4299981170919"
"1988-03-25","22.3344577194808"
"1988-03-26","17.4217049652364"
"1988-03-27","28.2124176768513"
"1988-03-28","21.6968551074272"
"1988-03-29","22.3679198805904"
"1988-03-30","3.10568620038755"
"1988-03-31","0.805770045364058"
"1988-04-01","4.73928612238401"
"1988-04-02","7.40479724128525"
"1988-04-03","8.80455752678248"
"1988-04-04","7.51595820286573"
"1988-04-05","11.2360363625861"
"1988-04-06","11.6448882792419"
"1988-04-07","7.48724867667987"
"1988-04-08","12.4593145279657"
"1988-04-09","17.6873917228732"
"1988-04-10","13.4140930031285"
"1988-04-11","12.243759330733"
"1988-04-12","10.6057710317306"
"1988-04-13","11.8305974894272"
"1988-04-14","7.13330856030121"
"1988-04-15","10.233175870144"
"1988-04-16","11.8556664309976"
"1988-04-17","10.5532353161733"
"1988-04-18","6.58235001047968"
"1988-04-19","12.8755193871337"
"1988-04-20","16.0952319562177"
"1988-04-21","8.55891013042235"
"1988-04-22","14.4483713546357"
"1988-04-23","11.231870317872"
"1988-04-24","6.16752026813887"
"1988-04-25","18.250337833966"
"1988-04-26","3.45917927341544"
"1988-04-27","11.3470825509075"
"1988-04-28","11.0802509433779"
"1988-04-29","11.9336480186099"
"1988-04-30","10.2175866742155"
"1988-05-01","10.2634273050151"
"1988-05-02","7.85808649104395"
"1988-05-03","8.83311812082926"
"1988-05-04","6.05733259312518"
"1988-05-05","0.338440321708396"
"1988-05-06","0.871668327035326"
"1988-05-07","1.05665290175062"
"1988-05-08","1.10283794876559"
"1988-05-09","1.70142855259763"
"1988-05-10","3.50859806573752"
"1988-05-11","2.71762883637375"
"1988-05-12","3.19064401702963"
"1988-05-13","5.38029075133336"
"1988-05-14","5.14395388431879"
"1988-05-15","1.88666927169412"
"1988-05-16","0.304540134031019"
"1988-05-17","0.637766508183954"
"1988-05-18","1.71320932626208"
"1988-05-19","1.41696069525047"
"1988-05-20","0.994672801426221"
"1988-05-21","1.38695356443331"
"1988-05-22","1.60655294403885"
"1988-05-23","0.626575064551069"
"1988-05-24","1.57740900278478"
"1988-05-25","1.53972907628848"
"1988-05-26","1.74619839324322"
"1988-05-27","2.68959579503897"
"1988-05-28","2.61211932724688"
"1988-05-29","2.79766518496848"
"1988-05-30","2.42982442012597"
"1988-05-31","1.56515609211736"
"1988-06-01","4.90331856719343"
"1988-06-02","3.9935672376063"
"1988-06-03","5.04880625912637"
"1988-06-04","2.75243942639528"
"1988-06-05","2.30550870867003"
"1988-06-06","0.425701891414789"
"1988-06-07","0.385079290217909"
"1988-06-08","0.798185179372887"
"1988-06-09","0.79013056827314"
"1988-06-10","2.33358886760551"
"1988-06-11","1.6230170330702"
"1988-06-12","0.944917086140934"
"1988-06-13","1.53920276946836"
"1988-06-14","0.363566865894573"
"1988-06-15","1.79866483778536"
"1988-06-16","1.49961449586468"
"1988-06-17","1.53608663722034"
"1988-06-18","1.61186258488403"
"1988-06-19","0.931441574966237"
"1988-06-20","1.60663709096062"
"1988-06-21","0.995277211457104"
"1988-06-22","1.1777455814473"
"1988-06-23","0.96060322450869"
"1988-06-24","1.15585350087195"
"1988-06-25","0.966669715070105"
"1988-06-26","1.39966917734642"
"1988-06-27","4.28750770251988"
"1988-06-28","2.96024206525836"
"1988-06-29","1.8026424981815"
"1988-06-30","1.63951460391412"
"1988-07-01","1.28823952421998"
"1988-07-02","1.99846517239814"
"1988-07-03","2.28566812669044"
"1988-07-04","2.59692245696014"
"1988-07-05","1.85668655288168"
"1988-07-06","1.50300942290397"
"1988-07-07","0.886143267154694"
"1988-07-08","2.21022021770477"
"1988-07-09","1.40994106884643"
"1988-07-10","1.47454000783689"
"1988-07-11","0.996391078352412"
"1988-07-12","1.53879063934475"
"1988-07-13","1.42630542537351"
"1988-07-14","3.24258692440016"
"1988-07-15","1.56988559037576"
"1988-07-16","1.90763008194568"
"1988-07-17","0.762191981464237"
"1988-07-18","1.04086158660067"
"1988-07-19","1.9563528131613"
"1988-07-20","1.6342150442528"
"1988-07-21","0.960258354307898"
"1988-07-22","0.775131527737622"
"1988-07-23","1.38709683132507"
"1988-07-24","2.7365843466608"
"1988-07-25","1.96509679416557"
"1988-07-26","2.75490796720827"
"1988-07-27","1.50747654377382"
"1988-07-28","1.60756505013028"
"1988-07-29","1.7872227352935"
"1988-07-30","2.37668894534503"
"1988-07-31","2.20938530732027"
"1988-08-01","1.70843434385407"
"1988-08-02","2.3897804906874"
"1988-08-03","3.6288885285844"
"1988-08-04","2.64317271771369"
"1988-08-05","3.5857043756551"
"1988-08-06","2.68203452216598"
"1988-08-07","4.89848378855429"
"1988-08-08","2.87945178602681"
"1988-08-09","2.27359518137845"
"1988-08-10","1.99423437613945"
"1988-08-11","2.27479011697687"
"1988-08-12","3.09905033710199"
"1988-08-13","5.0394049382313"
"1988-08-14","3.37200385461122"
"1988-08-15","4.69784105598152"
"1988-08-16","2.00238170078048"
"1988-08-17","2.73928099728766"
"1988-08-18","2.07704732944439"
"1988-08-19","2.25214822506492"
"1988-08-20","2.60481846680889"
"1988-08-21","2.68090376283699"
"1988-08-22","0.92859306109029"
"1988-08-23","2.72437586967563"
"1988-08-24","2.07811517697392"
"1988-08-25","3.57853873699774"
"1988-08-26","5.83608065693925"
"1988-08-27","2.66986366809705"
"1988-08-28","2.91399866806996"
"1988-08-29","2.44604284396935"
"1988-08-30","4.4474713931352"
"1988-08-31","6.94074587182049"
"1988-09-01","6.05863988141477"
"1988-09-02","0.0841034810941715"
"1988-09-03","0.244032387512845"
"1988-09-04","0.390505292263382"
"1988-09-05","0.732173405297391"
"1988-09-06","2.87558868333891"
"1988-09-07","1.46605816522202"
"1988-09-08","3.1240889169437"
"1988-09-09","1.61282348736024"
"1988-09-10","1.07730603901855"
"1988-09-11","0.420757471353977"
"1988-09-12","0.678037443460324"
"1988-09-13","0.851236984585271"
"1988-09-14","1.37687763300809"
"1988-09-15","1.56452234973123"
"1988-09-16","2.13646333764642"
"1988-09-17","4.26584319789688"
"1988-09-18","4.35574372299822"
"1988-09-19","2.43168659695299"
"1988-09-20","2.23566300476784"
"1988-09-21","6.42849678910656"
"1988-09-22","17.375677327573"
"1988-09-23","6.861235741413"
"1988-09-24","7.47014017848225"
"1988-09-25","4.48163621198563"
"1988-09-26","5.62718425271831"
"1988-09-27","4.32921160867204"
"1988-09-28","10.9788164328703"
"1988-09-29","5.02026550903981"
"1988-09-30","9.62366271741462"
"1988-10-01","5.83506019342513"
"1988-10-02","4.10491450150292"
"1988-10-03","30.4912066934429"
"1988-10-04","7.24472608194723"
"1988-10-05","7.94177685155497"
"1988-10-06","5.77102503993294"
"1988-10-07","11.6425765520566"
"1988-10-08","10.6593181973412"
"1988-10-09","7.03734108895967"
"1988-10-10","3.57558207259034"
"1988-10-11","8.10753806070848"
"1988-10-12","7.48109609946544"
"1988-10-13","7.45488260731553"
"1988-10-14","25.195087932405"
"1988-10-15","5.44858753526366"
"1988-10-16","22.0242006128485"
"1988-10-17","8.52214310489176"
"1988-10-18","12.5020345031441"
"1988-10-19","11.8912346600454"
"1988-10-20","16.0134197396117"
"1988-10-21","3.85907836755117"
"1988-10-22","6.05133556803584"
"1988-10-23","9.6567401075776"
"1988-10-24","6.49221711654168"
"1988-10-25","9.99441991533552"
"1988-10-26","44.7846281456225"
"1988-10-27","9.8426749819801"
"1988-10-28","12.6542830446582"
"1988-10-29","11.7111313559792"
"1988-10-30","6.32000258061793"
"1988-10-31","6.92923712420773"
"1988-11-01","11.4519335697224"
"1988-11-02","57.2984982775403"
"1988-11-03","11.5972720369116"
"1988-11-04","2.53030448610132"
"1988-11-05","7.87028266444351"
"1988-11-06","7.80960807242951"
"1988-11-07","30.1742439022312"
"1988-11-08","10.6083650568347"
"1988-11-09","15.6895831529196"
"1988-11-10","9.87384287722699"
"1988-11-11","12.6672510068654"
"1988-11-12","21.7206739367861"
"1988-11-13","37.1471037431197"
"1988-11-14","12.1296210696687"
"1988-11-15","15.1749731730589"
"1988-11-16","11.2080363473851"
"1988-11-17","8.9085042063808"
"1988-11-18","10.3214344039108"
"1988-11-19","24.1427557850297"
"1988-11-20","19.3219256359777"
"1988-11-21","10.440469667509"
"1988-11-22","3.46890421889045"
"1988-11-23","2.05915329627918"
"1988-11-24","3.9859554663107"
"1988-11-25","6.06603165028931"
"1988-11-26","8.56881258859263"
"1988-11-27","7.3998709886105"
"1988-11-28","9.45462648899524"
"1988-11-29","11.4595231700253"
"1988-11-30","10.4220153913869"
"1988-12-01","14.5246265522845"
"1988-12-02","12.7298331508389"
"1988-12-03","14.23296365387"
"1988-12-04","6.72184625151869"
"1988-12-05","7.43631588122545"
"1988-12-06","11.4618607898811"
"1988-12-07","19.9440796798442"
"1988-12-08","2.76396291286914"
"1988-12-09","3.42801048100253"
"1988-12-10","12.6191958968257"
"1988-12-11","16.0068244975367"
"1988-12-12","8.3901206487185"
"1988-12-13","17.6384282050195"
"1988-12-14","17.9087860842288"
"1988-12-15","27.1529466125356"
"1988-12-16","20.7804342946965"
"1988-12-17","22.2374433170665"
"1988-12-18","13.7997034782971"
"1988-12-19","19.698977722234"
"1988-12-20","16.788584938297"
"1988-12-21","17.027719231395"
"1988-12-22","27.9636406299872"
"1988-12-23","31.8480660409638"
"1988-12-24","34.4680428030171"
"1988-12-25","2.9674205014974"
"1988-12-26","10.7677783842211"
"1988-12-27","14.6584650241967"
"1988-12-28","14.2536477774253"
"1988-12-29","17.4274834203514"
"1988-12-30","16.2216002497322"
"1988-12-31","9.13981163966191"
"1989-01-01","17.1301045149436"
"1989-01-02","21.1260935011364"
"1989-01-03","10.2675275678758"
"1989-01-04","2.96092416713764"
"1989-01-05","8.56181833547947"
"1989-01-06","10.158967166752"
"1989-01-07","17.4675809026281"
"1989-01-08","28.1731639176736"
"1989-01-09","26.3965240329891"
"1989-01-10","25.002207339068"
"1989-01-11","14.4624637411786"
"1989-01-12","16.4502237741049"
"1989-01-13","17.7909015886711"
"1989-01-14","21.4406543789488"
"1989-01-15","25.6832972481137"
"1989-01-16","18.6273167515214"
"1989-01-17","17.1418216300733"
"1989-01-18","20.7884979289331"
"1989-01-19","14.9650799928806"
"1989-01-20","20.6754809581872"
"1989-01-21","18.9848066263901"
"1989-01-22","20.6402390550225"
"1989-01-23","25.600861751672"
"1989-01-24","24.8358253586344"
"1989-01-25","30.4754130788696"
"1989-01-26","30.793345298602"
"1989-01-27","28.615587969363"
"1989-01-28","30.3488933265983"
"1989-01-29","57.2960774310223"
"1989-01-30","30.3582076943798"
"1989-01-31","18.9670386541457"
"1989-02-01","29.1291855651063"
"1989-02-02","28.7565828298594"
"1989-02-03","24.4104085319486"
"1989-02-04","30.1410334863704"
"1989-02-05","30.192567239076"
"1989-02-06","20.9334612388115"
"1989-02-07","13.9200309024745"
"1989-02-08","32.179704946873"
"1989-02-09","12.7815583835949"
"1989-02-10","15.7086975708668"
"1989-02-11","8.07346968836599"
"1989-02-12","19.2926169350034"
"1989-02-13","11.5928967246762"
"1989-02-14","12.7414073056473"
"1989-02-15","16.4350805860577"
"1989-02-16","14.9302279484736"
"1989-02-17","19.196943803267"
"1989-02-18","63.5008640371876"
"1989-02-19","26.5245211671441"
"1989-02-20","27.0171444302513"
"1989-02-21","19.5411127635411"
"1989-02-22","18.7110257086816"
"1989-02-23","22.362411540308"
"1989-02-24","51.5647923523213"
"1989-02-25","22.5571657527577"
"1989-02-26","26.1608273807542"
"1989-02-27","30.3436139011796"
"1989-02-28","29.2650957066259"
"1989-03-01","26.5405422640053"
"1989-03-02","31.4217238818412"
"1989-03-03","27.2358881549918"
"1989-03-04","26.9301705793901"
"1989-03-05","30.0337469010126"
"1989-03-06","27.417673201788"
"1989-03-07","37.2675065870409"
"1989-03-08","34.4623565095844"
"1989-03-09","22.0433454307127"
"1989-03-10","6.61757907206878"
"1989-03-11","11.7676638772477"
"1989-03-12","11.6059775197661"
"1989-03-13","8.63899013077542"
"1989-03-14","9.16433681244458"
"1989-03-15","12.2704328747539"
"1989-03-16","11.5763384604351"
"1989-03-17","15.7236320652487"
"1989-03-18","13.6155680206431"
"1989-03-19","2.56010680848902"
"1989-03-20","4.24731874878788"
"1989-03-21","3.06182236937217"
"1989-03-22","5.5610355608391"
"1989-03-23","8.68336022364629"
"1989-03-24","16.4999638759729"
"1989-03-25","15.429810400133"
"1989-03-26","11.1534598957409"
"1989-03-27","15.6327353638488"
"1989-03-28","12.0360059738159"
"1989-03-29","12.7740878398284"
"1989-03-30","12.9323613550756"
"1989-03-31","3.21933398411904"
"1989-04-01","0.540080328492117"
"1989-04-02","1.83812595910324"
"1989-04-03","6.4440864721934"
"1989-04-04","10.6938170726165"
"1989-04-05","3.47973634412278"
"1989-04-06","1.76408566192631"
"1989-04-07","5.2305844542268"
"1989-04-08","4.8579812240807"
"1989-04-09","4.27690929045409"
"1989-04-10","3.59695136185848"
"1989-04-11","3.76394634226184"
"1989-04-12","4.4267342487971"
"1989-04-13","9.4753554816886"
"1989-04-14","5.7422112520639"
"1989-04-15","12.1497356055619"
"1989-04-16","5.86610379157128"
"1989-04-17","9.43161996618494"
"1989-04-18","3.96051050832261"
"1989-04-19","5.3745814401866"
"1989-04-20","7.00298948411818"
"1989-04-21","8.03145437116747"
"1989-04-22","6.7031018372738"
"1989-04-23","8.49822942725508"
"1989-04-24","11.9810523904247"
"1989-04-25","8.132731526445"
"1989-04-26","7.44035625973821"
"1989-04-27","5.24636897328612"
"1989-04-28","6.15033546464268"
"1989-04-29","5.04269097635756"
"1989-04-30","4.71709926561876"
"1989-05-01","3.70036226511002"
"1989-05-02","3.29750824903513"
"1989-05-03","2.54391085843503"
"1989-05-04","2.04967386072332"
"1989-05-05","2.76190930966175"
"1989-05-06","4.65622428691748"
"1989-05-07","3.64911786921613"
"1989-05-08","5.86561570023045"
"1989-05-09","2.86944981261249"
"1989-05-10","0.195020452561059"
"1989-05-11","0.4616051026624"
"1989-05-12","1.48484012149113"
"1989-05-13","1.45014703473745"
"1989-05-14","2.18082620016424"
"1989-05-15","2.27992764412067"
"1989-05-16","2.84480054553969"
"1989-05-17","2.47214523822198"
"1989-05-18","2.90693416456123"
"1989-05-19","3.3658367395401"
"1989-05-20","3.84015872674587"
"1989-05-21","2.64672904251974"
"1989-05-22","1.87039430626543"
"1989-05-23","2.65247241720493"
"1989-05-24","2.45038795419586"
"1989-05-25","3.69348231435338"
"1989-05-26","2.3918598077514"
"1989-05-27","2.91165340024155"
"1989-05-28","2.76816177910024"
"1989-05-29","2.38281887795502"
"1989-05-30","1.45566149649424"
"1989-05-31","3.40494369867044"
"1989-06-01","1.83138469164764"
"1989-06-02","4.03255960796819"
"1989-06-03","1.01236176748812"
"1989-06-04","0.0954509149527266"
"1989-06-05","0.451484539550104"
"1989-06-06","1.0177941235242"
"1989-06-07","1.14750010858883"
"1989-06-08","2.86700578762855"
"1989-06-09","0.926408809694377"
"1989-06-10","2.34601908896393"
"1989-06-11","2.15662847081949"
"1989-06-12","1.08214114632183"
"1989-06-13","2.20731603247779"
"1989-06-14","1.69362181915349"
"1989-06-15","0.897983666170727"
"1989-06-16","1.57660760262828"
"1989-06-17","1.16789976929947"
"1989-06-18","1.07408575094365"
"1989-06-19","2.27943711311786"
"1989-06-20","2.32745788314126"
"1989-06-21","1.982588118805"
"1989-06-22","1.79669875332287"
"1989-06-23","1.03166645133134"
"1989-06-24","1.74809484809508"
"1989-06-25","0.881767896991787"
"1989-06-26","0.719929712675351"
"1989-06-27","1.40382990060431"
"1989-06-28","2.05249395411768"
"1989-06-29","1.25505050126608"
"1989-06-30","1.25197225189828"
"1989-07-01","1.68993721276651"
"1989-07-02","2.45250802303289"
"1989-07-03","2.40350062093693"
"1989-07-04","1.30339483058814"
"1989-07-05","1.93841487091857"
"1989-07-06","1.77976819653532"
"1989-07-07","1.46205547000423"
"1989-07-08","2.60469687397862"
"1989-07-09","1.32091150152219"
"1989-07-10","0.930181143474785"
"1989-07-11","1.8959341961326"
"1989-07-12","1.16800503684329"
"1989-07-13","1.83819884810097"
"1989-07-14","2.94266040449019"
"1989-07-15","3.27411203002517"
"1989-07-16","1.68148112426072"
"1989-07-17","1.63086535842904"
"1989-07-18","2.72111412199029"
"1989-07-19","2.5032363438503"
"1989-07-20","3.27609514932096"
"1989-07-21","1.2420570210461"
"1989-07-22","1.67179476156895"
"1989-07-23","2.15351712806916"
"1989-07-24","2.48421332975487"
"1989-07-25","2.3883624621284"
"1989-07-26","1.92761138894341"
"1989-07-27","3.09446532488901"
"1989-07-28","3.98883184674498"
"1989-07-29","0.444098509993259"
"1989-07-30","1.19625529417873"
"1989-07-31","1.08903180356279"
"1989-08-01","1.38345885663838"
"1989-08-02","1.54169099994036"
"1989-08-03","2.08600824477869"
"1989-08-04","2.48842288714983"
"1989-08-05","0.984056210427573"
"1989-08-06","2.51960113580093"
"1989-08-07","2.06736701417279"
"1989-08-08","1.62386821474864"
"1989-08-09","1.72548771639923"
"1989-08-10","2.36013126063656"
"1989-08-11","2.36417236214592"
"1989-08-12","1.92952874109342"
"1989-08-13","2.61616456457031"
"1989-08-14","2.79215439367088"
"1989-08-15","1.88429967355935"
"1989-08-16","2.64559804206287"
"1989-08-17","2.57631869775392"
"1989-08-18","3.22433913682962"
"1989-08-19","4.0855197483327"
"1989-08-20","2.28433379543808"
"1989-08-21","2.03498392832744"
"1989-08-22","0.979321690574611"
"1989-08-23","2.15744662504176"
"1989-08-24","2.6235146692821"
"1989-08-25","1.90026751844398"
"1989-08-26","2.54004691328321"
"1989-08-27","2.60140995649032"
"1989-08-28","2.03723411274937"
"1989-08-29","0.9981484736328"
"1989-08-30","1.677131123357"
"1989-08-31","2.37233618640409"
"1989-09-01","2.13305998929006"
"1989-09-02","2.12595166891684"
"1989-09-03","4.04929912580556"
"1989-09-04","2.97374884468136"
"1989-09-05","3.42420363942266"
"1989-09-06","4.22924199352017"
"1989-09-07","5.87403202005279"
"1989-09-08","11.8036837784243"
"1989-09-09","6.17447450253871"
"1989-09-10","2.74115180530589"
"1989-09-11","0.569350026870445"
"1989-09-12","1.07352974591575"
"1989-09-13","2.09150793890416"
"1989-09-14","2.05752155778212"
"1989-09-15","2.08919236321986"
"1989-09-16","2.93450975392288"
"1989-09-17","1.81036719821748"
"1989-09-18","3.073682505331"
"1989-09-19","3.82253957310796"
"1989-09-20","1.90443273127337"
"1989-09-21","4.77903505321189"
"1989-09-22","2.95022150551602"
"1989-09-23","1.62486471409922"
"1989-09-24","5.46672358554163"
"1989-09-25","3.12027646968891"
"1989-09-26","2.14076276826652"
"1989-09-27","2.23228746730012"
"1989-09-28","3.51877170052879"
"1989-09-29","11.6845018688218"
"1989-09-30","3.50939612625997"
"1989-10-01","6.33423873975679"
"1989-10-02","5.01665452806465"
"1989-10-03","3.82681923666042"
"1989-10-04","6.91092824626279"
"1989-10-05","2.38501582336632"
"1989-10-06","2.39886741649795"
"1989-10-07","8.1431080376431"
"1989-10-08","1.35201602761364"
"1989-10-09","1.56398143074213"
"1989-10-10","2.80143463701913"
"1989-10-11","1.56934081076028"
"1989-10-12","6.26701985705983"
"1989-10-13","5.80918617372389"
"1989-10-14","1.34401161904201"
"1989-10-15","9.97097955947314"
"1989-10-16","3.51890280262216"
"1989-10-17","4.44363579347536"
"1989-10-18","9.14042121920235"
"1989-10-19","5.71898764810521"
"1989-10-20","3.96508317179494"
"1989-10-21","3.99350223912821"
"1989-10-22","5.40818529108386"
"1989-10-23","6.5074724191195"
"1989-10-24","9.01591325012636"
"1989-10-25","3.88868583642043"
"1989-10-26","11.1186796328722"
"1989-10-27","6.47904109541988"
"1989-10-28","3.82620894702482"
"1989-10-29","7.66374618047244"
"1989-10-30","9.8756659970139"
"1989-10-31","2.88688713828207"
"1989-11-01","4.76280067338572"
"1989-11-02","5.225937603356"
"1989-11-03","7.07220908986542"
"1989-11-04","10.3553535783446"
"1989-11-05","10.8463517504853"
"1989-11-06","7.44760115322097"
"1989-11-07","6.38723999184447"
"1989-11-08","9.41525641973917"
"1989-11-09","5.43761729161977"
"1989-11-10","5.50218754619747"
"1989-11-11","5.85719532471199"
"1989-11-12","8.88459048126683"
"1989-11-13","10.5521510813659"
"1989-11-14","12.4098624089064"
"1989-11-15","3.41560487778156"
"1989-11-16","7.07896963239232"
"1989-11-17","5.12125142208942"
"1989-11-18","6.69138244787852"
"1989-11-19","8.25321495584595"
"1989-11-20","10.584973289853"
"1989-11-21","17.0574823767592"
"1989-11-22","25.0370128804987"
"1989-11-23","24.7304473315483"
"1989-11-24","9.2196998843899"
"1989-11-25","11.864064272348"
"1989-11-26","13.2605506785504"
"1989-11-27","17.1892609534326"
"1989-11-28","19.338967455414"
"1989-11-29","18.9280299562396"
"1989-11-30","4.71906759160938"
"1989-12-01","20.0278233986396"
"1989-12-02","11.5279339923487"
"1989-12-03","9.65306038567514"
"1989-12-04","9.48236298354673"
"1989-12-05","22.0052927520884"
"1989-12-06","23.2817350899502"
"1989-12-07","27.3071978019946"
"1989-12-08","28.1723754725931"
"1989-12-09","34.6210541745801"
"1989-12-10","17.1821938799573"
"1989-12-11","40.2776992186839"
"1989-12-12","13.8463642091462"
"1989-12-13","9.5595949965638"
"1989-12-14","15.2693978222934"
"1989-12-15","10.0118032554527"
"1989-12-16","26.251144689915"
"1989-12-17","28.2443622490028"
"1989-12-18","29.5562378028771"
"1989-12-19","31.9025271196902"
"1989-12-20","22.4810182769577"
"1989-12-21","19.6415938340224"
"1989-12-22","25.0720591937309"
"1989-12-23","35.0675808877656"
"1989-12-24","38.8078007718701"
"1989-12-25","45.8764396271148"
"1989-12-26","35.5704364776611"
"1989-12-27","11.8753663100205"
"1989-12-28","16.0409177288865"
"1989-12-29","31.5352098043863"
"1989-12-30","31.5692455159637"
"1989-12-31","36.3609499993262"
"1990-01-01","31.6032622283671"
"1990-01-02","33.0846181101613"
"1990-01-03","85.7030415885892"
"1990-01-04","28.7713310605004"
"1990-01-05","28.39482825143"
"1990-01-06","31.2507254200064"
"1990-01-07","21.150865567195"
"1990-01-08","30.307053305886"
"1990-01-09","12.3437633328624"
"1990-01-10","18.2712047461307"
"1990-01-11","24.1334062943727"
"1990-01-12","23.0225443489108"
"1990-01-13","24.3514851739396"
"1990-01-14","11.9572324763129"
"1990-01-15","23.5987520713311"
"1990-01-16","21.2409320145974"
"1990-01-17","30.7803190817565"
"1990-01-18","18.2380220900366"
"1990-01-19","26.2142811564656"
"1990-01-20","20.5395007071557"
"1990-01-21","27.9405629294259"
"1990-01-22","31.5767937284527"
"1990-01-23","34.8017049186674"
"1990-01-24","53.7934442330232"
"1990-01-25","22.7214323968598"
"1990-01-26","36.7409287242146"
"1990-01-27","21.0261189019009"
"1990-01-28","13.8622029849461"
"1990-01-29","28.0465849839248"
"1990-01-30","62.0435869291231"
"1990-01-31","15.6544861649022"
"1990-02-01","6.27131063287908"
"1990-02-02","5.25791858117302"
"1990-02-03","7.46462308044557"
"1990-02-04","9.98987144309205"
"1990-02-05","13.6382407440252"
"1990-02-06","15.5438370436301"
"1990-02-07","22.9798379543024"
"1990-02-08","32.1223454826322"
"1990-02-09","7.69882881589782"
"1990-02-10","9.39590272758946"
"1990-02-11","17.1345956397779"
"1990-02-12","17.5863647873784"
"1990-02-13","19.1826297380191"
"1990-02-14","25.3626870242032"
"1990-02-15","25.7719660837413"
"1990-02-16","28.9659634875013"
"1990-02-17","17.8259315862284"
"1990-02-18","19.3024319343237"
"1990-02-19","17.2354553726328"
"1990-02-20","33.7786967372481"
"1990-02-21","27.97322303805"
"1990-02-22","23.1586493042124"
"1990-02-23","22.8818558449353"
"1990-02-24","25.910928812894"
"1990-02-25","24.140382985532"
"1990-02-26","20.0071789341055"
"1990-02-27","3.04805858310683"
"1990-02-28","0.771700062147983"
"1990-03-01","3.80907661832256"
"1990-03-02","7.21222509553422"
"1990-03-03","13.6028540887874"
"1990-03-04","20.2562244340971"
"1990-03-05","18.7620532584913"
"1990-03-06","15.6396913198166"
"1990-03-07","14.4573011068039"
"1990-03-08","23.7867481429856"
"1990-03-09","20.5036553717279"
"1990-03-10","9.17751601764134"
"1990-03-11","12.4923611822582"
"1990-03-12","20.272443024111"
"1990-03-13","19.3185048908382"
"1990-03-14","14.0530561719622"
"1990-03-15","18.2106095970451"
"1990-03-16","18.9988284461942"
"1990-03-17","36.2267400237905"
"1990-03-18","20.0696140553528"
"1990-03-19","17.0796040745525"
"1990-03-20","25.1961142552363"
"1990-03-21","20.3828203110468"
"1990-03-22","15.2316322202806"
"1990-03-23","17.9435793558757"
"1990-03-24","19.0480120935481"
"1990-03-25","27.9408952374479"
"1990-03-26","31.772827610825"
"1990-03-27","32.881330110294"
"1990-03-28","3.004968791426"
"1990-03-29","5.94336445816668"
"1990-03-30","10.2984329147256"
"1990-03-31","13.4439371488827"
"1990-04-01","8.47367356969164"
"1990-04-02","12.8953774481109"
"1990-04-03","14.3699975405937"
"1990-04-04","14.2104373638764"
"1990-04-05","13.0651358422779"
"1990-04-06","17.2400106186475"
"1990-04-07","17.1110917500087"
"1990-04-08","13.9544593658282"
"1990-04-09","10.4130332934392"
"1990-04-10","6.53258489323901"
"1990-04-11","4.01458966525602"
"1990-04-12","19.4413188215974"
"1990-04-13","23.9103126856156"
"1990-04-14","6.60086077529115"
"1990-04-15","9.46969029604099"
"1990-04-16","7.76524857009128"
"1990-04-17","7.11417061838753"
"1990-04-18","9.54099185745437"
"1990-04-19","12.6673378283843"
"1990-04-20","6.44471995655076"
"1990-04-21","3.99224046169421"
"1990-04-22","5.95720477692493"
"1990-04-23","6.81032092953141"
"1990-04-24","12.2859917264996"
"1990-04-25","27.5781556827165"
"1990-04-26","22.3026458236562"
"1990-04-27","7.44058483710021"
"1990-04-28","21.4050535722212"
"1990-04-29","11.7157022406012"
"1990-04-30","9.82319401662587"
"1990-05-01","30.0337696488285"
"1990-05-02","13.1187149497854"
"1990-05-03","7.64496149542012"
"1990-05-04","34.2327398407511"
"1990-05-05","8.18978731869619"
"1990-05-06","10.2018721361697"
"1990-05-07","6.79409450266784"
"1990-05-08","10.3716691892384"
"1990-05-09","27.2664848013874"
"1990-05-10","5.55509172063885"
"1990-05-11","5.81480140500254"
"1990-05-12","11.722973604739"
"1990-05-13","7.42293982278733"
"1990-05-14","5.59065837364692"
"1990-05-15","9.5210375950966"
"1990-05-16","12.8464910478303"
"1990-05-17","2.88852091939934"
"1990-05-18","5.18220414279343"
"1990-05-19","4.54003383328904"
"1990-05-20","6.33252019696421"
"1990-05-21","5.24603838373572"
"1990-05-22","7.95113674593178"
"1990-05-23","7.83796605300078"
"1990-05-24","7.15938635615559"
"1990-05-25","3.77015060625035"
"1990-05-26","2.64660120552236"
"1990-05-27","3.83301556574834"
"1990-05-28","2.02567395606598"
"1990-05-29","2.22862441508801"
"1990-05-30","2.54396218422687"
"1990-05-31","9.22197722975826"
"1990-06-01","10.1705547989189"
"1990-06-02","5.47405499710149"
"1990-06-03","2.90188125330648"
"1990-06-04","4.79975201041151"
"1990-06-05","3.74424450015609"
"1990-06-06","5.31209903310388"
"1990-06-07","4.41737237688783"
"1990-06-08","6.18040271032424"
"1990-06-09","6.91181170166313"
"1990-06-10","1.72099757581562"
"1990-06-11","1.54574979074074"
"1990-06-12","1.92305789287988"
"1990-06-13","1.2096617094108"
"1990-06-14","2.40030412988745"
"1990-06-15","2.17796465612593"
"1990-06-16","2.38489797724274"
"1990-06-17","5.56403657316646"
"1990-06-18","3.30186854502855"
"1990-06-19","3.59218596018754"
"1990-06-20","4.99960042800738"
"1990-06-21","3.86185923076811"
"1990-06-22","2.51276001734135"
"1990-06-23","4.87011691605374"
"1990-06-24","5.5525414530849"
"1990-06-25","1.30604161805921"
"1990-06-26","5.21148574816716"
"1990-06-27","0.94638742864519"
"1990-06-28","1.1011834786842"
"1990-06-29","1.21463673774685"
"1990-06-30","4.74619345837857"
"1990-07-01","0.902285429596643"
"1990-07-02","4.59830297587754"
"1990-07-03","2.5690435258212"
"1990-07-04","3.4191369615592"
"1990-07-05","2.76286217444516"
"1990-07-06","2.97707630316545"
"1990-07-07","3.43245149658614"
"1990-07-08","3.0014910239936"
"1990-07-09","2.66475890383318"
"1990-07-10","2.92033110475127"
"1990-07-11","2.99427506314728"
"1990-07-12","2.32356393685589"
"1990-07-13","1.82694990371729"
"1990-07-14","1.26795315136125"
"1990-07-15","1.85132280908106"
"1990-07-16","0.847015981824496"
"1990-07-17","2.18583497605024"
"1990-07-18","0.328602142599754"
"1990-07-19","0.750524058421969"
"1990-07-20","3.41959397875385"
"1990-07-21","2.08454246025581"
"1990-07-22","3.82146194848147"
"1990-07-23","4.78796438427715"
"1990-07-24","12.2862931949236"
"1990-07-25","6.13893654852202"
"1990-07-26","3.41875303049624"
"1990-07-27","3.20909111066298"
"1990-07-28","3.05157009966962"
"1990-07-29","2.22247247339843"
"1990-07-30","2.20747990061194"
"1990-07-31","3.88233713928239"
"1990-08-01","6.09130501540708"
"1990-08-02","4.09122708968786"
"1990-08-03","5.30844122971291"
"1990-08-04","3.78000222862541"
"1990-08-05","4.17252706655692"
"1990-08-06","2.67668916517264"
"1990-08-07","2.30393450123407"
"1990-08-08","2.14120415091773"
"1990-08-09","3.96035675001351"
"1990-08-10","3.5196939972572"
"1990-08-11","3.48032628354572"
"1990-08-12","4.35095137641543"
"1990-08-13","2.77647797614981"
"1990-08-14","3.43845962562086"
"1990-08-15","1.97425319041525"
"1990-08-16","4.1887651080693"
"1990-08-17","3.71137201631224"
"1990-08-18","2.89748099639818"
"1990-08-19","5.59804306866287"
"1990-08-20","1.94958634222999"
"1990-08-21","1.91396772938889"
"1990-08-22","2.72701860748199"
"1990-08-23","3.13004532630567"
"1990-08-24","3.00996225078901"
"1990-08-25","3.27977667149011"
"1990-08-26","3.3488832869571"
"1990-08-27","3.5689565996071"
"1990-08-28","10.1193961292118"
"1990-08-29","1.51174266036455"
"1990-08-30","1.96793208468012"
"1990-08-31","2.17023749501158"
"1990-09-01","3.37081592888027"
"1990-09-02","3.47775730710009"
"1990-09-03","6.7306668100419"
"1990-09-04","2.8475746673681"
"1990-09-05","2.96366913777925"
"1990-09-06","2.46506423945035"
"1990-09-07","3.26639184291229"
"1990-09-08","3.64015736724391"
"1990-09-09","6.84565836113769"
"1990-09-10","9.66225307225149"
"1990-09-11","5.4032665857505"
"1990-09-12","3.87168124847082"
"1990-09-13","7.18949881570164"
"1990-09-14","4.58608846437363"
"1990-09-15","4.6267385131869"
"1990-09-16","4.17345029038268"
"1990-09-17","3.88398208349814"
"1990-09-18","8.34006763020635"
"1990-09-19","11.5486722322769"
"1990-09-20","14.7044648608088"
"1990-09-21","4.88774199441914"
"1990-09-22","3.04084573989307"
"1990-09-23","7.04408364275317"
"1990-09-24","12.6779275095308"
"1990-09-25","1.77542427285409"
"1990-09-26","4.00587827638114"
"1990-09-27","3.75710568412558"
"1990-09-28","4.71324289257908"
"1990-09-29","4.68598160702429"
"1990-09-30","5.29995105276892"
"1990-10-01","9.27664196955693"
"1990-10-02","4.47757150445666"
"1990-10-03","2.56390349973332"
"1990-10-04","5.01612866492498"
"1990-10-05","7.89789188888682"
"1990-10-06","6.84415552523229"
"1990-10-07","3.76250482018376"
"1990-10-08","1.4076233320422"
"1990-10-09","4.69479509039875"
"1990-10-10","5.1489391476561"
"1990-10-11","5.36484117412464"
"1990-10-12","5.48001515504086"
"1990-10-13","7.59444253682058"
"1990-10-14","17.4329779612554"
"1990-10-15","17.1527091558878"
"1990-10-16","6.44429329308597"
"1990-10-17","5.85031543252788"
"1990-10-18","17.1496552223767"
"1990-10-19","4.50359862655788"
"1990-10-20","5.46939626916662"
"1990-10-21","1.92579089369609"
"1990-10-22","3.19654136380076"
"1990-10-23","5.11482719270698"
"1990-10-24","5.9715864508699"
"1990-10-25","7.33331854622085"
"1990-10-26","13.2490055922306"
"1990-10-27","12.9377956018819"
"1990-10-28","29.2514067934705"
"1990-10-29","31.5297670529518"
"1990-10-30","8.86412040908615"
"1990-10-31","5.86931355949088"
"1990-11-01","7.20978090979836"
"1990-11-02","5.70461876309795"
"1990-11-03","10.0846672470951"
"1990-11-04","13.7821114940561"
"1990-11-05","41.8757553183155"
"1990-11-06","23.9833533959987"
"1990-11-07","17.8204224326394"
"1990-11-08","29.8435008804519"
"1990-11-09","1.76843236702861"
"1990-11-10","5.43215312560399"
"1990-11-11","8.41865181871307"
"1990-11-12","12.5837496937095"
"1990-11-13","40.5723108068689"
"1990-11-14","9.0352022874923"
"1990-11-15","12.7927285128342"
"1990-11-16","9.44367036778173"
"1990-11-17","10.703541654529"
"1990-11-18","11.465101453649"
"1990-11-19","15.5143795261135"
"1990-11-20","21.361832247152"
"1990-11-21","42.0708125886463"
"1990-11-22","9.58808824716708"
"1990-11-23","10.9245838933177"
"1990-11-24","12.7080465415856"
"1990-11-25","14.1179600608297"
"1990-11-26","13.7073502416735"
"1990-11-27","19.8878483421359"
"1990-11-28","25.1235415058219"
"1990-11-29","24.6638352447774"
"1990-11-30","30.8995061065211"
"1990-12-01","35.2819852952833"
"1990-12-02","21.4029891439331"
"1990-12-03","23.3937487953153"
"1990-12-04","23.9285912493091"
"1990-12-05","35.1810608075295"
"1990-12-06","25.5219770200325"
"1990-12-07","57.2668508554434"
"1990-12-08","9.21909990042319"
"1990-12-09","6.76923307299098"
"1990-12-10","12.3919375448516"
"1990-12-11","13.1694587773575"
"1990-12-12","15.2431776719692"
"1990-12-13","16.8215503795838"
"1990-12-14","17.8873278299967"
"1990-12-15","18.7920830755523"
"1990-12-16","23.1411038642322"
"1990-12-17","83.1353564241748"
"1990-12-18","18.9936442746745"
"1990-12-19","8.86428060366478"
"1990-12-20","14.5040833403022"
"1990-12-21","33.4190821750856"
"1990-12-22","26.7325538494886"
"1990-12-23","25.534883082171"
"1990-12-24","14.6672369680363"
"1990-12-25","44.5713618307403"
"1990-12-26","29.4144273155179"
"1990-12-27","119.851317401572"
"1990-12-28","18.9287807126066"
"1990-12-29","21.5131399187691"
"1990-12-30","36.9064862222383"
"1990-12-31","64.6691801888602"
"1991-01-01","45.8340791974749"
"1991-01-02","41.932518954917"
"1991-01-03","49.2909258640174"
"1991-01-04","2.08504956934875"
"1991-01-05","0.803856838059116"
"1991-01-06","2.98928767133069"
"1991-01-07","7.83163647527819"
"1991-01-08","13.0435968415562"
"1991-01-09","17.2111245564052"
"1991-01-10","35.6363687969389"
"1991-01-11","53.202638799494"
"1991-01-12","19.7477997040852"
"1991-01-13","29.3841528789306"
"1991-01-14","45.7786558820056"
"1991-01-15","36.7772015328015"
"1991-01-16","23.944652305537"
"1991-01-17","22.0840749038762"
"1991-01-18","26.3782787942267"
"1991-01-19","26.0639907787373"
"1991-01-20","26.4848949176409"
"1991-01-21","19.798205210533"
"1991-01-22","15.9500007340402"
"1991-01-23","17.8436808503551"
"1991-01-24","8.16891190706393"
"1991-01-25","11.6427266897061"
"1991-01-26","15.3785382679531"
"1991-01-27","12.5933305587603"
"1991-01-28","19.7813568899642"
"1991-01-29","20.1656239992612"
"1991-01-30","22.0643067091574"
"1991-01-31","24.9566844758533"
"1991-02-01","24.145163304878"
"1991-02-02","30.2024294535319"
"1991-02-03","64.5183832242891"
"1991-02-04","67.4514247019054"
"1991-02-05","27.9964944459659"
"1991-02-06","33.5716316834157"
"1991-02-07","40.4336128647709"
"1991-02-08","22.3407978165201"
"1991-02-09","28.9678052679285"
"1991-02-10","23.3633561485257"
"1991-02-11","34.3138864112623"
"1991-02-12","38.097155302634"
"1991-02-13","41.3990300661558"
"1991-02-14","28.6391436506659"
"1991-02-15","27.8052474926044"
"1991-02-16","17.92932689964"
"1991-02-17","33.4125082007734"
"1991-02-18","48.6831678415274"
"1991-02-19","34.0783265101445"
"1991-02-20","26.5687411791318"
"1991-02-21","35.1086920866202"
"1991-02-22","27.1575560549121"
"1991-02-23","35.3386631259671"
"1991-02-24","28.245620735796"
"1991-02-25","78.621955772499"
"1991-02-26","29.09258693018"
"1991-02-27","33.122940955224"
"1991-02-28","37.4931007979752"
"1991-03-01","23.5495734772125"
"1991-03-02","20.4815109963025"
"1991-03-03","23.0361585080366"
"1991-03-04","51.4430677901099"
"1991-03-05","25.066830098371"
"1991-03-06","27.4578612273906"
"1991-03-07","54.2290972424792"
"1991-03-08","47.0561756447796"
"1991-03-09","17.1160492422261"
"1991-03-10","14.7455404537581"
"1991-03-11","12.249232164193"
"1991-03-12","20.0609451723305"
"1991-03-13","21.5944459634426"
"1991-03-14","25.6495453723065"
"1991-03-15","30.8211545902929"
"1991-03-16","22.1398354154645"
"1991-03-17","21.8279045649937"
"1991-03-18","18.8966973209794"
"1991-03-19","11.3295240918279"
"1991-03-20","10.4062117002743"
"1991-03-21","13.301146137766"
"1991-03-22","8.08548449541067"
"1991-03-23","14.5594816290455"
"1991-03-24","13.1055723702237"
"1991-03-25","23.3924053654526"
"1991-03-26","13.9328859543904"
"1991-03-27","11.3296861235714"
"1991-03-28","9.92929640476838"
"1991-03-29","26.5056853521438"
"1991-03-30","20.0345789013487"
"1991-03-31","18.6131082881581"
"1991-04-01","9.42898635017924"
"1991-04-02","10.1275688507856"
"1991-04-03","8.44468039867682"
"1991-04-04","7.87331080436707"
"1991-04-05","10.5663587912853"
"1991-04-06","17.6439488192141"
"1991-04-07","14.2908263701897"
"1991-04-08","13.9856979939845"
"1991-04-09","13.9443188539315"
"1991-04-10","19.2749483636963"
"1991-04-11","21.4703109955891"
"1991-04-12","18.2415930182387"
"1991-04-13","15.5087933602271"
"1991-04-14","9.35491027254047"
"1991-04-15","6.6091665561065"
"1991-04-16","11.4823138579662"
"1991-04-17","9.11117713275926"
"1991-04-18","6.53962831270127"
"1991-04-19","6.2217953504422"
"1991-04-20","15.0594468013549"
"1991-04-21","27.1850951966785"
"1991-04-22","8.77411115737188"
"1991-04-23","5.24633725484212"
"1991-04-24","8.63001900833923"
"1991-04-25","0.507182998413389"
"1991-04-26","2.78396940721578"
"1991-04-27","4.51819963269419"
"1991-04-28","5.52013664121752"
"1991-04-29","6.51235805651842"
"1991-04-30","3.66517548437242"
"1991-05-01","4.05333733352232"
"1991-05-02","10.2117086468321"
"1991-05-03","5.7674412252583"
"1991-05-04","5.71084785461426"
"1991-05-05","13.4148766530025"
"1991-05-06","15.2023865918576"
"1991-05-07","9.07099203320293"
"1991-05-08","7.31229768377362"
"1991-05-09","7.74193034440408"
"1991-05-10","7.65502711704799"
"1991-05-11","3.64261153920904"
"1991-05-12","7.6795900590492"
"1991-05-13","5.71421354983276"
"1991-05-14","6.41428596219975"
"1991-05-15","6.18984685522137"
"1991-05-16","3.72991955899573"
"1991-05-17","3.86487173466455"
"1991-05-18","4.58799921485769"
"1991-05-19","8.5984200440444"
"1991-05-20","10.7784075798926"
"1991-05-21","10.9212284831258"
"1991-05-22","4.21799376155391"
"1991-05-23","2.91073888927311"
"1991-05-24","7.09827879806618"
"1991-05-25","6.95635444054872"
"1991-05-26","3.14896672164207"
"1991-05-27","4.5323125970312"
"1991-05-28","5.39435058135491"
"1991-05-29","6.57262167889318"
"1991-05-30","8.33564145224435"
"1991-05-31","11.0697656235138"
"1991-06-01","10.4372282688752"
"1991-06-02","0.142160902323919"
"1991-06-03","0.388810843842112"
"1991-06-04","0.51892783218648"
"1991-06-05","1.32814415747469"
"1991-06-06","0.781562646423583"
"1991-06-07","1.5689980229"
"1991-06-08","1.13170307484411"
"1991-06-09","2.55614140810389"
"1991-06-10","0.505545924462023"
"1991-06-11","0.191049811486719"
"1991-06-12","1.03927039577589"
"1991-06-13","1.78885588436932"
"1991-06-14","1.82195488882787"
"1991-06-15","1.29051505293681"
"1991-06-16","2.41230717065917"
"1991-06-17","0.763891451351054"
"1991-06-18","1.66536819586506"
"1991-06-19","1.65070078241361"
"1991-06-20","1.30898363236741"
"1991-06-21","4.43611760469742"
"1991-06-22","2.90072095316726"
"1991-06-23","1.84860227234436"
"1991-06-24","2.13745987325004"
"1991-06-25","3.34640680479281"
"1991-06-26","4.39065155773968"
"1991-06-27","4.09172268605335"
"1991-06-28","0.953968228748092"
"1991-06-29","1.69116315864897"
"1991-06-30","1.26614082736886"
"1991-07-01","1.04283380689043"
"1991-07-02","1.32018122580144"
"1991-07-03","3.28748157478514"
"1991-07-04","5.04256872800522"
"1991-07-05","2.5248845944673"
"1991-07-06","1.85630922064637"
"1991-07-07","3.410759923262"
"1991-07-08","1.99031682189925"
"1991-07-09","0.884066285960602"
"1991-07-10","1.77426858046354"
"1991-07-11","1.59545222866587"
"1991-07-12","1.54875710683984"
"1991-07-13","2.56146517047634"
"1991-07-14","1.93104539985781"
"1991-07-15","2.48718515361026"
"1991-07-16","1.09751432798642"
"1991-07-17","1.87696270070551"
"1991-07-18","2.67412942338299"
"1991-07-19","4.4454539333071"
"1991-07-20","3.20248936265062"
"1991-07-21","1.1628278177796"
"1991-07-22","3.9378331084272"
"1991-07-23","3.45311074442678"
"1991-07-24","3.2761096149296"
"1991-07-25","3.01894097126924"
"1991-07-26","2.99901218331737"
"1991-07-27","1.05364798286777"
"1991-07-28","1.20160738988356"
"1991-07-29","1.69312475718461"
"1991-07-30","2.63005065892166"
"1991-07-31","0.631731374439223"
"1991-08-01","3.54573403034375"
"1991-08-02","3.71658847187505"
"1991-08-03","3.58572172292899"
"1991-08-04","3.44616120047383"
"1991-08-05","8.88538755173291"
"1991-08-06","5.0215153901866"
"1991-08-07","3.85122069522932"
"1991-08-08","2.01766757363881"
"1991-08-09","1.70240602777763"
"1991-08-10","1.2032115426866"
"1991-08-11","2.44635145940306"
"1991-08-12","6.02590486394379"
"1991-08-13","5.5239769622877"
"1991-08-14","3.03339529153589"
"1991-08-15","2.65489072781621"
"1991-08-16","2.00363525428942"
"1991-08-17","1.55399059062396"
"1991-08-18","2.26019901114625"
"1991-08-19","7.73791445694961"
"1991-08-20","5.79016823428018"
"1991-08-21","3.12589943305755"
"1991-08-22","3.52507389004612"
"1991-08-23","3.96595609929913"
"1991-08-24","1.72691570228829"
"1991-08-25","1.51814713983825"
"1991-08-26","2.57704143387415"
"1991-08-27","1.68933915453298"
"1991-08-28","2.76329968360079"
"1991-08-29","2.73162146099718"
"1991-08-30","0.984280414879322"
"1991-08-31","1.47096264281701"
"1991-09-01","1.95380313662223"
"1991-09-02","3.54035595098099"
"1991-09-03","2.51519169848719"
"1991-09-04","2.9951968110485"
"1991-09-05","5.61032233403359"
"1991-09-06","4.02617966664302"
"1991-09-07","11.672900808838"
"1991-09-08","1.43250089306465"
"1991-09-09","3.19542224092401"
"1991-09-10","1.02323826321792"
"1991-09-11","2.08976301408949"
"1991-09-12","1.20481693886575"
"1991-09-13","2.32725043369062"
"1991-09-14","2.45137415355418"
"1991-09-15","2.08327588039043"
"1991-09-16","2.12310852529683"
"1991-09-17","0.346411970722211"
"1991-09-18","1.66841909147444"
"1991-09-19","1.62416119105888"
"1991-09-20","1.81781557331354"
"1991-09-21","3.48274845078394"
"1991-09-22","1.66267924275233"
"1991-09-23","2.14859904381104"
"1991-09-24","1.92104445210783"
"1991-09-25","1.57789887391128"
"1991-09-26","2.57569973809378"
"1991-09-27","3.68761316367558"
"1991-09-28","3.48392448074374"
"1991-09-29","3.75484501438223"
"1991-09-30","2.46196433166405"
"1991-10-01","11.3475089258962"
"1991-10-02","3.52260871005781"
"1991-10-03","5.96344692830916"
"1991-10-04","5.9235255769837"
"1991-10-05","12.6225139816086"
"1991-10-06","7.44185212886695"
"1991-10-07","3.54314742511485"
"1991-10-08","5.53805555719318"
"1991-10-09","3.26484162466867"
"1991-10-10","5.52879160926456"
"1991-10-11","4.08328088795468"
"1991-10-12","11.9092551227256"
"1991-10-13","4.50958436443692"
"1991-10-14","12.4118692183391"
"1991-10-15","44.9933076586042"
"1991-10-16","6.80999620884528"
"1991-10-17","5.05360539031751"
"1991-10-18","12.3108119035696"
"1991-10-19","18.7875876571193"
"1991-10-20","12.0689180733322"
"1991-10-21","18.0307335358161"
"1991-10-22","4.86751209089766"
"1991-10-23","7.05896557151497"
"1991-10-24","6.71114524411949"
"1991-10-25","6.41436198882726"
"1991-10-26","6.00734783251048"
"1991-10-27","6.27609150543873"
"1991-10-28","10.4798988717975"
"1991-10-29","21.7746938193515"
"1991-10-30","29.1525900498097"
"1991-10-31","10.7482686662055"
"1991-11-01","10.5482819379666"
"1991-11-02","13.5035560120752"
"1991-11-03","14.315616894594"
"1991-11-04","1.37397268140342"
"1991-11-05","3.88758002679585"
"1991-11-06","5.96600033504106"
"1991-11-07","6.52444229807173"
"1991-11-08","8.0956254650504"
"1991-11-09","7.00996961170461"
"1991-11-10","7.94549258911248"
"1991-11-11","7.59663298738983"
"1991-11-12","9.06167335634108"
"1991-11-13","9.45565503809875"
"1991-11-14","16.6326722355632"
"1991-11-15","12.0008573635316"
"1991-11-16","12.6559443700881"
"1991-11-17","13.9411143368973"
"1991-11-18","23.907180815032"
"1991-11-19","20.5764503437719"
"1991-11-20","12.7638971815894"
"1991-11-21","11.1298399869498"
"1991-11-22","16.086597128864"
"1991-11-23","21.4061706757649"
"1991-11-24","21.6726895864908"
"1991-11-25","22.2421317100525"
"1991-11-26","16.0939745655308"
"1991-11-27","10.7294133153313"
"1991-11-28","15.2286943047594"
"1991-11-29","11.8688754498701"
"1991-11-30","9.7283807605892"
"1991-12-01","16.0067645006882"
"1991-12-02","22.0786255510338"
"1991-12-03","14.9211644692854"
"1991-12-04","11.8886151974335"
"1991-12-05","15.7781994229271"
"1991-12-06","18.0289548279403"
"1991-12-07","24.4690831749986"
"1991-12-08","31.137405172571"
"1991-12-09","50.7536564781552"
"1991-12-10","23.2624970679675"
"1991-12-11","29.5291776326828"
"1991-12-12","27.9444832739892"
"1991-12-13","10.9551745678955"
"1991-12-14","10.7311031746142"
"1991-12-15","8.62825953083121"
"1991-12-16","8.84297237225941"
"1991-12-17","2.93427305213817"
"1991-12-18","1.9087795927411"
"1991-12-19","2.77679401042657"
"1991-12-20","5.52470581459277"
"1991-12-21","7.8660728105735"
"1991-12-22","12.6877698072623"
"1991-12-23","16.5929418064299"
"1991-12-24","21.3314316654618"
"1991-12-25","31.9721087996578"
"1991-12-26","41.7587098043202"
"1991-12-27","21.6500778858796"
"1991-12-28","20.7933155819451"
"1991-12-29","26.4987292599368"
"1991-12-30","10.701253521494"
"1991-12-31","3.21170935279879"
"1992-01-01","5.23910362483103"
"1992-01-02","10.0978193943635"
"1992-01-03","15.8132209633336"
"1992-01-04","11.5350823526259"
"1992-01-05","14.2079275634898"
"1992-01-06","13.8800879494968"
"1992-01-07","9.14602003572307"
"1992-01-08","5.74840949211286"
"1992-01-09","13.6650987332001"
"1992-01-10","16.4987496400808"
"1992-01-11","12.842340582893"
"1992-01-12","15.1992077187542"
"1992-01-13","27.788471052657"
"1992-01-14","14.6624039406384"
"1992-01-15","15.1405022918404"
"1992-01-16","21.680645996358"
"1992-01-17","12.3027869468128"
"1992-01-18","18.5563765273982"
"1992-01-19","34.7290041704715"
"1992-01-20","67.8061075251856"
"1992-01-21","23.3719855799819"
"1992-01-22","25.5948809215001"
"1992-01-23","17.8359596946023"
"1992-01-24","24.0892011262638"
"1992-01-25","17.7794963332998"
"1992-01-26","13.9042387111878"
"1992-01-27","20.5407034473502"
"1992-01-28","21.1336113611857"
"1992-01-29","28.4943583021948"
"1992-01-30","26.2159299767895"
"1992-01-31","25.9816475409966"
"1992-02-01","23.1515596315458"
"1992-02-02","30.8326103243477"
"1992-02-03","19.6036768909141"
"1992-02-04","18.7860674259467"
"1992-02-05","17.6766809612126"
"1992-02-06","4.61969158582357"
"1992-02-07","10.8555174503492"
"1992-02-08","20.5245181100193"
"1992-02-09","17.2352549978149"
"1992-02-10","15.8897523013028"
"1992-02-11","16.547276620741"
"1992-02-12","17.9665394056411"
"1992-02-13","13.0619402612959"
"1992-02-14","16.0326246637287"
"1992-02-15","23.6296042611589"
"1992-02-16","34.6997876518217"
"1992-02-17","62.063097734988"
"1992-02-18","19.080430992754"
"1992-02-19","25.8682062140791"
"1992-02-20","16.0469926033185"
"1992-02-21","18.2201376291581"
"1992-02-22","18.9160537967434"
"1992-02-23","13.3306987997773"
"1992-02-24","19.5726422396573"
"1992-02-25","23.8135493142264"
"1992-02-26","23.2350392403541"
"1992-02-27","22.5953049143671"
"1992-02-28","20.3223548286405"
"1992-02-29","16.0017702961381"
"1992-03-01","6.46466924669423"
"1992-03-02","13.8398940305173"
"1992-03-03","1.56912214854063"
"1992-03-04","1.6835621876634"
"1992-03-05","8.36538011325902"
"1992-03-06","17.328893168148"
"1992-03-07","19.2566683612345"
"1992-03-08","18.9777307324595"
"1992-03-09","17.3965508060538"
"1992-03-10","24.6884036951767"
"1992-03-11","32.1893134096484"
"1992-03-12","18.3473917725798"
"1992-03-13","42.1823628908628"
"1992-03-14","9.25945744060335"
"1992-03-15","13.9528399834901"
"1992-03-16","14.5710311307536"
"1992-03-17","11.9058984636744"
"1992-03-18","11.75106965515"
"1992-03-19","10.9604607412825"
"1992-03-20","7.10107843081156"
"1992-03-21","4.87361128092844"
"1992-03-22","11.7885420910724"
"1992-03-23","17.1372487864969"
"1992-03-24","18.3712868669848"
"1992-03-25","29.6659174006739"
"1992-03-26","23.2874290169059"
"1992-03-27","4.91892772577542"
"1992-03-28","5.00667743300979"
"1992-03-29","8.02867862672517"
"1992-03-30","10.7397799368029"
"1992-03-31","19.3996069193918"
"1992-04-01","9.73245988986193"
"1992-04-02","12.1054282972823"
"1992-04-03","16.7648241654103"
"1992-04-04","23.9191522226705"
"1992-04-05","4.36640009838781"
"1992-04-06","0.713153535871085"
"1992-04-07","3.59501655690082"
"1992-04-08","4.4897401259317"
"1992-04-09","5.55472761611918"
"1992-04-10","6.86181720975157"
"1992-04-11","12.9893248060565"
"1992-04-12","11.8794422810212"
"1992-04-13","4.45225594982956"
"1992-04-14","3.67702778748104"
"1992-04-15","3.11530277068481"
"1992-04-16","5.51662666405434"
"1992-04-17","6.42042073078486"
"1992-04-18","6.62878644518006"
"1992-04-19","31.0660182696916"
"1992-04-20","6.65717317531635"
"1992-04-21","5.83199761233805"
"1992-04-22","5.81877931887969"
"1992-04-23","5.07279233137767"
"1992-04-24","6.00842035797251"
"1992-04-25","4.96857230074994"
"1992-04-26","5.35580894492921"
"1992-04-27","6.93458777227443"
"1992-04-28","3.9113266951852"
"1992-04-29","5.18016715870275"
"1992-04-30","4.50940139185299"
"1992-05-01","3.47236541029695"
"1992-05-02","4.52868728617053"
"1992-05-03","4.17411403377335"
"1992-05-04","9.42459680301286"
"1992-05-05","12.1291177953993"
"1992-05-06","9.04529207609433"
"1992-05-07","9.50382802806375"
"1992-05-08","0.415093337915418"
"1992-05-09","0.299457478800635"
"1992-05-10","1.12454384920143"
"1992-05-11","1.00301972109002"
"1992-05-12","0.362718290484055"
"1992-05-13","0.796695589212886"
"1992-05-14","0.683312488131193"
"1992-05-15","1.18323542855003"
"1992-05-16","1.68182412783305"
"1992-05-17","1.40044716800446"
"1992-05-18","1.09325745018014"
"1992-05-19","0.934269497404883"
"1992-05-20","1.41729220438313"
"1992-05-21","1.45769361706523"
"1992-05-22","2.26718615040635"
"1992-05-23","2.80575006348746"
"1992-05-24","2.88794843923478"
"1992-05-25","5.54414692895237"
"1992-05-26","5.19288185122725"
"1992-05-27","2.05593843261401"
"1992-05-28","2.09660156954935"
"1992-05-29","2.62347686677784"
"1992-05-30","4.16389647242311"
"1992-05-31","5.66061217134649"
"1992-06-01","9.12434690855282"
"1992-06-02","2.18389144849468"
"1992-06-03","4.54774444908291"
"1992-06-04","6.5371003089013"
"1992-06-05","1.84864022940784"
"1992-06-06","3.17423016890819"
"1992-06-07","2.15323194474369"
"1992-06-08","1.8504033034498"
"1992-06-09","3.08013599440133"
"1992-06-10","1.04803042436317"
"1992-06-11","1.89306313373568"
"1992-06-12","1.42716425889498"
"1992-06-13","2.06109171009167"
"1992-06-14","1.99705938833617"
"1992-06-15","2.02616314467414"
"1992-06-16","2.51190299440772"
"1992-06-17","1.64981522459488"
"1992-06-18","2.52197234016476"
"1992-06-19","1.79817799185262"
"1992-06-20","2.53635598519148"
"1992-06-21","2.1966213411067"
"1992-06-22","1.74231066770884"
"1992-06-23","0.755928932104534"
"1992-06-24","1.92437426274989"
"1992-06-25","2.35027295170408"
"1992-06-26","2.11460847707538"
"1992-06-27","1.92105734516016"
"1992-06-28","1.20114044612878"
"1992-06-29","2.27284773474648"
"1992-06-30","3.64333304285487"
"1992-07-01","6.39857745893074"
"1992-07-02","9.93956258080222"
"1992-07-03","9.31835020465768"
"1992-07-04","3.33155094674139"
"1992-07-05","6.23626966961535"
"1992-07-06","1.74725357381812"
"1992-07-07","1.45388315418066"
"1992-07-08","1.43695167481125"
"1992-07-09","2.83980457142834"
"1992-07-10","2.13379100829492"
"1992-07-11","2.59939704725753"
"1992-07-12","1.0586322247337"
"1992-07-13","1.39776759217312"
"1992-07-14","2.07668892607028"
"1992-07-15","1.89008207780458"
"1992-07-16","1.99267228212191"
"1992-07-17","2.96464362598601"
"1992-07-18","6.10158487831875"
"1992-07-19","2.15587300320208"
"1992-07-20","1.86424697542087"
"1992-07-21","1.81110944531181"
"1992-07-22","3.00060053201981"
"1992-07-23","1.81224653692473"
"1992-07-24","2.04345007169814"
"1992-07-25","6.35005068985415"
"1992-07-26","2.75443164507548"
"1992-07-27","5.8404308769094"
"1992-07-28","6.39182213993816"
"1992-07-29","3.79116990194692"
"1992-07-30","4.00189285876947"
"1992-07-31","1.74530557946209"
"1992-08-01","2.70409472654392"
"1992-08-02","2.23386851430455"
"1992-08-03","2.7779678877814"
"1992-08-04","2.97194605059438"
"1992-08-05","6.08255022841615"
"1992-08-06","3.38772115743522"
"1992-08-07","6.18597500252001"
"1992-08-08","1.65776041021079"
"1992-08-09","0.924043404688309"
"1992-08-10","5.42677256013408"
"1992-08-11","1.21555700872368"
"1992-08-12","1.30682732480945"
"1992-08-13","1.88426210066844"
"1992-08-14","1.01637792974323"
"1992-08-15","2.34572199361149"
"1992-08-16","8.58126486947526"
"1992-08-17","3.9191699699535"
"1992-08-18","3.97553154077881"
"1992-08-19","1.8325110069472"
"1992-08-20","2.6615963953011"
"1992-08-21","2.57424997573807"
"1992-08-22","7.6042626673009"
"1992-08-23","2.77526309918532"
"1992-08-24","4.11589293278657"
"1992-08-25","3.1383820888284"
"1992-08-26","3.25953366075243"
"1992-08-27","4.20500726772077"
"1992-08-28","2.88041631638746"
"1992-08-29","2.21195834023612"
"1992-08-30","0.134411425865961"
"1992-08-31","0.505603132858163"
"1992-09-01","1.14059706638644"
"1992-09-02","0.697085608071063"
"1992-09-03","1.02667348789962"
"1992-09-04","0.637775439075577"
"1992-09-05","1.73396603098679"
"1992-09-06","2.26093868182335"
"1992-09-07","1.42974529096058"
"1992-09-08","2.41545967493222"
"1992-09-09","2.6935727013138"
"1992-09-10","4.39117393555579"
"1992-09-11","2.93070983564183"
"1992-09-12","0.95205628704199"
"1992-09-13","1.32750390734507"
"1992-09-14","8.52521347225487"
"1992-09-15","0.625957705886849"
"1992-09-16","2.06928348644471"
"1992-09-17","1.19413342839712"
"1992-09-18","2.4654124792004"
"1992-09-19","2.9269954892464"
"1992-09-20","1.99754422541821"
"1992-09-21","3.43230795808685"
"1992-09-22","0.253146015075378"
"1992-09-23","0.679155278838042"
"1992-09-24","1.20907687818333"
"1992-09-25","0.994918657845749"
"1992-09-26","2.2718897190961"
"1992-09-27","3.39117596262977"
"1992-09-28","1.963078289579"
"1992-09-29","0.648672293178189"
"1992-09-30","1.27298780933861"
"1992-10-01","1.86133440258183"
"1992-10-02","2.52730241895238"
"1992-10-03","5.45846213200392"
"1992-10-04","1.54313183979039"
"1992-10-05","1.56708832981783"
"1992-10-06","2.12558061065096"
"1992-10-07","2.38481602937112"
"1992-10-08","0.79260941056204"
"1992-10-09","0.309104041603608"
"1992-10-10","0.529646390895823"
"1992-10-11","1.14972924025028"
"1992-10-12","1.8178276073881"
"1992-10-13","3.89359254031986"
"1992-10-14","5.90950853845258"
"1992-10-15","3.83273955392631"
"1992-10-16","3.11998486776889"
"1992-10-17","2.00382539049372"
"1992-10-18","1.37834892941244"
"1992-10-19","2.18493878918809"
"1992-10-20","4.70814474372121"
"1992-10-21","4.81245793150617"
"1992-10-22","9.2559924579802"
"1992-10-23","10.636265928095"
"1992-10-24","9.65340887829339"
"1992-10-25","4.80714603884396"
"1992-10-26","6.15570713328077"
"1992-10-27","6.12382600937055"
"1992-10-28","8.10419101632519"
"1992-10-29","7.58489885577908"
"1992-10-30","1.71260469674548"
"1992-10-31","0.304077089139264"
"1992-11-01","1.45364104682233"
"1992-11-02","1.59124978447889"
"1992-11-03","1.84446852289753"
"1992-11-04","3.79278975544554"
"1992-11-05","3.84978624236532"
"1992-11-06","3.15646205165169"
"1992-11-07","6.27361845970154"
"1992-11-08","27.9089014210226"
"1992-11-09","4.17108126378163"
"1992-11-10","2.86686787357578"
"1992-11-11","4.46567191138412"
"1992-11-12","5.48572024948153"
"1992-11-13","7.37478770838155"
"1992-11-14","6.99218588370781"
"1992-11-15","8.2609274686673"
"1992-11-16","13.0704687684129"
"1992-11-17","9.16136399182406"
"1992-11-18","0.539843625901065"
"1992-11-19","1.38858613526666"
"1992-11-20","4.24160100887348"
"1992-11-21","2.39610998790502"
"1992-11-22","1.70922826417597"
"1992-11-23","3.48266801818625"
"1992-11-24","4.71567470196522"
"1992-11-25","2.44829378048063"
"1992-11-26","3.25492248958323"
"1992-11-27","1.98080852976093"
"1992-11-28","3.84281168071739"
"1992-11-29","4.41133347992257"
"1992-11-30","7.09206190150538"
"1992-12-01","5.73493151747303"
"1992-12-02","10.6099988062144"
"1992-12-03","14.3297112865365"
"1992-12-04","1.85578004596553"
"1992-12-05","1.10965011826841"
"1992-12-06","0.49509954697642"
"1992-12-07","1.13295779115968"
"1992-12-08","3.57011180909681"
"1992-12-09","6.99486470738531"
"1992-12-10","9.1545503975509"
"1992-12-11","12.9122184385985"
"1992-12-12","12.7650206945675"
"1992-12-13","3.18008055160572"
"1992-12-14","5.51993918909139"
"1992-12-15","6.74209464473642"
"1992-12-16","4.79524895845554"
"1992-12-17","2.97171095749"
"1992-12-18","1.48585133867346"
"1992-12-19","0.522032649034545"
"1992-12-20","0.359794212448778"
"1992-12-21","0.414323217457249"
"1992-12-22","0.445135113416296"
"1992-12-23","1.11181066581955"
"1992-12-24","2.20418774694591"
"1992-12-25","3.04042505289053"
"1992-12-26","3.36405505865683"
"1992-12-27","3.81984695830903"
"1992-12-28","5.33780413066154"
"1992-12-29","6.45311993334716"
"1992-12-30","9.99408158182582"
"1992-12-31","15.5905273528326"
"1993-01-01","23.2034171298469"
"1993-01-02","20.8661983126686"
"1993-01-03","10.3926868603859"
"1993-01-04","11.2572589973351"
"1993-01-05","5.81213148331745"
"1993-01-06","7.09925479599924"
"1993-01-07","4.85784942556769"
"1993-01-08","5.66943251622188"
"1993-01-09","8.73531535796789"
"1993-01-10","10.3281733958752"
"1993-01-11","16.5082975424729"
"1993-01-12","13.4505799363702"
"1993-01-13","19.6606864681492"
"1993-01-14","29.4567265531201"
"1993-01-15","48.4375672773881"
"1993-01-16","10.7966848720204"
"1993-01-17","9.70938242978348"
"1993-01-18","9.32295991022349"
"1993-01-19","15.6511019174155"
"1993-01-20","28.0628530989478"
"1993-01-21","4.85197260653302"
"1993-01-22","12.4353915231052"
"1993-01-23","11.9841898550719"
"1993-01-24","4.54187158227483"
"1993-01-25","7.49511841894228"
"1993-01-26","6.08991604475748"
"1993-01-27","0.114053586667234"
"1993-01-28","0.721904678778215"
"1993-01-29","3.20451466964953"
"1993-01-30","3.57831351994436"
"1993-01-31","5.79914463753308"
"1993-02-01","9.20016744745758"
"1993-02-02","8.21721615987423"
"1993-02-03","18.9860940124049"
"1993-02-04","7.57515109153021"
"1993-02-05","11.0596000890195"
"1993-02-06","14.0893506921215"
"1993-02-07","27.0965199078316"
"1993-02-08","6.27342713343633"
"1993-02-09","11.8384282557995"
"1993-02-10","11.1726401564363"
"1993-02-11","20.0984732557685"
"1993-02-12","14.7753338215155"
"1993-02-13","12.1465191985622"
"1993-02-14","14.7894821311488"
"1993-02-15","13.2140520929774"
"1993-02-16","11.2626216009066"
"1993-02-17","19.0469963973735"
"1993-02-18","15.1387549520055"
"1993-02-19","51.1847631281072"
"1993-02-20","7.4628844570804"
"1993-02-21","6.5853908526433"
"1993-02-22","9.91057265062869"
"1993-02-23","11.4770792160199"
"1993-02-24","7.63829695920407"
"1993-02-25","37.8924124333766"
"1993-02-26","13.7245248241342"
"1993-02-27","10.7649572421978"
"1993-02-28","6.27456177261485"
"1993-03-01","4.87713937183995"
"1993-03-02","6.94735425349438"
"1993-03-03","12.3804361035813"
"1993-03-04","10.971998271488"
"1993-03-05","9.2844257127671"
"1993-03-06","18.5179480804509"
"1993-03-07","7.23943998080827"
"1993-03-08","4.90704062335935"
"1993-03-09","10.0659213499589"
"1993-03-10","10.4381377562816"
"1993-03-11","9.65328212424274"
"1993-03-12","12.0878238987613"
"1993-03-13","17.0029749890943"
"1993-03-14","20.1098450128134"
"1993-03-15","20.1980838156366"
"1993-03-16","10.7434105914393"
"1993-03-17","15.5128559880442"
"1993-03-18","8.21656157650473"
"1993-03-19","13.4529118826895"
"1993-03-20","21.3772367357692"
"1993-03-21","12.7551026757145"
"1993-03-22","19.3358505422419"
"1993-03-23","9.10732921790251"
"1993-03-24","11.5598765348459"
"1993-03-25","3.85217226635326"
"1993-03-26","8.21910587740151"
"1993-03-27","6.8804363812203"
"1993-03-28","7.38497377474071"
"1993-03-29","11.2905268318209"
"1993-03-30","8.65847747150438"
"1993-03-31","8.78630671975933"
"1993-04-01","11.598334518862"
"1993-04-02","9.79690165333934"
"1993-04-03","8.16670910104529"
"1993-04-04","22.6621187383478"
"1993-04-05","20.1709256770807"
"1993-04-06","8.22525087166658"
"1993-04-07","10.032926718394"
"1993-04-08","7.75784975625736"
"1993-04-09","11.1645766543104"
"1993-04-10","14.0008943297646"
"1993-04-11","17.4308306747701"
"1993-04-12","31.6420223021404"
"1993-04-13","5.66371424683245"
"1993-04-14","9.45543378565735"
"1993-04-15","8.45907533633244"
"1993-04-16","8.54284433678631"
"1993-04-17","11.927515108348"
"1993-04-18","14.5745580227344"
"1993-04-19","20.5332688459586"
"1993-04-20","20.2398187711641"
"1993-04-21","32.4408484372226"
"1993-04-22","29.000936268728"
"1993-04-23","32.1211265052036"
"1993-04-24","18.7532340045615"
"1993-04-25","14.6324895450047"
"1993-04-26","11.3079532193931"
"1993-04-27","9.04530726676379"
"1993-04-28","9.91100781923765"
"1993-04-29","8.51520774271581"
"1993-04-30","11.7613516989208"
"1993-05-01","11.2384579109423"
"1993-05-02","11.0510603751971"
"1993-05-03","17.748720049342"
"1993-05-04","8.75621408404726"
"1993-05-05","7.43786695715669"
"1993-05-06","6.73122340156918"
"1993-05-07","1.31130235400293"
"1993-05-08","3.23498825928866"
"1993-05-09","3.9420616559652"
"1993-05-10","8.10098645800636"
"1993-05-11","4.53581105062972"
"1993-05-12","8.91063676974474"
"1993-05-13","6.40974013526718"
"1993-05-14","6.49732572175724"
"1993-05-15","8.47366282227751"
"1993-05-16","6.49754540744798"
"1993-05-17","7.74464149186105"
"1993-05-18","9.41897546677362"
"1993-05-19","7.47402317080147"
"1993-05-20","13.1060025743592"
"1993-05-21","11.8478049488811"
"1993-05-22","1.94435731750546"
"1993-05-23","2.28690115068898"
"1993-05-24","3.09088457249976"
"1993-05-25","3.90102982005"
"1993-05-26","2.62829360972235"
"1993-05-27","3.38185318311056"
"1993-05-28","6.15281206704837"
"1993-05-29","12.5981160758378"
"1993-05-30","5.29574199465962"
"1993-05-31","2.17752090489968"
"1993-06-01","2.62497062110282"
"1993-06-02","3.10125228543302"
"1993-06-03","3.87397608509311"
"1993-06-04","4.37584613308762"
"1993-06-05","1.90147665181717"
"1993-06-06","2.33195402947339"
"1993-06-07","5.83124344379871"
"1993-06-08","3.46430430577431"
"1993-06-09","2.48080699861824"
"1993-06-10","1.34501851250083"
"1993-06-11","1.79719968107872"
"1993-06-12","1.31026829340499"
"1993-06-13","1.68425532369129"
"1993-06-14","2.50402339699464"
"1993-06-15","1.13774059925761"
"1993-06-16","5.24046939998478"
"1993-06-17","5.94123916760152"
"1993-06-18","12.8471797813069"
"1993-06-19","7.57756055278695"
"1993-06-20","2.30566271359012"
"1993-06-21","3.44770509707721"
"1993-06-22","3.13944708836543"
"1993-06-23","3.83221023707163"
"1993-06-24","2.64552218973379"
"1993-06-25","1.74005097641057"
"1993-06-26","2.22683987356884"
"1993-06-27","3.73902734559336"
"1993-06-28","4.44365533038135"
"1993-06-29","5.68235016436804"
"1993-06-30","10.8831438192557"
"1993-07-01","2.42551818541634"
"1993-07-02","3.94204111713352"
"1993-07-03","5.16397955845961"
"1993-07-04","2.61436544958647"
"1993-07-05","3.48585140601897"
"1993-07-06","3.1880510175899"
"1993-07-07","2.54237705340117"
"1993-07-08","0.206142356369273"
"1993-07-09","0.387138366376683"
"1993-07-10","0.710086334674131"
"1993-07-11","1.51607004923996"
"1993-07-12","3.71306229050541"
"1993-07-13","3.9815521183468"
"1993-07-14","5.03092358845137"
"1993-07-15","2.26147450784068"
"1993-07-16","1.85091111928354"
"1993-07-17","2.96118671656687"
"1993-07-18","3.75293657893226"
"1993-07-19","2.91942301921514"
"1993-07-20","2.50260217881306"
"1993-07-21","2.17176841567089"
"1993-07-22","5.06247194814476"
"1993-07-23","4.41898684584217"
"1993-07-24","4.39602008526459"
"1993-07-25","2.87573827061302"
"1993-07-26","3.16854502138121"
"1993-07-27","9.05914157396787"
"1993-07-28","2.62287232292679"
"1993-07-29","7.50921431248322"
"1993-07-30","2.8436670287863"
"1993-07-31","0.71012299620744"
"1993-08-01","4.20606514798614"
"1993-08-02","3.44202018945248"
"1993-08-03","4.31381321959681"
"1993-08-04","3.44879636310396"
"1993-08-05","6.57278253712179"
"1993-08-06","7.46135133117824"
"1993-08-07","11.7491194159438"
"1993-08-08","2.50537079469466"
"1993-08-09","13.103638139122"
"1993-08-10","4.18796735189178"
"1993-08-11","2.85326703183063"
"1993-08-12","11.5087191439294"
"1993-08-13","3.09790871127859"
"1993-08-14","0.486501821417571"
"1993-08-15","5.85414828572954"
"1993-08-16","5.1851620599305"
"1993-08-17","2.44918821306972"
"1993-08-18","2.51191261784855"
"1993-08-19","2.47879518987813"
"1993-08-20","6.45762359631526"
"1993-08-21","4.11085904934706"
"1993-08-22","3.15450743885783"
"1993-08-23","7.61978448521007"
"1993-08-24","9.33063920338949"
"1993-08-25","5.86257565176332"
"1993-08-26","7.74360836842359"
"1993-08-27","4.05739337799353"
"1993-08-28","3.99088250610219"
"1993-08-29","7.81143052856643"
"1993-08-30","5.28230636873286"
"1993-08-31","0.621495037271089"
"1993-09-01","0.110799025510361"
"1993-09-02","0.385297079752018"
"1993-09-03","0.747232603949386"
"1993-09-04","1.02717989837969"
"1993-09-05","2.7661157175576"
"1993-09-06","1.78730635390137"
"1993-09-07","3.17235547949225"
"1993-09-08","0.784337369781552"
"1993-09-09","3.06331590553383"
"1993-09-10","1.4054793159425"
"1993-09-11","2.02426826334619"
"1993-09-12","2.46526090433071"
"1993-09-13","2.79415675520381"
"1993-09-14","1.9801977635462"
"1993-09-15","1.96213559928911"
"1993-09-16","2.64876962275732"
"1993-09-17","3.4813446781852"
"1993-09-18","4.43938771883647"
"1993-09-19","0.379892147851713"
"1993-09-20","0.577592200982622"
"1993-09-21","1.26660178711404"
"1993-09-22","1.20803510678279"
"1993-09-23","1.46680858318424"
"1993-09-24","2.49802626004983"
"1993-09-25","3.24565184735633"
"1993-09-26","3.85692826184359"
"1993-09-27","4.99643132387302"
"1993-09-28","8.5310789042221"
"1993-09-29","5.68836244411799"
"1993-09-30","3.56945776358827"
"1993-10-01","1.41788330016198"
"1993-10-02","1.94277664515879"
"1993-10-03","0.298335300540769"
"1993-10-04","2.18644666568541"
"1993-10-05","2.10739690065384"
"1993-10-06","1.95356941326356"
"1993-10-07","9.20787490497936"
"1993-10-08","5.94876741382467"
"1993-10-09","6.06315677713006"
"1993-10-10","3.64431332793587"
"1993-10-11","2.84353498617808"
"1993-10-12","3.21983940054328"
"1993-10-13","4.09792457514511"
"1993-10-14","4.97877038196052"
"1993-10-15","6.67086796327071"
"1993-10-16","5.32181775105464"
"1993-10-17","6.1872680641356"
"1993-10-18","1.65274775428173"
"1993-10-19","1.73163845283645"
"1993-10-20","1.97074703994767"
"1993-10-21","2.13344669187224"
"1993-10-22","3.31590227234415"
"1993-10-23","8.22313300149265"
"1993-10-24","8.23947133027114"
"1993-10-25","8.93692309102971"
"1993-10-26","3.90483248930473"
"1993-10-27","9.16515488851638"
"1993-10-28","5.31651425619662"
"1993-10-29","2.91118196439949"
"1993-10-30","4.35678263918146"
"1993-10-31","6.45888286751586"
"1993-11-01","3.92396920377558"
"1993-11-02","0.530293042138541"
"1993-11-03","0.853984459009005"
"1993-11-04","1.76889202501867"
"1993-11-05","2.06382245354322"
"1993-11-06","3.44522515107027"
"1993-11-07","3.77194585893061"
"1993-11-08","0.799359992275506"
"1993-11-09","4.94603326723173"
"1993-11-10","5.54861768654415"
"1993-11-11","9.11323420206706"
"1993-11-12","5.96440431256315"
"1993-11-13","4.50572418186056"
"1993-11-14","5.45204602381884"
"1993-11-15","6.84825454336224"
"1993-11-16","7.63661622175407"
"1993-11-17","7.18594510421092"
"1993-11-18","6.62158997647174"
"1993-11-19","1.74149267240004"
"1993-11-20","6.19038978799597"
"1993-11-21","9.13562582684802"
"1993-11-22","6.77874094376832"
"1993-11-23","7.25357187878002"
"1993-11-24","7.26596837952023"
"1993-11-25","10.1037940834508"
"1993-11-26","42.1782477572883"
"1993-11-27","13.655352850497"
"1993-11-28","10.0908092296485"
"1993-11-29","16.4222268562812"
"1993-11-30","26.1443246040509"
"1993-12-01","21.9470406239167"
"1993-12-02","13.9152128851259"
"1993-12-03","4.9188677753721"
"1993-12-04","13.594535435433"
"1993-12-05","14.3993309318245"
"1993-12-06","23.4429911204747"
"1993-12-07","24.056317350049"
"1993-12-08","23.2042686949561"
"1993-12-09","23.5582343716642"
"1993-12-10","43.8478564307803"
"1993-12-11","6.78825631905428"
"1993-12-12","1.45405162606404"
"1993-12-13","4.29908408489062"
"1993-12-14","4.22823804178279"
"1993-12-15","3.62910063287396"
"1993-12-16","6.88941136247668"
"1993-12-17","8.85492160877624"
"1993-12-18","13.8574154387305"
"1993-12-19","22.0730513432325"
"1993-12-20","23.7041959143304"
"1993-12-21","16.0330272484651"
"1993-12-22","1.18235982470698"
"1993-12-23","3.54749151290237"
"1993-12-24","6.4750820795695"
"1993-12-25","9.98724913235867"
"1993-12-26","8.27757091491253"
"1993-12-27","5.99806507892939"
"1993-12-28","5.2481452892353"
"1993-12-29","5.17596729699667"
"1993-12-30","10.8164280730408"
"1993-12-31","11.1101909850067"
"1994-01-01","5.18352231009182"
"1994-01-02","24.463917340035"
"1994-01-03","6.91654316119817"
"1994-01-04","9.21085864228088"
"1994-01-05","7.72945554431899"
"1994-01-06","9.72687157872435"
"1994-01-07","6.56875731109025"
"1994-01-08","10.9845887021327"
"1994-01-09","7.52270622944935"
"1994-01-10","12.6137591058558"
"1994-01-11","26.2431081920475"
"1994-01-12","35.243385203473"
"1994-01-13","15.4299396580948"
"1994-01-14","16.2521146076582"
"1994-01-15","15.9813309458943"
"1994-01-16","7.85575794760799"
"1994-01-17","11.1050550235814"
"1994-01-18","7.70917379288446"
"1994-01-19","12.8692861263886"
"1994-01-20","11.581731063463"
"1994-01-21","16.8919891031274"
"1994-01-22","15.7535861518992"
"1994-01-23","24.0934882184644"
"1994-01-24","35.2665362502589"
"1994-01-25","46.8038653831977"
"1994-01-26","37.7067014273111"
"1994-01-27","26.7678177367041"
"1994-01-28","22.9242057552585"
"1994-01-29","23.0259284890575"
"1994-01-30","17.4553492719477"
"1994-01-31","5.38881127349226"
"1994-02-01","8.78091609890843"
"1994-02-02","11.9880852018084"
"1994-02-03","29.1298040249647"
"1994-02-04","19.565455961021"
"1994-02-05","16.6997824169341"
"1994-02-06","19.9077598150674"
"1994-02-07","32.9819466561982"
"1994-02-08","29.2503159180348"
"1994-02-09","14.8360117297152"
"1994-02-10","4.3735942417409"
"1994-02-11","3.65064811796853"
"1994-02-12","5.67908852647393"
"1994-02-13","11.6653619452472"
"1994-02-14","6.4926485138022"
"1994-02-15","9.13937552357133"
"1994-02-16","6.36848672127827"
"1994-02-17","10.763103059876"
"1994-02-18","13.4567539888027"
"1994-02-19","15.9687161590114"
"1994-02-20","12.3410859768525"
"1994-02-21","25.943467895706"
"1994-02-22","28.8058461193398"
"1994-02-23","33.5945138146867"
"1994-02-24","9.17499858166748"
"1994-02-25","13.706388215482"
"1994-02-26","12.8900857116237"
"1994-02-27","3.03608365298866"
"1994-02-28","9.32172315306478"
"1994-03-01","10.9742814544991"
"1994-03-02","14.4368417211425"
"1994-03-03","11.9214825485692"
"1994-03-04","11.2955847013564"
"1994-03-05","10.2250042519012"
"1994-03-06","16.247794894429"
"1994-03-07","14.6720099903288"
"1994-03-08","14.8220256768264"
"1994-03-09","7.15973757717"
"1994-03-10","7.43837886042409"
"1994-03-11","14.6795124058084"
"1994-03-12","18.4127334702067"
"1994-03-13","17.6960172880264"
"1994-03-14","13.3598763725974"
"1994-03-15","11.3039822413292"
"1994-03-16","16.8859529577808"
"1994-03-17","11.9801736972033"
"1994-03-18","15.9493265647393"
"1994-03-19","15.7903073257182"
"1994-03-20","13.4003084356135"
"1994-03-21","14.5389403842744"
"1994-03-22","21.1269377506141"
"1994-03-23","13.5983614900928"
"1994-03-24","18.0025990226052"
"1994-03-25","13.0848174569927"
"1994-03-26","17.3610871302617"
"1994-03-27","18.315578233628"
"1994-03-28","17.650417005861"
"1994-03-29","18.3138995438943"
"1994-03-30","17.3441281752153"
"1994-03-31","33.1077185131255"
"1994-04-01","12.4095576913842"
"1994-04-02","5.70246893193299"
"1994-04-03","4.46731098441334"
"1994-04-04","10.1204313819027"
"1994-04-05","14.3869617429131"
"1994-04-06","35.375995830024"
"1994-04-07","8.42862446070749"
"1994-04-08","5.52061475303782"
"1994-04-09","20.2088990273414"
"1994-04-10","12.3984603386421"
"1994-04-11","6.32436377145511"
"1994-04-12","7.04024931775543"
"1994-04-13","7.79009951554336"
"1994-04-14","9.24810438961178"
"1994-04-15","9.50266770573405"
"1994-04-16","17.1622746909336"
"1994-04-17","8.81758137079544"
"1994-04-18","6.77706729075609"
"1994-04-19","5.1260482707581"
"1994-04-20","7.81051963335508"
"1994-04-21","6.78623342514038"
"1994-04-22","7.84603876572151"
"1994-04-23","13.0095133760791"
"1994-04-24","22.517893820098"
"1994-04-25","27.3081222055278"
"1994-04-26","50.3976700687821"
"1994-04-27","12.7566578315966"
"1994-04-28","10.6700665734031"
"1994-04-29","6.72465279092004"
"1994-04-30","11.4871942966015"
"1994-05-01","6.31394256038583"
"1994-05-02","4.97679897871884"
"1994-05-03","13.3608037878425"
"1994-05-04","8.00340698498152"
"1994-05-05","11.7824544287347"
"1994-05-06","12.2780682039467"
"1994-05-07","7.3023054331412"
"1994-05-08","7.550748616586"
"1994-05-09","2.19424163675927"
"1994-05-10","6.91403470101295"
"1994-05-11","7.53581530294377"
"1994-05-12","6.24024248948861"
"1994-05-13","22.1807404720422"
"1994-05-14","8.50014561492127"
"1994-05-15","4.78680816150847"
"1994-05-16","6.77342822231772"
"1994-05-17","16.0123633553971"
"1994-05-18","2.7926790239491"
"1994-05-19","3.59130628813397"
"1994-05-20","4.76318892178597"
"1994-05-21","23.0573021034142"
"1994-05-22","7.78488797646064"
"1994-05-23","8.18682297070821"
"1994-05-24","45.3163327468938"
"1994-05-25","14.0550553437435"
"1994-05-26","4.71989239990969"
"1994-05-27","3.92772715870952"
"1994-05-28","3.86606916204675"
"1994-05-29","3.41228047245509"
"1994-05-30","26.1063897681959"
"1994-05-31","2.10021493135593"
"1994-06-01","3.81931446150784"
"1994-06-02","4.48175252928878"
"1994-06-03","8.52193950987481"
"1994-06-04","2.90694545177154"
"1994-06-05","3.11421104994687"
"1994-06-06","5.15618801478184"
"1994-06-07","0.443073648330453"
"1994-06-08","0.656371228171117"
"1994-06-09","1.68761394292245"
"1994-06-10","2.21946489630323"
"1994-06-11","2.89833331030685"
"1994-06-12","3.77625711449297"
"1994-06-13","6.4696779756835"
"1994-06-14","3.90774062108168"
"1994-06-15","3.93823696963199"
"1994-06-16","2.95397174074536"
"1994-06-17","5.01426189854032"
"1994-06-18","3.01502938265408"
"1994-06-19","1.35970080421342"
"1994-06-20","1.02267852283659"
"1994-06-21","4.11496312871124"
"1994-06-22","14.128024287038"
"1994-06-23","13.7792393903196"
"1994-06-24","2.59866890607974"
"1994-06-25","1.09662924465034"
"1994-06-26","0.946423480811315"
"1994-06-27","2.48197448976112"
"1994-06-28","2.29579022552544"
"1994-06-29","2.47080041603609"
"1994-06-30","2.64526162519083"
"1994-07-01","3.48999916965311"
"1994-07-02","6.23700771651743"
"1994-07-03","12.9393189644917"
"1994-07-04","8.85621864197058"
"1994-07-05","6.80523628022248"
"1994-07-06","10.4827256646507"
"1994-07-07","6.66859269813026"
"1994-07-08","8.07188953775348"
"1994-07-09","7.02244125713002"
"1994-07-10","7.1213555913983"
"1994-07-11","6.9994624259668"
"1994-07-12","3.80920603135964"
"1994-07-13","3.18151081098623"
"1994-07-14","6.70501155151433"
"1994-07-15","4.1853557192918"
"1994-07-16","3.72525776774336"
"1994-07-17","4.0152899594534"
"1994-07-18","1.91832526989313"
"1994-07-19","3.19625811040143"
"1994-07-20","3.19686767265394"
"1994-07-21","2.93318314882584"
"1994-07-22","4.23715900961971"
"1994-07-23","3.15003017610286"
"1994-07-24","9.99376538511995"
"1994-07-25","4.59059011884582"
"1994-07-26","2.65690739020641"
"1994-07-27","3.11108732687963"
"1994-07-28","3.96707101533939"
"1994-07-29","14.6485982746273"
"1994-07-30","1.66636867847019"
"1994-07-31","1.35458552618047"
"1994-08-01","2.26255124175187"
"1994-08-02","3.02575564797306"
"1994-08-03","2.07126857101659"
"1994-08-04","3.14678941841249"
"1994-08-05","6.46904541197277"
"1994-08-06","4.17729619519535"
"1994-08-07","5.31600265791922"
"1994-08-08","4.33685905644388"
"1994-08-09","4.54491651522649"
"1994-08-10","3.34152229368945"
"1994-08-11","10.2402399649352"
"1994-08-12","17.5220876555422"
"1994-08-13","5.07386927093778"
"1994-08-14","4.75483624243633"
"1994-08-15","2.08339915040768"
"1994-08-16","3.0757779337111"
"1994-08-17","3.7227081037187"
"1994-08-18","6.70204301520343"
"1994-08-19","5.17774224384523"
"1994-08-20","5.06870935076759"
"1994-08-21","5.92531936818903"
"1994-08-22","13.8911313690664"
"1994-08-23","4.83443019658456"
"1994-08-24","3.27643318919392"
"1994-08-25","3.41832740869357"
"1994-08-26","4.72866157639078"
"1994-08-27","12.8050640527304"
"1994-08-28","4.31408975934569"
"1994-08-29","5.89575689540797"
"1994-08-30","5.27635018340437"
"1994-08-31","6.3073854983111"
"1994-09-01","19.1260083454512"
"1994-09-02","16.217356486754"
"1994-09-03","4.78255705528961"
"1994-09-04","0.899606535509551"
"1994-09-05","3.16911053244686"
"1994-09-06","7.00282950318737"
"1994-09-07","4.63271073293892"
"1994-09-08","5.62826434926037"
"1994-09-09","5.19589801113327"
"1994-09-10","5.87463324616998"
"1994-09-11","19.9756420515316"
"1994-09-12","9.8099165613001"
"1994-09-13","3.50391958428152"
"1994-09-14","5.88114169562534"
"1994-09-15","9.8641279228838"
"1994-09-16","7.04022819448859"
"1994-09-17","6.46619857338084"
"1994-09-18","6.02919097999474"
"1994-09-19","10.4542955041448"
"1994-09-20","5.06945827435621"
"1994-09-21","4.73058412253083"
"1994-09-22","25.2443013418288"
"1994-09-23","10.2968285290194"
"1994-09-24","6.91230038130954"
"1994-09-25","3.32951096513055"
"1994-09-26","5.38845826898302"
"1994-09-27","8.41088972927688"
"1994-09-28","9.32865375306183"
"1994-09-29","4.82000990141006"
"1994-09-30","8.43708418251632"
"1994-10-01","12.3700537764149"
"1994-10-02","4.61132351267131"
"1994-10-03","6.11226813308088"
"1994-10-04","4.42649629260554"
"1994-10-05","3.73470156249546"
"1994-10-06","13.9723022386625"
"1994-10-07","6.41184118144956"
"1994-10-08","4.8790651123116"
"1994-10-09","2.66060776189292"
"1994-10-10","10.1174593209188"
"1994-10-11","9.30388494642266"
"1994-10-12","11.166475139139"
"1994-10-13","8.00504287703213"
"1994-10-14","15.7340541711617"
"1994-10-15","25.0998720400261"
"1994-10-16","44.7438750494094"
"1994-10-17","4.75243762225816"
"1994-10-18","10.4419321260411"
"1994-10-19","13.6758540182403"
"1994-10-20","11.4386660185727"
"1994-10-21","11.0149653205624"
"1994-10-22","10.3197690047227"
"1994-10-23","19.5815802404891"
"1994-10-24","38.2798209665142"
"1994-10-25","35.3634399397549"
"1994-10-26","3.64133621784516"
"1994-10-27","9.10753188608013"
"1994-10-28","9.85296210478911"
"1994-10-29","7.44863261908164"
"1994-10-30","5.36356055942965"
"1994-10-31","36.1796084152156"
"1994-11-01","5.8260170546445"
"1994-11-02","2.58454888891348"
"1994-11-03","3.90043836496609"
"1994-11-04","10.5942103981456"
"1994-11-05","13.6405257208523"
"1994-11-06","25.8866812739021"
"1994-11-07","13.420430527879"
"1994-11-08","5.68350110064337"
"1994-11-09","8.22315410566536"
"1994-11-10","23.1408723154109"
"1994-11-11","12.4367231827278"
"1994-11-12","6.39334977085972"
"1994-11-13","9.26532082227401"
"1994-11-14","28.6453707228491"
"1994-11-15","14.1972369796786"
"1994-11-16","26.0647234648337"
"1994-11-17","19.2561057119659"
"1994-11-18","24.4175276529221"
"1994-11-19","41.1904215131487"
"1994-11-20","8.83507857591043"
"1994-11-21","8.34781005991486"
"1994-11-22","9.76693357533707"
"1994-11-23","19.0800531065309"
"1994-11-24","31.0953360512143"
"1994-11-25","17.209960058138"
"1994-11-26","35.5971017234769"
"1994-11-27","12.9282917666745"
"1994-11-28","25.5795475724456"
"1994-11-29","16.6112328112383"
"1994-11-30","15.987641875362"
"1994-12-01","25.8813344038926"
"1994-12-02","23.5232044236485"
"1994-12-03","33.8234171764159"
"1994-12-04","31.6991516542641"
"1994-12-05","37.4497569938759"
"1994-12-06","67.1198878597904"
"1994-12-07","15.9870985555442"
"1994-12-08","17.2691853056738"
"1994-12-09","25.8102895769722"
"1994-12-10","24.2017524810064"
"1994-12-11","30.7275163807394"
"1994-12-12","60.1871857085785"
"1994-12-13","25.0852502393516"
"1994-12-14","32.3760927580136"
"1994-12-15","44.1601679583133"
"1994-12-16","49.9996096788547"
"1994-12-17","34.0151762776561"
"1994-12-18","34.8812378309506"
"1994-12-19","30.5910611544853"
"1994-12-20","18.1075984802081"
"1994-12-21","7.05129611492157"
"1994-12-22","23.9759148395423"
"1994-12-23","18.7769427526565"
"1994-12-24","15.2605799452051"
"1994-12-25","23.9207509152301"
"1994-12-26","34.6824195911358"
"1994-12-27","21.4606546839594"
"1994-12-28","80.3798024561498"
"1994-12-29","17.3323598919493"
"1994-12-30","13.5283623340326"
"1994-12-31","24.4088858278283"
"1995-01-01","23.5437557294771"
"1995-01-02","35.5808117193577"
"1995-01-03","20.5251550261592"
"1995-01-04","21.1849741337103"
"1995-01-05","5.53027707467348"
"1995-01-06","2.94492414064738"
"1995-01-07","11.0492185431641"
"1995-01-08","23.2163242158436"
"1995-01-09","19.762717531873"
"1995-01-10","22.5937230122554"
"1995-01-11","28.6692588112571"
"1995-01-12","37.1493612677504"
"1995-01-13","45.4662737990871"
"1995-01-14","14.8804891615203"
"1995-01-15","11.0978141574116"
"1995-01-16","20.0118015421417"
"1995-01-17","29.01086970738"
"1995-01-18","26.1481322168788"
"1995-01-19","29.0606566755287"
"1995-01-20","14.1544828373632"
"1995-01-21","21.0886021692515"
"1995-01-22","23.9783468618021"
"1995-01-23","16.1988608702953"
"1995-01-24","40.8909225629006"
"1995-01-25","21.336022913714"
"1995-01-26","14.5803697553032"
"1995-01-27","11.2246316501072"
"1995-01-28","9.32518703596932"
"1995-01-29","13.4009304892965"
"1995-01-30","21.9495480112183"
"1995-01-31","18.2418050518284"
"1995-02-01","27.080062445108"
"1995-02-02","23.9739679072326"
"1995-02-03","14.0358266396956"
"1995-02-04","24.2927643251625"
"1995-02-05","16.059573838205"
"1995-02-06","10.6469032981179"
"1995-02-07","18.7371152365879"
"1995-02-08","16.982070514134"
"1995-02-09","15.7579626975121"
"1995-02-10","16.3342617703723"
"1995-02-11","22.5217667369099"
"1995-02-12","29.7935291802212"
"1995-02-13","29.049076105093"
"1995-02-14","33.2895199994504"
"1995-02-15","34.8341767942751"
"1995-02-16","5.19187347171627"
"1995-02-17","15.3069773525387"
"1995-02-18","21.1984990644249"
"1995-02-19","18.4578935532343"
"1995-02-20","27.7356355345094"
"1995-02-21","21.9918677342402"
"1995-02-22","24.44237305282"
"1995-02-23","30.3983741281353"
"1995-02-24","31.6771075343673"
"1995-02-25","41.773544773911"
"1995-02-26","41.9602198167281"
"1995-02-27","14.4474518020432"
"1995-02-28","16.0205592159585"
"1995-03-01","21.7058767260927"
"1995-03-02","23.0696793469516"
"1995-03-03","26.3630973105823"
"1995-03-04","27.8247060239057"
"1995-03-05","27.9282894712506"
"1995-03-06","26.5797842859706"
"1995-03-07","17.800746203501"
"1995-03-08","7.38871415701263"
"1995-03-09","14.5306941410164"
"1995-03-10","13.1063443881609"
"1995-03-11","16.9947597949536"
"1995-03-12","17.8621485037205"
"1995-03-13","13.7436389221257"
"1995-03-14","11.0292533032306"
"1995-03-15","12.3324208135729"
"1995-03-16","15.4030299248633"
"1995-03-17","21.068578955415"
"1995-03-18","14.5642210064512"
"1995-03-19","8.97130658822658"
"1995-03-20","9.88881241604363"
"1995-03-21","9.53339717914532"
"1995-03-22","12.7165566667334"
"1995-03-23","13.522006356871"
"1995-03-24","16.8828246500585"
"1995-03-25","8.81092034789907"
"1995-03-26","10.8956839842198"
"1995-03-27","11.6225292754896"
"1995-03-28","7.49380847179528"
"1995-03-29","7.49555992564082"
"1995-03-30","8.56604407669662"
"1995-03-31","11.8702522624623"
"1995-04-01","11.3660896743015"
"1995-04-02","9.82878831557897"
"1995-04-03","10.432663634742"
"1995-04-04","8.50880118262716"
"1995-04-05","3.97107425499788"
"1995-04-06","4.25687010412092"
"1995-04-07","4.45273195690923"
"1995-04-08","2.50631798378059"
"1995-04-09","5.57949424822093"
"1995-04-10","6.99636183543639"
"1995-04-11","5.5591243686098"
"1995-04-12","5.08116203649736"
"1995-04-13","9.48529147895384"
"1995-04-14","11.150587627898"
"1995-04-15","16.9695653089713"
"1995-04-16","1.56948951938194"
"1995-04-17","1.46836826785818"
"1995-04-18","12.2497010014274"
"1995-04-19","4.48881164773718"
"1995-04-20","5.33120014141132"
"1995-04-21","4.37516065825632"
"1995-04-22","5.94149157133969"
"1995-04-23","13.6625307545517"
"1995-04-24","7.2138766169032"
"1995-04-25","4.48645344595888"
"1995-04-26","4.46960689546742"
"1995-04-27","5.61697639995839"
"1995-04-28","10.5355548363227"
"1995-04-29","19.2425777984388"
"1995-04-30","0.310000830624269"
"1995-05-01","0.184281558056414"
"1995-05-02","0.866403130096791"
"1995-05-03","1.77285470178117"
"1995-05-04","1.51325017897598"
"1995-05-05","2.62730578633098"
"1995-05-06","2.66915084544198"
"1995-05-07","2.92940941440079"
"1995-05-08","3.21805545442548"
"1995-05-09","3.21690333612037"
"1995-05-10","2.0671307189124"
"1995-05-11","4.34532864862706"
"1995-05-12","10.4049218991102"
"1995-05-13","3.8857494901011"
"1995-05-14","4.34618897819932"
"1995-05-15","3.01779487251719"
"1995-05-16","2.76245479872732"
"1995-05-17","4.07005012551427"
"1995-05-18","4.47559811903801"
"1995-05-19","2.88032574545253"
"1995-05-20","3.79795611369145"
"1995-05-21","3.51016898459686"
"1995-05-22","4.11024224603331"
"1995-05-23","4.37276590334905"
"1995-05-24","9.12037029101219"
"1995-05-25","1.39635959280518"
"1995-05-26","1.95751768702165"
"1995-05-27","2.03760661004168"
"1995-05-28","2.5260113039058"
"1995-05-29","2.17624355059165"
"1995-05-30","2.67114560093199"
"1995-05-31","2.37483738601466"
"1995-06-01","2.74831051021427"
"1995-06-02","2.64275664968408"
"1995-06-03","2.33297441674001"
"1995-06-04","3.49652793938979"
"1995-06-05","1.87313483868326"
"1995-06-06","0.257251750839092"
"1995-06-07","0.363763221027531"
"1995-06-08","0.314733397191415"
"1995-06-09","0.0629116257539753"
"1995-06-10","0.228516609282979"
"1995-06-11","0.447786077598989"
"1995-06-12","0.403557497733857"
"1995-06-13","0.411265631194239"
"1995-06-14","0.346858814229697"
"1995-06-15","1.05453179415428"
"1995-06-16","1.00198892629766"
"1995-06-17","1.73073329992625"
"1995-06-18","1.19834889606996"
"1995-06-19","1.43134926304673"
"1995-06-20","1.23640908075101"
"1995-06-21","1.46325829779947"
"1995-06-22","1.18877668698113"
"1995-06-23","2.37407192316922"
"1995-06-24","2.6470704264455"
"1995-06-25","2.50734732367776"
"1995-06-26","3.94756314351961"
"1995-06-27","1.09334340562552"
"1995-06-28","1.38951716704286"
"1995-06-29","2.90790057156509"
"1995-06-30","3.30682805554691"
"1995-07-01","0.70019489937982"
"1995-07-02","0.951106301569319"
"1995-07-03","2.21463810546058"
"1995-07-04","1.75017981263466"
"1995-07-05","1.22667716540299"
"1995-07-06","1.21490188762223"
"1995-07-07","1.16954051674186"
"1995-07-08","1.622483737799"
"1995-07-09","1.36182781060537"
"1995-07-10","1.45791638774789"
"1995-07-11","0.866600335547418"
"1995-07-12","0.385325970362017"
"1995-07-13","0.27941033652141"
"1995-07-14","0.332487895826757"
"1995-07-15","0.529015874353064"
"1995-07-16","1.01059423458009"
"1995-07-17","0.63117064187279"
"1995-07-18","1.37115873870524"
"1995-07-19","1.52357580780467"
"1995-07-20","1.30191674331824"
"1995-07-21","1.19356414069345"
"1995-07-22","0.638648298976225"
"1995-07-23","1.16383534689228"
"1995-07-24","1.34177023933563"
"1995-07-25","1.30076675368594"
"1995-07-26","1.71137730048332"
"1995-07-27","1.50998702529189"
"1995-07-28","2.2020363276139"
"1995-07-29","1.93617902947711"
"1995-07-30","3.98185710318677"
"1995-07-31","1.89170704214346"
"1995-08-01","1.56947949748019"
"1995-08-02","0.981971961563026"
"1995-08-03","1.23996170510203"
"1995-08-04","1.383582139041"
"1995-08-05","2.63109891110168"
"1995-08-06","2.85415256075013"
"1995-08-07","2.22933221843852"
"1995-08-08","2.44232238267923"
"1995-08-09","1.66746055163862"
"1995-08-10","1.90670137565373"
"1995-08-11","3.22122530555312"
"1995-08-12","2.91444789640831"
"1995-08-13","3.13375200956931"
"1995-08-14","4.18212856565203"
"1995-08-15","3.71035377390973"
"1995-08-16","4.58421384720575"
"1995-08-17","9.73989698277923"
"1995-08-18","3.6386403206623"
"1995-08-19","3.83435483618732"
"1995-08-20","8.33736727144811"
"1995-08-21","1.55364004254857"
"1995-08-22","3.70808990435167"
"1995-08-23","4.65916725825438"
"1995-08-24","5.83645295374321"
"1995-08-25","9.32426736261938"
"1995-08-26","3.5079526792873"
"1995-08-27","3.26562122710339"
"1995-08-28","2.50847481571751"
"1995-08-29","7.69259838830857"
"1995-08-30","3.98257038448796"
"1995-08-31","6.09813586354772"
"1995-09-01","4.67390447571164"
"1995-09-02","3.90277518441667"
"1995-09-03","8.5659479227933"
"1995-09-04","6.48299371834957"
"1995-09-05","3.90792924965615"
"1995-09-06","3.07296272170492"
"1995-09-07","2.83157737533767"
"1995-09-08","5.67314507538106"
"1995-09-09","1.86139800254401"
"1995-09-10","4.66512490815415"
"1995-09-11","2.81489393747214"
"1995-09-12","3.06284886417967"
"1995-09-13","12.3863540769139"
"1995-09-14","1.72278682635976"
"1995-09-15","3.14834858019115"
"1995-09-16","3.86642845523306"
"1995-09-17","4.43679669099453"
"1995-09-18","4.14766961723179"
"1995-09-19","6.18981454485939"
"1995-09-20","3.41986546113894"
"1995-09-21","4.2791618733179"
"1995-09-22","2.48443387519746"
"1995-09-23","1.6973255348928"
"1995-09-24","3.98576380293091"
"1995-09-25","4.61313265381437"
"1995-09-26","4.46679671399005"
"1995-09-27","6.68070795938566"
"1995-09-28","4.80210409019933"
"1995-09-29","3.97093699349985"
"1995-09-30","5.45312404529357"
"1995-10-01","3.96583260189403"
"1995-10-02","4.627603541721"
"1995-10-03","5.67002870819785"
"1995-10-04","3.70529636314937"
"1995-10-05","4.40848934134364"
"1995-10-06","6.86881493799614"
"1995-10-07","5.87586215667394"
"1995-10-08","4.81028499696162"
"1995-10-09","11.3519462527651"
"1995-10-10","22.0354351522603"
"1995-10-11","2.52664106026356"
"1995-10-12","6.90658248967423"
"1995-10-13","7.12521421857727"
"1995-10-14","4.13205612841107"
"1995-10-15","4.41026427477469"
"1995-10-16","10.3632726215181"
"1995-10-17","31.5229217562325"
"1995-10-18","8.91524793988182"
"1995-10-19","33.0651241773135"
"1995-10-20","6.56188082385373"
"1995-10-21","4.68740006545921"
"1995-10-22","2.56482229630152"
"1995-10-23","0.317822873656884"
"1995-10-24","1.12382339579718"
"1995-10-25","2.20782445080869"
"1995-10-26","3.37107477559672"
"1995-10-27","3.48350840213495"
"1995-10-28","1.25799180844645"
"1995-10-29","3.8742050525946"
"1995-10-30","4.19808011137562"
"1995-10-31","5.5093112177663"
"1995-11-01","11.7260465663233"
"1995-11-02","7.73715367977753"
"1995-11-03","4.37938705512456"
"1995-11-04","3.15766456736115"
"1995-11-05","3.3843366570803"
"1995-11-06","4.04867739491648"
"1995-11-07","2.91655990816814"
"1995-11-08","6.48356296231736"
"1995-11-09","20.4861760015612"
"1995-11-10","11.9678169473425"
"1995-11-11","5.32353388747096"
"1995-11-12","8.39449769593937"
"1995-11-13","12.9310024517439"
"1995-11-14","8.37817318718155"
"1995-11-15","4.96682531235022"
"1995-11-16","13.339618402126"
"1995-11-17","21.002612493771"
"1995-11-18","8.945975735074"
"1995-11-19","8.24274041023089"
"1995-11-20","9.47496961928033"
"1995-11-21","9.75227882335712"
"1995-11-22","11.5084702731211"
"1995-11-23","9.79496248872765"
"1995-11-24","12.0615810336489"
"1995-11-25","15.5154931163375"
"1995-11-26","36.9842880381134"
"1995-11-27","24.0462928582063"
"1995-11-28","14.5988136782791"
"1995-11-29","17.1166783617688"
"1995-11-30","14.7737368113035"
"1995-12-01","14.0056922569935"
"1995-12-02","15.9983813380782"
"1995-12-03","28.7848176130485"
"1995-12-04","10.6076719110662"
"1995-12-05","5.35879089718773"
"1995-12-06","14.3441711648718"
"1995-12-07","19.7820459341074"
"1995-12-08","23.3378744744635"
"1995-12-09","25.8903512789574"
"1995-12-10","17.2233149293181"
"1995-12-11","11.4656305457606"
"1995-12-12","11.0441546543336"
"1995-12-13","13.3591075418315"
"1995-12-14","15.0722715906251"
"1995-12-15","22.8802783520191"
"1995-12-16","22.0955297833397"
"1995-12-17","19.6205733864854"
"1995-12-18","15.4587473539047"
"1995-12-19","9.63328779724253"
"1995-12-20","10.4089579933133"
"1995-12-21","15.5059567942764"
"1995-12-22","14.3427474158151"
"1995-12-23","21.0310285328787"
"1995-12-24","12.4552717828131"
"1995-12-25","20.6296149786417"
"1995-12-26","25.5520734497995"
"1995-12-27","27.3895970464269"
"1995-12-28","12.0883100208266"
"1995-12-29","23.4704152226964"
"1995-12-30","23.6962491526748"
"1995-12-31","3.26175417296298"
"1996-01-01","1.94814555314712"
"1996-01-02","4.17866012286314"
"1996-01-03","7.27946201960246"
"1996-01-04","8.45606626163829"
"1996-01-05","15.5390959611703"
"1996-01-06","22.9843287447314"
"1996-01-07","13.5966482430825"
"1996-01-08","20.9127100907363"
"1996-01-09","18.294640086946"
"1996-01-10","22.6303750488149"
"1996-01-11","31.0932846564751"
"1996-01-12","25.9770853529761"
"1996-01-13","37.3472597361643"
"1996-01-14","43.9110512176117"
"1996-01-15","26.2602090133733"
"1996-01-16","21.7956492064835"
"1996-01-17","26.2130865699801"
"1996-01-18","22.9310404170643"
"1996-01-19","19.4024329288697"
"1996-01-20","26.4746909244752"
"1996-01-21","11.1506332112597"
"1996-01-22","12.854268794452"
"1996-01-23","14.3179173696609"
"1996-01-24","31.6161364270495"
"1996-01-25","18.9308330032217"
"1996-01-26","19.5740223591462"
"1996-01-27","10.3567753292265"
"1996-01-28","20.6470606296093"
"1996-01-29","23.4111650351322"
"1996-01-30","31.9861891857989"
"1996-01-31","33.3692865825835"
"1996-02-01","13.0181309980748"
"1996-02-02","13.2622762490145"
"1996-02-03","11.135057208858"
"1996-02-04","19.7881768998646"
"1996-02-05","25.4138973946179"
"1996-02-06","24.8847085449087"
"1996-02-07","49.5079972651098"
"1996-02-08","5.52353833041666"
"1996-02-09","1.3692393208737"
"1996-02-10","3.08635403789999"
"1996-02-11","6.41483101029417"
"1996-02-12","12.5412065745432"
"1996-02-13","23.5803737599096"
"1996-02-14","33.6381507146926"
"1996-02-15","36.7491363591446"
"1996-02-16","27.0677136012486"
"1996-02-17","39.9322320517007"
"1996-02-18","20.780594057851"
"1996-02-19","19.6785339338955"
"1996-02-20","30.98748620764"
"1996-02-21","20.8709292184739"
"1996-02-22","26.0180062050427"
"1996-02-23","20.7664528471051"
"1996-02-24","22.5234200737693"
"1996-02-25","20.4562877638515"
"1996-02-26","34.3810109142617"
"1996-02-27","1.38816635252593"
"1996-02-28","3.01061141852177"
"1996-02-29","6.06770203639935"
"1996-03-01","7.37338327019762"
"1996-03-02","7.83583558070195"
"1996-03-03","15.0710763642282"
"1996-03-04","19.2096284932388"
"1996-03-05","25.2781502364518"
"1996-03-06","19.3746256229681"
"1996-03-07","22.5611810353927"
"1996-03-08","12.4541102405234"
"1996-03-09","13.9641002205027"
"1996-03-10","15.2300353731428"
"1996-03-11","18.6384581446132"
"1996-03-12","21.8276691849614"
"1996-03-13","35.2511287210308"
"1996-03-14","21.5863467336217"
"1996-03-15","51.5961411050904"
"1996-03-16","3.75596634650127"
"1996-03-17","5.66304395260749"
"1996-03-18","4.47206899252805"
"1996-03-19","5.38145558658616"
"1996-03-20","10.5166557856968"
"1996-03-21","8.26869818142482"
"1996-03-22","9.09458826733874"
"1996-03-23","9.45356227618791"
"1996-03-24","15.245682576002"
"1996-03-25","30.7003519545386"
"1996-03-26","17.2518994674022"
"1996-03-27","16.0346707802314"
"1996-03-28","20.664527827011"
"1996-03-29","9.25300421343221"
"1996-03-30","1.84976847244031"
"1996-03-31","4.60803428150359"
"1996-04-01","8.96890650270305"
"1996-04-02","7.04343381485382"
"1996-04-03","6.66219507667409"
"1996-04-04","5.74901760398568"
"1996-04-05","6.09670090365719"
"1996-04-06","13.5765205069538"
"1996-04-07","6.54645419533635"
"1996-04-08","6.59213492261383"
"1996-04-09","5.66924428733396"
"1996-04-10","5.98434369130568"
"1996-04-11","8.49745772308085"
"1996-04-12","9.71209237895487"
"1996-04-13","6.41881777559008"
"1996-04-14","2.21188711662055"
"1996-04-15","2.63376394868929"
"1996-04-16","7.10221201104003"
"1996-04-17","5.09733496367673"
"1996-04-18","7.80713205110459"
"1996-04-19","3.56457497805228"
"1996-04-20","6.47150073681043"
"1996-04-21","9.84778522619437"
"1996-04-22","5.78821580389361"
"1996-04-23","11.3135321212537"
"1996-04-24","9.81159360997088"
"1996-04-25","3.95510148253792"
"1996-04-26","5.39050936079644"
"1996-04-27","12.4039621229296"
"1996-04-28","8.11036128502388"
"1996-04-29","7.05582717590002"
"1996-04-30","7.69226244104889"
"1996-05-01","6.59870271352462"
"1996-05-02","8.14801633306396"
"1996-05-03","9.0181378750574"
"1996-05-04","9.30325684093294"
"1996-05-05","2.85061723458302"
"1996-05-06","3.38489606112113"
"1996-05-07","5.46435161534842"
"1996-05-08","4.67370263064578"
"1996-05-09","12.1087783962101"
"1996-05-10","21.7205529729009"
"1996-05-11","3.85802520405162"
"1996-05-12","1.58819150937584"
"1996-05-13","4.04700393542583"
"1996-05-14","3.58922181913863"
"1996-05-15","3.0257330498138"
"1996-05-16","4.22201630150601"
"1996-05-17","7.2218342198954"
"1996-05-18","6.4142877539515"
"1996-05-19","4.20168520619859"
"1996-05-20","4.92578852589512"
"1996-05-21","4.10790419217312"
"1996-05-22","3.26515016179064"
"1996-05-23","2.90052639870417"
"1996-05-24","3.54354039105502"
"1996-05-25","2.60691591026463"
"1996-05-26","3.49736481259912"
"1996-05-27","3.1224196344227"
"1996-05-28","3.27206848452102"
"1996-05-29","3.48633949426346"
"1996-05-30","2.84845346522022"
"1996-05-31","5.21463709734219"
"1996-06-01","9.07463926567144"
"1996-06-02","1.87301006500339"
"1996-06-03","3.59651934455484"
"1996-06-04","0.407663808546928"
"1996-06-05","0.558598624840701"
"1996-06-06","1.3999089798628"
"1996-06-07","2.38635834690296"
"1996-06-08","2.0024919575685"
"1996-06-09","2.70981938162923"
"1996-06-10","2.76072117157313"
"1996-06-11","3.02802655810402"
"1996-06-12","3.16878528486599"
"1996-06-13","3.13652311259018"
"1996-06-14","3.29736110400328"
"1996-06-15","3.18608172399141"
"1996-06-16","4.85863534970717"
"1996-06-17","3.67124021543569"
"1996-06-18","0.39921937400709"
"1996-06-19","1.04402266378269"
"1996-06-20","0.991666416359412"
"1996-06-21","2.72763856922909"
"1996-06-22","3.43778835333787"
"1996-06-23","0.736592288705565"
"1996-06-24","1.1646639917578"
"1996-06-25","3.10962249061246"
"1996-06-26","2.04039516974063"
"1996-06-27","1.54057444490138"
"1996-06-28","2.1036874635137"
"1996-06-29","1.55995079591161"
"1996-06-30","1.39809707539293"
"1996-07-01","2.78174647134104"
"1996-07-02","2.42352615135573"
"1996-07-03","2.90104134232451"
"1996-07-04","2.38154133702769"
"1996-07-05","0.170692541608305"
"1996-07-06","1.09201893565201"
"1996-07-07","1.21339937696209"
"1996-07-08","1.42802255262028"
"1996-07-09","1.38785831468962"
"1996-07-10","1.36827649118064"
"1996-07-11","0.380508739646379"
"1996-07-12","1.01870454802658"
"1996-07-13","1.38132969693188"
"1996-07-14","2.12600477433308"
"1996-07-15","1.5549470468775"
"1996-07-16","1.40409722846824"
"1996-07-17","0.489248228602079"
"1996-07-18","2.92523007914101"
"1996-07-19","0.390526434205053"
"1996-07-20","1.34079910537381"
"1996-07-21","0.84402359815645"
"1996-07-22","2.09216250692095"
"1996-07-23","1.3206765060817"
"1996-07-24","2.84285720757076"
"1996-07-25","2.1551145258404"
"1996-07-26","1.33362514528877"
"1996-07-27","1.92921072683293"
"1996-07-28","0.703544158569146"
"1996-07-29","1.46492639712957"
"1996-07-30","2.08078065695185"
"1996-07-31","2.53924998266872"
"1996-08-01","0.496147382085199"
"1996-08-02","1.28654210398466"
"1996-08-03","1.70446197643425"
"1996-08-04","1.02307774755475"
"1996-08-05","1.3298995400017"
"1996-08-06","1.46540186531616"
"1996-08-07","1.13596500017684"
"1996-08-08","1.28479976210243"
"1996-08-09","1.50863861521601"
"1996-08-10","1.71690762739677"
"1996-08-11","4.83966104705612"
"1996-08-12","2.24765794282352"
"1996-08-13","4.41383690648265"
"1996-08-14","1.37304418001856"
"1996-08-15","2.13018463622956"
"1996-08-16","3.44856539226714"
"1996-08-17","1.5156977273427"
"1996-08-18","2.18806397514942"
"1996-08-19","1.85709801690403"
"1996-08-20","1.84700831654784"
"1996-08-21","1.96616130783444"
"1996-08-22","0.746099297489439"
"1996-08-23","1.23996540336382"
"1996-08-24","3.38324945571619"
"1996-08-25","3.52723258759552"
"1996-08-26","3.44298014599523"
"1996-08-27","0.593138025501074"
"1996-08-28","2.04010417992935"
"1996-08-29","2.14679510562451"
"1996-08-30","2.85203609064028"
"1996-08-31","3.75719495665975"
"1996-09-01","3.45835561979385"
"1996-09-02","5.56842656156201"
"1996-09-03","2.85545456977118"
"1996-09-04","6.27195566557187"
"1996-09-05","2.70115737584762"
"1996-09-06","2.93892577664677"
"1996-09-07","8.04939092805375"
"1996-09-08","4.73579997262913"
"1996-09-09","8.60916636206887"
"1996-09-10","3.55280145370599"
"1996-09-11","13.7137503479466"
"1996-09-12","1.94413723238619"
"1996-09-13","3.10661985270389"
"1996-09-14","1.91667748568378"
"1996-09-15","6.32980056294115"
"1996-09-16","8.24027990056323"
"1996-09-17","4.74835662356703"
"1996-09-18","13.4087425847074"
"1996-09-19","0.54216308162842"
"1996-09-20","1.57039846125103"
"1996-09-21","1.97774336554787"
"1996-09-22","18.1313563879434"
"1996-09-23","3.50218939110314"
"1996-09-24","3.64663023917706"
"1996-09-25","5.65652547563825"
"1996-09-26","2.64956697499081"
"1996-09-27","1.90001202687557"
"1996-09-28","4.17144792575341"
"1996-09-29","0.164191743963725"
"1996-09-30","0.365578322215772"
"1996-10-01","0.593370150387674"
"1996-10-02","1.01703159562695"
"1996-10-03","1.61526681140904"
"1996-10-04","5.10121344229876"
"1996-10-05","0.826531351999545"
"1996-10-06","1.6004218366239"
"1996-10-07","2.09931462461298"
"1996-10-08","2.26234213485346"
"1996-10-09","3.29778604951256"
"1996-10-10","5.60883310088864"
"1996-10-11","15.4436251735274"
"1996-10-12","3.39273149058932"
"1996-10-13","2.65004487651767"
"1996-10-14","3.36358415461206"
"1996-10-15","15.789463295049"
"1996-10-16","6.36883644520978"
"1996-10-17","4.9210166327365"
"1996-10-18","7.85554940772779"
"1996-10-19","6.8084488596235"
"1996-10-20","5.15696574702407"
"1996-10-21","5.48963308437562"
"1996-10-22","5.14322126685799"
"1996-10-23","11.2221928117595"
"1996-10-24","18.8166166569763"
"1996-10-25","4.69566885888318"
"1996-10-26","6.28298892293658"
"1996-10-27","6.82094589869181"
"1996-10-28","6.78406745634038"
"1996-10-29","6.21532521619425"
"1996-10-30","5.43908448239942"
"1996-10-31","8.04219457287809"
"1996-11-01","12.6452791907571"
"1996-11-02","20.0887179560476"
"1996-11-03","2.83593651820055"
"1996-11-04","9.72437839384203"
"1996-11-05","9.47587972182732"
"1996-11-06","7.54389623130039"
"1996-11-07","12.0449087403037"
"1996-11-08","15.189019929795"
"1996-11-09","13.1291811971953"
"1996-11-10","12.8826023448597"
"1996-11-11","8.108269993877"
"1996-11-12","5.54901439699776"
"1996-11-13","37.265630193603"
"1996-11-14","14.59816532424"
"1996-11-15","10.0420364156946"
"1996-11-16","16.709392176046"
"1996-11-17","8.46741715034881"
"1996-11-18","9.74748922839309"
"1996-11-19","8.42680346398127"
"1996-11-20","13.2377169576042"
"1996-11-21","9.37894716923371"
"1996-11-22","13.8896886982443"
"1996-11-23","17.7481027702232"
"1996-11-24","22.4332710943181"
"1996-11-25","50.1924040658133"
"1996-11-26","12.7751526068815"
"1996-11-27","16.3299412500291"
"1996-11-28","15.4660652313398"
"1996-11-29","13.6670386863477"
"1996-11-30","15.6525741428524"
"1996-12-01","6.89771647267527"
"1996-12-02","10.7089113022858"
"1996-12-03","11.8920262830082"
"1996-12-04","14.872069918232"
"1996-12-05","18.4739275556622"
"1996-12-06","3.06131084708424"
"1996-12-07","11.3369871543083"
"1996-12-08","18.9927483936409"
"1996-12-09","10.0522900159225"
"1996-12-10","11.3096526247082"
"1996-12-11","17.9386898263708"
"1996-12-12","18.6656996347171"
"1996-12-13","33.7641887582226"
"1996-12-14","24.113597250604"
"1996-12-15","31.8098568771825"
"1996-12-16","13.2024831338362"
"1996-12-17","10.2241017735882"
"1996-12-18","13.2555331275577"
"1996-12-19","14.5352102626454"
"1996-12-20","14.6849002384004"
"1996-12-21","38.3974630677855"
"1996-12-22","26.8575298899696"
"1996-12-23","22.4486929575602"
"1996-12-24","32.2014657057725"
"1996-12-25","14.7237263737303"
"1996-12-26","20.2468473137199"
"1996-12-27","19.0739350298266"
"1996-12-28","27.9575935958268"
"1996-12-29","19.809601313108"
"1996-12-30","26.0731666284206"
"1996-12-31","18.7919474680186"
"1997-01-01","27.30560512873"
"1997-01-02","31.9996311303341"
"1997-01-03","33.636836097354"
"1997-01-04","34.0735569495659"
"1997-01-05","48.8660346522476"
"1997-01-06","52.6183903516629"
"1997-01-07","19.8720611927313"
"1997-01-08","18.4900878931021"
"1997-01-09","30.680534882979"
"1997-01-10","35.6944905235654"
"1997-01-11","32.468695479554"
"1997-01-12","28.2657422812986"
"1997-01-13","29.7502147707588"
"1997-01-14","37.2613284618824"
"1997-01-15","11.0494442853061"
"1997-01-16","21.1725378614483"
"1997-01-17","27.0058237918012"
"1997-01-18","33.0272014915169"
"1997-01-19","30.1791247908687"
"1997-01-20","52.207982678434"
"1997-01-21","40.0425699489973"
"1997-01-22","1.41793044511374"
"1997-01-23","5.56077810541376"
"1997-01-24","10.6056819653614"
"1997-01-25","16.1218896799789"
"1997-01-26","15.8740772519793"
"1997-01-27","11.665030702368"
"1997-01-28","7.15548587929119"
"1997-01-29","12.4094574606264"
"1997-01-30","19.4513268202414"
"1997-01-31","23.4824954400331"
"1997-02-01","19.1981900285333"
"1997-02-02","29.1170291983204"
"1997-02-03","33.6797783178685"
"1997-02-04","35.7044190576066"
"1997-02-05","46.514122356068"
"1997-02-06","29.7911352925486"
"1997-02-07","19.8092778606332"
"1997-02-08","9.64662734873883"
"1997-02-09","11.9911605837025"
"1997-02-10","10.7225997447968"
"1997-02-11","18.5714303755657"
"1997-02-12","21.3259798850848"
"1997-02-13","34.3428184790013"
"1997-02-14","26.4786803588207"
"1997-02-15","47.5434862855193"
"1997-02-16","33.0209930221756"
"1997-02-17","37.5011847855209"
"1997-02-18","44.8594232369295"
"1997-02-19","31.7157436387363"
"1997-02-20","50.5217970150374"
"1997-02-21","23.0051086599177"
"1997-02-22","41.7412932755111"
"1997-02-23","14.9375035236408"
"1997-02-24","21.589417156203"
"1997-02-25","20.3754956299092"
"1997-02-26","15.8027883298469"
"1997-02-27","19.2588779606344"
"1997-02-28","22.5955334824401"
"1997-03-01","11.0269055139451"
"1997-03-02","10.0021589978949"
"1997-03-03","16.6140647822128"
"1997-03-04","17.2972536830159"
"1997-03-05","25.3086371401172"
"1997-03-06","11.3799899997133"
"1997-03-07","20.5009885309062"
"1997-03-08","19.3507267634074"
"1997-03-09","17.9711676593467"
"1997-03-10","17.2319942532164"
"1997-03-11","23.9280752041639"
"1997-03-12","26.039630373835"
"1997-03-13","13.8909557536567"
"1997-03-14","14.9972828745326"
"1997-03-15","11.1886400536541"
"1997-03-16","7.90843462944031"
"1997-03-17","12.5573804285619"
"1997-03-18","30.7340869738426"
"1997-03-19","21.796196945818"
"1997-03-20","9.14124517936211"
"1997-03-21","8.92907498099587"
"1997-03-22","12.6811682961204"
"1997-03-23","6.47178599225494"
"1997-03-24","6.12378111546174"
"1997-03-25","6.56865914662679"
"1997-03-26","11.3854298694825"
"1997-03-27","44.9538523934104"
"1997-03-28","10.2468104630838"
"1997-03-29","10.5613238945668"
"1997-03-30","14.9017059854615"
"1997-03-31","13.3950212693318"
"1997-04-01","13.6747133742163"
"1997-04-02","6.92066820772179"
"1997-04-03","11.2437296078835"
"1997-04-04","11.4859677104207"
"1997-04-05","6.56085140880568"
"1997-04-06","12.662729149773"
"1997-04-07","9.41209057812051"
"1997-04-08","7.35022390869273"
"1997-04-09","5.17090512715377"
"1997-04-10","6.1119754273138"
"1997-04-11","11.8540380279739"
"1997-04-12","16.3844893277982"
"1997-04-13","33.0597457638035"
"1997-04-14","8.81419340253392"
"1997-04-15","9.87756687428528"
"1997-04-16","15.056039364307"
"1997-04-17","8.19413492999552"
"1997-04-18","5.59197074407107"
"1997-04-19","6.68182513827369"
"1997-04-20","6.64028305718393"
"1997-04-21","19.3489773531497"
"1997-04-22","8.37850876081557"
"1997-04-23","15.8518339318114"
"1997-04-24","8.95983788461396"
"1997-04-25","10.8809986073217"
"1997-04-26","9.45593786858893"
"1997-04-27","17.8661882392256"
"1997-04-28","33.2170107540114"
"1997-04-29","17.6067109706598"
"1997-04-30","22.3638356031277"
"1997-05-01","17.7383541668648"
"1997-05-02","4.40442636260739"
"1997-05-03","1.33988331993679"
"1997-05-04","0.559504896079823"
"1997-05-05","1.86854538308594"
"1997-05-06","1.14954962397551"
"1997-05-07","3.37529516865165"
"1997-05-08","3.1289539290713"
"1997-05-09","4.18914635795535"
"1997-05-10","4.01894669021879"
"1997-05-11","4.10982324937721"
"1997-05-12","4.31241118237054"
"1997-05-13","3.21536953392483"
"1997-05-14","3.18304037841368"
"1997-05-15","3.11471287977128"
"1997-05-16","3.72030700336803"
"1997-05-17","6.42072771999227"
"1997-05-18","2.65821344898893"
"1997-05-19","4.03289347551602"
"1997-05-20","5.32760769361025"
"1997-05-21","2.20876654789045"
"1997-05-22","2.28272487461825"
"1997-05-23","3.5360165486088"
"1997-05-24","3.50414029241124"
"1997-05-25","4.85865841799484"
"1997-05-26","1.79446550300627"
"1997-05-27","4.51519765043671"
"1997-05-28","7.07709301292122"
"1997-05-29","2.58803868138945"
"1997-05-30","3.58772225194163"
"1997-05-31","3.83441130449246"
"1997-06-01","3.62845174781172"
"1997-06-02","5.80359738781339"
"1997-06-03","9.9991676012675"
"1997-06-04","13.412722189189"
"1997-06-05","18.4957910760657"
"1997-06-06","6.36928189936138"
"1997-06-07","2.67575550001937"
"1997-06-08","2.72925374440817"
"1997-06-09","2.00186449869887"
"1997-06-10","3.40833797341301"
"1997-06-11","6.67302241057028"
"1997-06-12","3.48557915522423"
"1997-06-13","2.65961885942525"
"1997-06-14","1.61406919192442"
"1997-06-15","3.36214878703609"
"1997-06-16","3.27796858549118"
"1997-06-17","2.65511460324903"
"1997-06-18","2.90393883996196"
"1997-06-19","3.45097971168947"
"1997-06-20","5.90680699018173"
"1997-06-21","3.40265973512228"
"1997-06-22","1.95771812670159"
"1997-06-23","1.68490084438097"
"1997-06-24","3.76080015701649"
"1997-06-25","4.8944106974127"
"1997-06-26","3.40628231062001"
"1997-06-27","4.64375663087482"
"1997-06-28","5.06403853573324"
"1997-06-29","3.80110183990363"
"1997-06-30","2.82807997578666"
"1997-07-01","2.84470158712172"
"1997-07-02","2.57631475391326"
"1997-07-03","4.91576585676763"
"1997-07-04","4.57366708862833"
"1997-07-05","4.77146891907696"
"1997-07-06","5.02981299290925"
"1997-07-07","12.0772173167307"
"1997-07-08","6.04103476918621"
"1997-07-09","3.60685612241943"
"1997-07-10","2.80100628359493"
"1997-07-11","2.22680388797413"
"1997-07-12","2.91862692358174"
"1997-07-13","4.75742706591949"
"1997-07-14","7.60071130954858"
"1997-07-15","2.77944886839235"
"1997-07-16","2.77641526832209"
"1997-07-17","2.31044653535405"
"1997-07-18","3.07241440645028"
"1997-07-19","3.16118957237764"
"1997-07-20","3.42432450396674"
"1997-07-21","5.22830746648632"
"1997-07-22","2.90147156271584"
"1997-07-23","2.36292835141157"
"1997-07-24","3.45414754270991"
"1997-07-25","10.1240470615816"
"1997-07-26","6.13967757668846"
"1997-07-27","3.67805959677799"
"1997-07-28","6.9965836243196"
"1997-07-29","4.95560950840706"
"1997-07-30","5.47715537527423"
"1997-07-31","4.61350862701218"
"1997-08-01","4.02035993389237"
"1997-08-02","3.41542235494176"
"1997-08-03","4.75154270909049"
"1997-08-04","7.61336653418355"
"1997-08-05","7.6476970874902"
"1997-08-06","14.8507442133767"
"1997-08-07","0.872635372144319"
"1997-08-08","0.889141878717906"
"1997-08-09","1.6308097574876"
"1997-08-10","5.01384119708817"
"1997-08-11","0.688267932051704"
"1997-08-12","1.06034069679258"
"1997-08-13","1.80078386808887"
"1997-08-14","3.2019011940791"
"1997-08-15","8.16314993482647"
"1997-08-16","21.0076748468143"
"1997-08-17","11.6278983948035"
"1997-08-18","4.09399454805242"
"1997-08-19","4.63310059582516"
"1997-08-20","3.98128150680881"
"1997-08-21","4.9884783834606"
"1997-08-22","7.21561453662393"
"1997-08-23","5.74520555125687"
"1997-08-24","3.29153578454282"
"1997-08-25","2.98757954580443"
"1997-08-26","4.8611010483333"
"1997-08-27","3.06605141967922"
"1997-08-28","5.66942908547141"
"1997-08-29","7.63864882271011"
"1997-08-30","4.0286068245446"
"1997-08-31","3.79482748627147"
"1997-09-01","1.70838725166919"
"1997-09-02","0.172102710965908"
"1997-09-03","0.610200101775782"
"1997-09-04","1.16309734972524"
"1997-09-05","2.02619817104691"
"1997-09-06","3.06628061502011"
"1997-09-07","1.6102193738475"
"1997-09-08","1.19186591966586"
"1997-09-09","1.64161945518219"
"1997-09-10","2.49378258815575"
"1997-09-11","2.44942345712092"
"1997-09-12","3.06398193763964"
"1997-09-13","4.56078551238749"
"1997-09-14","0.810234928479442"
"1997-09-15","0.426535542264129"
"1997-09-16","1.49530440078669"
"1997-09-17","2.52308165485209"
"1997-09-18","3.14575712247328"
"1997-09-19","0.612284586414114"
"1997-09-20","2.72788750596377"
"1997-09-21","3.16828791042427"
"1997-09-22","4.42613245966115"
"1997-09-23","5.59237827263869"
"1997-09-24","4.23316863398531"
"1997-09-25","4.86515848151533"
"1997-09-26","3.2267049236215"
"1997-09-27","3.64111191627783"
"1997-09-28","5.38053630698811"
"1997-09-29","3.95366534319791"
"1997-09-30","4.43551776316259"
"1997-10-01","12.9960409284154"
"1997-10-02","4.4550665570544"
"1997-10-03","5.23168500419303"
"1997-10-04","4.56102571239719"
"1997-10-05","5.25320289558146"
"1997-10-06","7.21005983786149"
"1997-10-07","5.65801476400136"
"1997-10-08","4.73401222858594"
"1997-10-09","11.3547843627599"
"1997-10-10","29.7596978356828"
"1997-10-11","32.5036871938994"
"1997-10-12","8.78105077392611"
"1997-10-13","4.4251313606898"
"1997-10-14","18.846392239327"
"1997-10-15","5.99566217934414"
"1997-10-16","6.721889858122"
"1997-10-17","7.63707332384019"
"1997-10-18","6.67850844065348"
"1997-10-19","6.10796911375863"
"1997-10-20","8.06341912013628"
"1997-10-21","11.0132245398187"
"1997-10-22","4.71312630021727"
"1997-10-23","8.04747788317792"
"1997-10-24","22.431368497543"
"1997-10-25","22.573582640974"
"1997-10-26","36.5899681239933"
"1997-10-27","5.94342265449045"
"1997-10-28","14.935617308596"
"1997-10-29","8.81496569191739"
"1997-10-30","7.40206388529245"
"1997-10-31","0.758375593400621"
"1997-11-01","1.98109025517841"
"1997-11-02","2.78066575346571"
"1997-11-03","5.22155384687118"
"1997-11-04","4.82810672588679"
"1997-11-05","8.04300510264062"
"1997-11-06","16.1502721732829"
"1997-11-07","13.8687248735717"
"1997-11-08","12.2698031018823"
"1997-11-09","12.3609622649816"
"1997-11-10","14.4056097501284"
"1997-11-11","1.51146393904696"
"1997-11-12","3.74621962984919"
"1997-11-13","9.75611612703893"
"1997-11-14","0.899115499996004"
"1997-11-15","4.6556765803527"
"1997-11-16","8.19405863914655"
"1997-11-17","6.67406603784272"
"1997-11-18","7.79269245383027"
"1997-11-19","8.02980837264618"
"1997-11-20","8.90663713810248"
"1997-11-21","18.0523531323388"
"1997-11-22","43.1403628427745"
"1997-11-23","20.5529353856008"
"1997-11-24","20.5267112864044"
"1997-11-25","37.189659465443"
"1997-11-26","49.984297739995"
"1997-11-27","34.5142027330605"
"1997-11-28","19.0542994742786"
"1997-11-29","20.2511941282264"
"1997-11-30","13.4444346097641"
"1997-12-01","22.838435713863"
"1997-12-02","18.8192492811195"
"1997-12-03","13.5991025425139"
"1997-12-04","15.4719011959059"
"1997-12-05","19.2850912742284"
"1997-12-06","8.48577578862508"
"1997-12-07","15.0482626023231"
"1997-12-08","23.2325289342311"
"1997-12-09","23.6762532403459"
"1997-12-10","25.7018957798615"
"1997-12-11","24.1067922559135"
"1997-12-12","41.8446726282954"
"1997-12-13","23.9974417913528"
"1997-12-14","21.6405048783207"
"1997-12-15","25.077627058153"
"1997-12-16","16.7512231182742"
"1997-12-17","22.5098359863479"
"1997-12-18","5.84563824831149"
"1997-12-19","14.7673484732062"
"1997-12-20","29.2557861485007"
"1997-12-21","35.9081242218678"
"1997-12-22","24.3468151670514"
"1997-12-23","19.1483747185051"
"1997-12-24","13.9520581067899"
"1997-12-25","28.4660911642628"
"1997-12-26","18.8501985062768"
"1997-12-27","23.5354172553851"
"1997-12-28","27.452703385126"
"1997-12-29","52.3606921604701"
"1997-12-30","53.9889542881028"
"1997-12-31","47.2477179358016"
"1998-01-01","55.5743001797499"
"1998-01-02","31.3194761647807"
"1998-01-03","25.5672824372461"
"1998-01-04","29.8681372440223"
"1998-01-05","29.5462751347265"
"1998-01-06","25.1002928085657"
"1998-01-07","3.54716875646021"
"1998-01-08","8.53735325449989"
"1998-01-09","5.12349339790674"
"1998-01-10","10.2227241755564"
"1998-01-11","20.7402081138644"
"1998-01-12","20.5810914679523"
"1998-01-13","11.1072455520754"
"1998-01-14","19.9292492020182"
"1998-01-15","11.9566968545253"
"1998-01-16","17.9171836923211"
"1998-01-17","60.0585710269548"
"1998-01-18","16.5953425390896"
"1998-01-19","20.3570082858527"
"1998-01-20","19.7799615859985"
"1998-01-21","28.0828100179697"
"1998-01-22","41.4211462937392"
"1998-01-23","25.1945600881205"
"1998-01-24","22.2947099157226"
"1998-01-25","9.43429709100104"
"1998-01-26","23.8972513975003"
"1998-01-27","23.3053445320625"
"1998-01-28","10.7558715746"
"1998-01-29","15.6850626520264"
"1998-01-30","14.9216855656017"
"1998-01-31","30.4964494003362"
"1998-02-01","41.9971701221549"
"1998-02-02","43.9494560951794"
"1998-02-03","24.4750905470415"
"1998-02-04","32.8245134147215"
"1998-02-05","38.9904781523205"
"1998-02-06","21.7752966117033"
"1998-02-07","6.47087125241498"
"1998-02-08","2.04069784993217"
"1998-02-09","5.97134566100645"
"1998-02-10","9.6837548404545"
"1998-02-11","22.6121410683636"
"1998-02-12","26.1031491333272"
"1998-02-13","18.6639025510648"
"1998-02-14","22.5273535839923"
"1998-02-15","10.7241690086596"
"1998-02-16","5.86334350408414"
"1998-02-17","11.6983016889333"
"1998-02-18","54.32311716121"
"1998-02-19","35.1712557887618"
"1998-02-20","21.5330393283398"
"1998-02-21","16.5158996086616"
"1998-02-22","24.8000673112415"
"1998-02-23","18.8399878126202"
"1998-02-24","32.1089321565834"
"1998-02-25","45.0429614178546"
"1998-02-26","92.5417317972555"
"1998-02-27","20.4488720460372"
"1998-02-28","17.7761912779375"
"1998-03-01","18.7113167073303"
"1998-03-02","28.2889295553232"
"1998-03-03","39.4099102763386"
"1998-03-04","25.1315896459472"
"1998-03-05","16.2352327000011"
"1998-03-06","13.839486163416"
"1998-03-07","16.7105868285869"
"1998-03-08","29.7899196839436"
"1998-03-09","32.5552455026866"
"1998-03-10","37.0125840504964"
"1998-03-11","43.7254553130179"
"1998-03-12","43.1952021875423"
"1998-03-13","15.0554800983115"
"1998-03-14","10.2396214679206"
"1998-03-15","9.56660122272772"
"1998-03-16","15.3552721485947"
"1998-03-17","16.9992587143209"
"1998-03-18","14.7126932969857"
"1998-03-19","18.9068892714265"
"1998-03-20","47.1888803589396"
"1998-03-21","27.7193984242229"
"1998-03-22","73.2203913106547"
"1998-03-23","7.40050856685226"
"1998-03-24","14.4624687582899"
"1998-03-25","11.4549263359664"
"1998-03-26","15.8846815860633"
"1998-03-27","13.9983421507336"
"1998-03-28","10.4710960408826"
"1998-03-29","10.2642651244159"
"1998-03-30","7.55292271845268"
"1998-03-31","13.5611848315119"
"1998-04-01","9.28346864279214"
"1998-04-02","11.1249124787071"
"1998-04-03","14.1490777725781"
"1998-04-04","10.7285458040444"
"1998-04-05","15.421060178187"
"1998-04-06","18.3479378687871"
"1998-04-07","33.7153203477075"
"1998-04-08","13.0929729308917"
"1998-04-09","10.8696861205163"
"1998-04-10","6.36739146451413"
"1998-04-11","7.58771200510331"
"1998-04-12","1.37506128570218"
"1998-04-13","0.878350504742556"
"1998-04-14","1.88886434149432"
"1998-04-15","4.78191980809876"
"1998-04-16","6.27604265027232"
"1998-04-17","6.67151251241758"
"1998-04-18","7.00812373945723"
"1998-04-19","6.38807770338925"
"1998-04-20","0.31908665370051"
"1998-04-21","0.503572315267928"
"1998-04-22","1.46913753004817"
"1998-04-23","2.32081220727978"
"1998-04-24","4.50534718274038"
"1998-04-25","4.92028162541328"
"1998-04-26","2.07649110396316"
"1998-04-27","2.13315916899995"
"1998-04-28","2.97388084342469"
"1998-04-29","2.92283516477197"
"1998-04-30","4.95471001755108"
"1998-05-01","6.7024352509222"
"1998-05-02","5.60815049765946"
"1998-05-03","3.61461578999763"
"1998-05-04","2.59747476804824"
"1998-05-05","4.15834877475516"
"1998-05-06","5.74436734661911"
"1998-05-07","4.29429053073322"
"1998-05-08","5.15164559124868"
"1998-05-09","4.8907863164877"
"1998-05-10","7.54235737664359"
"1998-05-11","2.18500204790722"
"1998-05-12","1.73377649750544"
"1998-05-13","8.18068996549169"
"1998-05-14","4.81854248924173"
"1998-05-15","2.753226617456"
"1998-05-16","3.19343676298728"
"1998-05-17","3.87012918635364"
"1998-05-18","4.25324758616361"
"1998-05-19","8.17614514074284"
"1998-05-20","5.65869247784346"
"1998-05-21","3.93299478060239"
"1998-05-22","5.79760445196391"
"1998-05-23","5.70542004665771"
"1998-05-24","2.940372278551"
"1998-05-25","3.78436497331182"
"1998-05-26","4.48279926683996"
"1998-05-27","6.44096640023318"
"1998-05-28","9.39261221369624"
"1998-05-29","7.88905606022129"
"1998-05-30","4.57330524611783"
"1998-05-31","4.29439625440738"
"1998-06-01","4.14152655198977"
"1998-06-02","3.33658127635072"
"1998-06-03","4.74743584430579"
"1998-06-04","5.96669455885371"
"1998-06-05","10.335294044379"
"1998-06-06","0.575049506379412"
"1998-06-07","1.57653198420227"
"1998-06-08","1.72346088780469"
"1998-06-09","1.64081465765769"
"1998-06-10","2.07761834284444"
"1998-06-11","4.10470849765844"
"1998-06-12","1.95128324960088"
"1998-06-13","1.38370245033915"
"1998-06-14","3.02666900684307"
"1998-06-15","4.35648715857304"
"1998-06-16","3.47375029325485"
"1998-06-17","3.09842725285204"
"1998-06-18","2.9377917595756"
"1998-06-19","3.55624073769623"
"1998-06-20","4.80849188953251"
"1998-06-21","3.32018865935214"
"1998-06-22","3.18011075619495"
"1998-06-23","4.16139563750395"
"1998-06-24","4.34399322230062"
"1998-06-25","4.0346575642561"
"1998-06-26","2.23558660193439"
"1998-06-27","4.39716456927262"
"1998-06-28","1.85655798101838"
"1998-06-29","2.33840186100502"
"1998-06-30","4.08986958977464"
"1998-07-01","2.44312189925801"
"1998-07-02","3.08907103177273"
"1998-07-03","1.7292188337613"
"1998-07-04","4.58177791013346"
"1998-07-05","4.88405464325116"
"1998-07-06","1.30852366480734"
"1998-07-07","2.91392402796002"
"1998-07-08","3.7892590046445"
"1998-07-09","3.2059862730436"
"1998-07-10","2.26668812586116"
"1998-07-11","2.48706596018948"
"1998-07-12","2.18606733630746"
"1998-07-13","2.40023893608159"
"1998-07-14","3.29829532114458"
"1998-07-15","3.42134976748264"
"1998-07-16","3.11701194084052"
"1998-07-17","2.23841374390053"
"1998-07-18","3.31182428304251"
"1998-07-19","3.90585000587232"
"1998-07-20","1.80399241127493"
"1998-07-21","2.95544190891893"
"1998-07-22","3.43350612807583"
"1998-07-23","2.79761272694641"
"1998-07-24","3.61539976627796"
"1998-07-25","2.00134616458055"
"1998-07-26","0.267819923320503"
"1998-07-27","1.34406553860351"
"1998-07-28","0.377951681355893"
"1998-07-29","0.323252648502201"
"1998-07-30","0.779677606086968"
"1998-07-31","1.46604800443629"
"1998-08-01","1.36285113191708"
"1998-08-02","2.08428251743317"
"1998-08-03","2.32106088185723"
"1998-08-04","3.80637094804219"
"1998-08-05","2.78333245856421"
"1998-08-06","3.02584304463812"
"1998-08-07","4.06787934705809"
"1998-08-08","3.70248619844387"
"1998-08-09","3.10728755580398"
"1998-08-10","4.62306990148701"
"1998-08-11","1.46839144348582"
"1998-08-12","1.76001672846672"
"1998-08-13","1.67456201957418"
"1998-08-14","3.85987938250298"
"1998-08-15","4.26367659537823"
"1998-08-16","3.34696190749412"
"1998-08-17","1.51769625753551"
"1998-08-18","2.958740539365"
"1998-08-19","3.28523374068273"
"1998-08-20","2.61825338225344"
"1998-08-21","6.36960672403311"
"1998-08-22","7.69569508699112"
"1998-08-23","5.68087960889329"
"1998-08-24","4.82556259322476"
"1998-08-25","4.92291760186612"
"1998-08-26","7.15708795151153"
"1998-08-27","7.0981823520743"
"1998-08-28","5.0220535885204"
"1998-08-29","6.05783162901412"
"1998-08-30","3.58957878387336"
"1998-08-31","5.54754233773137"
"1998-09-01","8.41434727499495"
"1998-09-02","3.6502458512525"
"1998-09-03","3.78939600475939"
"1998-09-04","5.75591862072676"
"1998-09-05","5.87952521456268"
"1998-09-06","5.86883843409551"
"1998-09-07","4.97521454534489"
"1998-09-08","4.40389992457964"
"1998-09-09","4.79929948472357"
"1998-09-10","5.24576319966997"
"1998-09-11","3.82744050232363"
"1998-09-12","3.6026817820805"
"1998-09-13","2.17269670698808"
"1998-09-14","3.25168174950333"
"1998-09-15","4.57622016921188"
"1998-09-16","3.51973352597389"
"1998-09-17","8.14695288453783"
"1998-09-18","14.593357941805"
"1998-09-19","8.69181677892611"
"1998-09-20","4.86043862656597"
"1998-09-21","2.35239286236949"
"1998-09-22","3.50529986129695"
"1998-09-23","2.37720662013535"
"1998-09-24","2.80930429845403"
"1998-09-25","4.78529405026209"
"1998-09-26","10.5510242263992"
"1998-09-27","16.2380920705341"
"1998-09-28","21.1906135051281"
"1998-09-29","13.062234125096"
"1998-09-30","8.0948818142796"
"1998-10-01","30.5550639268124"
"1998-10-02","2.79432566160764"
"1998-10-03","3.86026519691789"
"1998-10-04","3.73941050579538"
"1998-10-05","14.3621098922961"
"1998-10-06","0.80086216014443"
"1998-10-07","1.57353623424258"
"1998-10-08","1.62868746005611"
"1998-10-09","2.64482606373308"
"1998-10-10","3.83069040661766"
"1998-10-11","5.05484731837269"
"1998-10-12","4.18526491019633"
"1998-10-13","6.06936340079163"
"1998-10-14","6.38745404889573"
"1998-10-15","6.34679773049953"
"1998-10-16","8.17221420977539"
"1998-10-17","26.4007931209746"
"1998-10-18","12.8690394694671"
"1998-10-19","5.03001472341034"
"1998-10-20","4.21538824797709"
"1998-10-21","3.68578479738979"
"1998-10-22","5.27347017005409"
"1998-10-23","9.68108641120778"
"1998-10-24","31.9147395261954"
"1998-10-25","17.8263892322392"
"1998-10-26","7.43929824271759"
"1998-10-27","6.38188586503396"
"1998-10-28","8.26793904221935"
"1998-10-29","9.42376409671007"
"1998-10-30","12.1677360885587"
"1998-10-31","10.9361729704456"
"1998-11-01","11.5150356684928"
"1998-11-02","13.9095660205527"
"1998-11-03","24.2707946414039"
"1998-11-04","28.5627733494812"
"1998-11-05","9.92641433699306"
"1998-11-06","10.4059061240324"
"1998-11-07","5.56972435336092"
"1998-11-08","9.63824648826153"
"1998-11-09","15.1513578324091"
"1998-11-10","13.0601426306225"
"1998-11-11","3.47040882822755"
"1998-11-12","1.07236164814724"
"1998-11-13","0.444079069823865"
"1998-11-14","2.46430843410554"
"1998-11-15","5.48253189098267"
"1998-11-16","6.71096114472393"
"1998-11-17","7.32947499875899"
"1998-11-18","9.4410417864333"
"1998-11-19","8.88559551775714"
"1998-11-20","11.0844908854662"
"1998-11-21","13.0673323781975"
"1998-11-22","9.63533981021865"
"1998-11-23","10.4905415923048"
"1998-11-24","17.3494219222626"
"1998-11-25","18.1845430089282"
"1998-11-26","27.4619436924592"
"1998-11-27","14.7141156258521"
"1998-11-28","4.60375004955184"
"1998-11-29","7.35891988834777"
"1998-11-30","8.36079870467578"
"1998-12-01","13.7172021762633"
"1998-12-02","51.2846623540441"
"1998-12-03","15.6238281530735"
"1998-12-04","10.624635999853"
"1998-12-05","10.2286270996193"
"1998-12-06","13.233205363864"
"1998-12-07","8.26260176262298"
"1998-12-08","15.226655161226"
"1998-12-09","25.0780256775034"
"1998-12-10","30.1692176174808"
"1998-12-11","45.476679533591"
"1998-12-12","48.9248833429246"
"1998-12-13","3.04824054318589"
"1998-12-14","4.84761265913645"
"1998-12-15","8.4025243030482"
"1998-12-16","16.3350532663849"
"1998-12-17","11.3070427060643"
"1998-12-18","22.7668769225414"
"1998-12-19","25.4620316038916"
"1998-12-20","18.4532622196974"
"1998-12-21","14.4445539986416"
"1998-12-22","10.4882424589875"
"1998-12-23","24.333708094312"
"1998-12-24","44.3549809393945"
"1998-12-25","38.2650044924253"
"1998-12-26","23.5428597008511"
"1998-12-27","17.046291671274"
"1998-12-28","11.480214696942"
"1998-12-29","14.2059400752509"
"1998-12-30","18.861777933129"
"1998-12-31","35.8166959853399"
"1999-01-01","35.55343627104"
"1999-01-02","38.5679104875177"
"1999-01-03","36.8538456210842"
"1999-01-04","48.2171364243412"
"1999-01-05","51.366618011937"
"1999-01-06","39.2182804867303"
"1999-01-07","7.23367649084562"
"1999-01-08","12.4962299004262"
"1999-01-09","24.346320172925"
"1999-01-10","34.7703958404013"
"1999-01-11","18.7904833137215"
"1999-01-12","24.7565150818267"
"1999-01-13","23.3161812241459"
"1999-01-14","41.6810003421007"
"1999-01-15","28.5647422245571"
"1999-01-16","59.368167695545"
"1999-01-17","57.0444296139143"
"1999-01-18","38.1341326164477"
"1999-01-19","24.6511769810796"
"1999-01-20","28.1941894514736"
"1999-01-21","30.4057055304061"
"1999-01-22","16.9389012448199"
"1999-01-23","29.7182916748575"
"1999-01-24","28.1789699942519"
"1999-01-25","33.2506041588721"
"1999-01-26","16.9860747242387"
"1999-01-27","21.9453767305845"
"1999-01-28","19.9297756756539"
"1999-01-29","9.90429891549148"
"1999-01-30","17.9990774707877"
"1999-01-31","21.0847372327532"
"1999-02-01","21.6080878286651"
"1999-02-02","27.5883980788194"
"1999-02-03","19.7336840154805"
"1999-02-04","29.3221165958421"
"1999-02-05","32.3854304804946"
"1999-02-06","33.8531011606192"
"1999-02-07","19.7887805220369"
"1999-02-08","28.0866443914768"
"1999-02-09","15.8958915611366"
"1999-02-10","12.4540354452092"
"1999-02-11","2.43610215496707"
"1999-02-12","0.348035871660039"
"1999-02-13","1.69421454199723"
"1999-02-14","8.48287983219345"
"1999-02-15","6.98211557627756"
"1999-02-16","10.6308251397434"
"1999-02-17","13.9976246573708"
"1999-02-18","12.1561455355062"
"1999-02-19","10.2336521231251"
"1999-02-20","15.2955962589809"
"1999-02-21","22.7514172095757"
"1999-02-22","23.1828334775322"
"1999-02-23","11.4329416638329"
"1999-02-24","12.8111862413811"
"1999-02-25","19.8987268390078"
"1999-02-26","14.8926636543109"
"1999-02-27","17.8015138493988"
"1999-02-28","19.9922465823946"
"1999-03-01","20.953700561028"
"1999-03-02","8.27489025148994"
"1999-03-03","11.8290371223962"
"1999-03-04","13.9753054189476"
"1999-03-05","13.4909993828117"
"1999-03-06","23.6567990934694"
"1999-03-07","12.8367928818707"
"1999-03-08","17.6143156811272"
"1999-03-09","19.9213865907677"
"1999-03-10","17.1721321989448"
"1999-03-11","18.1676340639849"
"1999-03-12","28.0193079209431"
"1999-03-13","18.2658777567215"
"1999-03-14","12.3819651727553"
"1999-03-15","11.6959197428319"
"1999-03-16","14.396104354363"
"1999-03-17","16.2796181889323"
"1999-03-18","14.8385375505918"
"1999-03-19","3.93411842414311"
"1999-03-20","4.32751064331501"
"1999-03-21","1.84623241759998"
"1999-03-22","1.80248682336374"
"1999-03-23","3.79114233518576"
"1999-03-24","12.4133744652653"
"1999-03-25","6.3545158131298"
"1999-03-26","7.0174959861871"
"1999-03-27","12.6882645392315"
"1999-03-28","11.2770591422077"
"1999-03-29","5.83460915037048"
"1999-03-30","4.47357784256791"
"1999-03-31","12.7291806353119"
"1999-04-01","10.8768247567214"
"1999-04-02","9.10812327149626"
"1999-04-03","10.8581567698227"
"1999-04-04","8.75950791619041"
"1999-04-05","11.0302461380566"
"1999-04-06","13.4439105925622"
"1999-04-07","9.49471350459309"
"1999-04-08","10.2627798447877"
"1999-04-09","9.87916878704385"
"1999-04-10","11.7066383712736"
"1999-04-11","14.4528948176991"
"1999-04-12","14.7297896306752"
"1999-04-13","13.7933147005189"
"1999-04-14","8.98404042338912"
"1999-04-15","9.65562645181433"
"1999-04-16","8.84858963603065"
"1999-04-17","6.04171860630894"
"1999-04-18","11.4545971242896"
"1999-04-19","11.9738100576194"
"1999-04-20","9.41248216257467"
"1999-04-21","12.2953553963533"
"1999-04-22","10.9096770802618"
"1999-04-23","12.4360189685574"
"1999-04-24","14.7128053805529"
"1999-04-25","17.4296355185571"
"1999-04-26","11.9445518704204"
"1999-04-27","8.49358973152194"
"1999-04-28","7.9464422655312"
"1999-04-29","10.0038825980513"
"1999-04-30","8.71826039557849"
"1999-05-01","7.29349163703588"
"1999-05-02","11.6797075684452"
"1999-05-03","23.5063230877831"
"1999-05-04","8.79689862304952"
"1999-05-05","10.7637951838506"
"1999-05-06","11.4659768471986"
"1999-05-07","21.2057004325834"
"1999-05-08","6.99855057604901"
"1999-05-09","4.45655538199784"
"1999-05-10","6.90535422424217"
"1999-05-11","9.21846337545486"
"1999-05-12","9.54354773145733"
"1999-05-13","7.77918578639175"
"1999-05-14","7.88427076195226"
"1999-05-15","6.9840448831583"
"1999-05-16","4.58502227971048"
"1999-05-17","8.26525186150621"
"1999-05-18","17.1569459262864"
"1999-05-19","8.12102133990366"
"1999-05-20","20.7791300686923"
"1999-05-21","3.37444344898323"
"1999-05-22","2.40513665335519"
"1999-05-23","1.40331428985059"
"1999-05-24","3.22995653090539"
"1999-05-25","2.21904222983303"
"1999-05-26","3.78512824588008"
"1999-05-27","2.48527121621293"
"1999-05-28","7.0491171585017"
"1999-05-29","1.88080939044168"
"1999-05-30","0.29215609469326"
"1999-05-31","1.10323930651078"
"1999-06-01","0.806574306737035"
"1999-06-02","1.18171808097786"
"1999-06-03","2.57585898673896"
"1999-06-04","4.26082614954416"
"1999-06-05","1.87998090806978"
"1999-06-06","2.20459771994905"
"1999-06-07","2.94140876294215"
"1999-06-08","2.54936715173515"
"1999-06-09","3.22782842111794"
"1999-06-10","6.2184755115798"
"1999-06-11","3.82688988054986"
"1999-06-12","3.27224559778775"
"1999-06-13","1.28208822708625"
"1999-06-14","3.56431902938591"
"1999-06-15","3.24520844079199"
"1999-06-16","1.94711319515199"
"1999-06-17","3.8362797049733"
"1999-06-18","3.26348177230719"
"1999-06-19","3.29937676124242"
"1999-06-20","4.79323121324762"
"1999-06-21","2.2139625204848"
"1999-06-22","3.30403869957119"
"1999-06-23","2.16473560261004"
"1999-06-24","2.14100414333921"
"1999-06-25","1.77654549660105"
"1999-06-26","4.11806218655078"
"1999-06-27","3.58408989018692"
"1999-06-28","5.09010403754907"
"1999-06-29","8.45759627210113"
"1999-06-30","0.468090433256451"
"1999-07-01","1.48338806629181"
"1999-07-02","1.96251143237729"
"1999-07-03","1.83254090041825"
"1999-07-04","2.11278255651524"
"1999-07-05","5.77587584551279"
"1999-07-06","4.15142595974398"
"1999-07-07","2.79553694900496"
"1999-07-08","3.3823322398322"
"1999-07-09","2.01146833669572"
"1999-07-10","1.94076330437289"
"1999-07-11","1.75178317835321"
"1999-07-12","3.52170973551738"
"1999-07-13","3.00355411814405"
"1999-07-14","3.57330423722536"
"1999-07-15","4.08546023967462"
"1999-07-16","3.77093741955695"
"1999-07-17","6.22810944643888"
"1999-07-18","5.44878438540867"
"1999-07-19","0.738668527179982"
"1999-07-20","2.44035282331112"
"1999-07-21","2.99933306014899"
"1999-07-22","2.98885596153282"
"1999-07-23","2.53176066498736"
"1999-07-24","2.70355563891398"
"1999-07-25","4.75033575631839"
"1999-07-26","5.92039513742769"
"1999-07-27","6.92446054834308"
"1999-07-28","6.12491995947702"
"1999-07-29","9.64012878591364"
"1999-07-30","5.01149661664839"
"1999-07-31","4.28814236839096"
"1999-08-01","3.34454556228795"
"1999-08-02","2.78055843904421"
"1999-08-03","4.52202708277351"
"1999-08-04","5.15949963852441"
"1999-08-05","3.61923258051728"
"1999-08-06","3.72268364026949"
"1999-08-07","7.61773006224529"
"1999-08-08","1.5225891048387"
"1999-08-09","1.67789079755287"
"1999-08-10","2.04773192785003"
"1999-08-11","5.25044290740769"
"1999-08-12","3.34819484969754"
"1999-08-13","5.77085499794452"
"1999-08-14","2.71846549419356"
"1999-08-15","2.89818876143142"
"1999-08-16","2.62642419467241"
"1999-08-17","3.49385038340763"
"1999-08-18","9.8962571951218"
"1999-08-19","3.09911020932259"
"1999-08-20","6.13283513841175"
"1999-08-21","3.62903748652636"
"1999-08-22","4.39977255682925"
"1999-08-23","3.92382995545606"
"1999-08-24","4.20796226629447"
"1999-08-25","3.20414782447732"
"1999-08-26","0.331864998486393"
"1999-08-27","0.176329469042165"
"1999-08-28","0.626036093348548"
"1999-08-29","0.7569484142385"
"1999-08-30","1.28642393603469"
"1999-08-31","4.29357685980859"
"1999-09-01","1.85358816952932"
"1999-09-02","2.60929766723088"
"1999-09-03","10.5843245869591"
"1999-09-04","4.96893474549958"
"1999-09-05","1.15409860447114"
"1999-09-06","2.02526896430816"
"1999-09-07","3.12741406242569"
"1999-09-08","4.12418354280067"
"1999-09-09","1.94902085612863"
"1999-09-10","3.76037498779627"
"1999-09-11","3.51995040482773"
"1999-09-12","3.91130631620234"
"1999-09-13","3.72535437938971"
"1999-09-14","7.49681818330443"
"1999-09-15","15.1092915245981"
"1999-09-16","24.1019456211107"
"1999-09-17","6.56076879625197"
"1999-09-18","3.91729894499758"
"1999-09-19","3.86440928725453"
"1999-09-20","3.66923999889588"
"1999-09-21","12.2369906148869"
"1999-09-22","4.6554493888632"
"1999-09-23","6.62936385369404"
"1999-09-24","8.14854416393098"
"1999-09-25","6.20784386102255"
"1999-09-26","6.18621312384998"
"1999-09-27","7.99884233536658"
"1999-09-28","13.0542757500818"
"1999-09-29","3.10641444142247"
"1999-09-30","4.17350582694595"
"1999-10-01","5.05960168724968"
"1999-10-02","10.081763715455"
"1999-10-03","4.85275186191906"
"1999-10-04","8.0370238787168"
"1999-10-05","8.86077503105263"
"1999-10-06","10.6567287589564"
"1999-10-07","15.9134863692445"
"1999-10-08","24.68706566534"
"1999-10-09","6.13223719493651"
"1999-10-10","1.02571130656835"
"1999-10-11","0.905298392171468"
"1999-10-12","1.77777717588268"
"1999-10-13","2.55819219660449"
"1999-10-14","3.54019831836998"
"1999-10-15","5.82666077809932"
"1999-10-16","4.94230703306405"
"1999-10-17","11.7811448770168"
"1999-10-18","7.37368365902921"
"1999-10-19","5.78430046095993"
"1999-10-20","3.90470561630282"
"1999-10-21","9.57207026729336"
"1999-10-22","7.32131015480339"
"1999-10-23","10.4624326817401"
"1999-10-24","6.50677709042768"
"1999-10-25","7.32529915049995"
"1999-10-26","8.94032612146237"
"1999-10-27","7.83587352744429"
"1999-10-28","8.52543982902131"
"1999-10-29","6.90240860294986"
"1999-10-30","4.61879480401159"
"1999-10-31","12.9174400346104"
"1999-11-01","9.99900713627473"
"1999-11-02","9.1795820343546"
"1999-11-03","9.80609217144194"
"1999-11-04","10.2787823800917"
"1999-11-05","2.384714539949"
"1999-11-06","2.16159290333331"
"1999-11-07","3.15810200120464"
"1999-11-08","8.60441394079299"
"1999-11-09","8.14738468174295"
"1999-11-10","9.79899971619313"
"1999-11-11","10.4396755282497"
"1999-11-12","14.0137552471904"
"1999-11-13","18.0047325943456"
"1999-11-14","12.267643724169"
"1999-11-15","11.5251307941618"
"1999-11-16","9.26475290199379"
"1999-11-17","10.1214704410338"
"1999-11-18","13.676603418408"
"1999-11-19","18.3733081693773"
"1999-11-20","17.8305833700931"
"1999-11-21","0.48773381965501"
"1999-11-22","0.922251564728749"
"1999-11-23","2.47452137196735"
"1999-11-24","3.06044106437014"
"1999-11-25","8.44372836955182"
"1999-11-26","8.3624164923961"
"1999-11-27","9.2531993688443"
"1999-11-28","11.0570039212446"
"1999-11-29","17.1864286686951"
"1999-11-30","25.923139522602"
"1999-12-01","23.1839193079895"
"1999-12-02","47.9831444050843"
"1999-12-03","6.87287972603009"
"1999-12-04","9.50527375704282"
"1999-12-05","16.4437290332018"
"1999-12-06","27.4841127230491"
"1999-12-07","23.6533167702811"
"1999-12-08","20.1140461607929"
"1999-12-09","11.2691527341867"
"1999-12-10","8.48188262481194"
"1999-12-11","13.5391991458414"
"1999-12-12","8.39317633579304"
"1999-12-13","10.9225265081827"
"1999-12-14","18.9444406889218"
"1999-12-15","53.7008286348153"
"1999-12-16","15.383927409267"
"1999-12-17","11.8236375309172"
"1999-12-18","12.0386952032775"
"1999-12-19","18.2975613400018"
"1999-12-20","17.9580024248594"
"1999-12-21","23.6316078524569"
"1999-12-22","30.039702601247"
"1999-12-23","25.5626576658967"
"1999-12-24","20.1262370848552"
"1999-12-25","13.4706392990046"
"1999-12-26","1.68447774893794"
"1999-12-27","0.79695095260551"
"1999-12-28","3.56194391575727"
"1999-12-29","5.15557973777061"
"1999-12-30","7.60558645291762"
"1999-12-31","10.8317481903803"
"2000-01-01","15.3078438729951"
"2000-01-02","12.6934691239229"
"2000-01-03","24.6906449990871"
"2000-01-04","8.55016592054656"
"2000-01-05","11.7864447445064"
"2000-01-06","14.2310165223621"
"2000-01-07","24.7204350723333"
"2000-01-08","19.8201174674096"
"2000-01-09","24.2144030781535"
"2000-01-10","23.9703644715346"
"2000-01-11","36.3813845646846"
"2000-01-12","15.4165124686765"
"2000-01-13","25.0751204676442"
"2000-01-14","36.001564323128"
"2000-01-15","21.8441456138314"
"2000-01-16","24.723753272713"
"2000-01-17","37.2673195347641"
"2000-01-18","48.455288511334"
"2000-01-19","15.1228962997337"
"2000-01-20","22.0109749459601"
"2000-01-21","11.9023573594692"
"2000-01-22","15.4286683937172"
"2000-01-23","18.5552768707275"
"2000-01-24","12.814029743145"
"2000-01-25","13.6015111935603"
"2000-01-26","18.7190727258657"
"2000-01-27","10.7971156376265"
"2000-01-28","16.0435390637551"
"2000-01-29","17.6877617980495"
"2000-01-30","18.5409353099344"
"2000-01-31","21.2665976322058"
"2000-02-01","39.6409556070964"
"2000-02-02","36.7786127065683"
"2000-02-03","44.0514959938082"
"2000-02-04","48.1671824682327"
"2000-02-05","29.6635832931056"
"2000-02-06","30.7630312040255"
"2000-02-07","25.7909229121683"
"2000-02-08","49.1165626162574"
"2000-02-09","37.086303661396"
"2000-02-10","50.8381928035191"
"2000-02-11","6.94639207687213"
"2000-02-12","16.2410491307576"
"2000-02-13","26.9327499257538"
"2000-02-14","23.4730848584856"
"2000-02-15","21.4383383829356"
"2000-02-16","28.5439778943082"
"2000-02-17","34.5504208354207"
"2000-02-18","32.5848657930052"
"2000-02-19","42.5076436542329"
"2000-02-20","4.39795644613571"
"2000-02-21","9.28069976501135"
"2000-02-22","0.851021220415702"
"2000-02-23","1.35220657776057"
"2000-02-24","4.7361567691291"
"2000-02-25","6.94539018678459"
"2000-02-26","6.24864965909487"
"2000-02-27","16.9451792745879"
"2000-02-28","23.5327459351841"
"2000-02-29","18.167137521686"
"2000-03-01","18.6126620098626"
"2000-03-02","33.975505564636"
"2000-03-03","11.6780734764033"
"2000-03-04","19.7127494399166"
"2000-03-05","13.5536000780213"
"2000-03-06","20.0777118814972"
"2000-03-07","14.4905480781159"
"2000-03-08","16.2134397225979"
"2000-03-09","9.94230355019177"
"2000-03-10","19.9385994296053"
"2000-03-11","17.1161321829924"
"2000-03-12","15.4425877657804"
"2000-03-13","31.4073582768956"
"2000-03-14","19.7873823983329"
"2000-03-15","14.1975098605796"
"2000-03-16","15.6755550681771"
"2000-03-17","42.0901818296094"
"2000-03-18","19.4843874803353"
"2000-03-19","6.21662221016822"
"2000-03-20","16.0066864831107"
"2000-03-21","14.4578427855587"
"2000-03-22","41.311693637402"
"2000-03-23","15.8050486060964"
"2000-03-24","16.8950343400369"
"2000-03-25","12.3223009192066"
"2000-03-26","16.8266939394402"
"2000-03-27","15.6950866690962"
"2000-03-28","8.8157578443552"
"2000-03-29","9.3104218920588"
"2000-03-30","6.62452815518235"
"2000-03-31","10.410808317589"
"2000-04-01","6.71159330487767"
"2000-04-02","10.7537416070055"
"2000-04-03","18.6821314700238"
"2000-04-04","13.8877958735346"
"2000-04-05","3.21673159191619"
"2000-04-06","8.05724107703089"
"2000-04-07","12.0028813638728"
"2000-04-08","10.0722812140659"
"2000-04-09","8.92830223025698"
"2000-04-10","17.5592941474089"
"2000-04-11","14.3815302456612"
"2000-04-12","9.34749974832906"
"2000-04-13","2.24775184800615"
"2000-04-14","0.819143730582613"
"2000-04-15","2.21373432655355"
"2000-04-16","4.78774509440253"
"2000-04-17","5.19616910389492"
"2000-04-18","7.33762600359979"
"2000-04-19","2.88436113368897"
"2000-04-20","6.79694829874741"
"2000-04-21","8.19037376750599"
"2000-04-22","7.76027426988015"
"2000-04-23","6.07004876518662"
"2000-04-24","8.01899463067323"
"2000-04-25","7.48932722430209"
"2000-04-26","8.55431481563684"
"2000-04-27","12.1794546878699"
"2000-04-28","16.2005503208606"
"2000-04-29","27.846168146505"
"2000-04-30","3.63727331780768"
"2000-05-01","3.81558616749652"
"2000-05-02","6.0905772132791"
"2000-05-03","7.31293784436725"
"2000-05-04","2.39013888696571"
"2000-05-05","1.85736196794551"
"2000-05-06","3.05951698766255"
"2000-05-07","3.13464185002046"
"2000-05-08","5.69988812822284"
"2000-05-09","3.80744392686076"
"2000-05-10","4.97287840760631"
"2000-05-11","6.6251946145838"
"2000-05-12","11.77897863161"
"2000-05-13","5.18208122563053"
"2000-05-14","4.36173979473578"
"2000-05-15","2.3665640681853"
"2000-05-16","4.53832711724492"
"2000-05-17","4.56662144702234"
"2000-05-18","4.3784938903598"
"2000-05-19","2.76570909931546"
"2000-05-20","4.18979974948999"
"2000-05-21","4.21115095532818"
"2000-05-22","4.56944625202195"
"2000-05-23","6.74623880757914"
"2000-05-24","9.16490504545567"
"2000-05-25","4.69959998698462"
"2000-05-26","5.50727173311886"
"2000-05-27","2.32675220143227"
"2000-05-28","2.52304682177512"
"2000-05-29","4.8394310638244"
"2000-05-30","4.29211777422851"
"2000-05-31","3.39145647782784"
"2000-06-01","4.34425817965429"
"2000-06-02","2.70238205300265"
"2000-06-03","2.91055438245014"
"2000-06-04","4.45912696582414"
"2000-06-05","3.81225606773323"
"2000-06-06","3.07188296485773"
"2000-06-07","1.93027456459545"
"2000-06-08","4.20022487485564"
"2000-06-09","3.0115006452515"
"2000-06-10","2.91685370526789"
"2000-06-11","4.14653285396047"
"2000-06-12","3.80538670634811"
"2000-06-13","4.28656302953695"
"2000-06-14","4.31420793781033"
"2000-06-15","7.35105882268963"
"2000-06-16","2.37495224713247"
"2000-06-17","2.82308355941401"
"2000-06-18","3.27449182540307"
"2000-06-19","3.55475011429229"
"2000-06-20","2.16553565382441"
"2000-06-21","6.87456107552433"
"2000-06-22","3.40978729699081"
"2000-06-23","0.855597853983119"
"2000-06-24","2.38069974905227"
"2000-06-25","3.56356156749643"
"2000-06-26","2.39841432901688"
"2000-06-27","2.15502620065883"
"2000-06-28","2.97694070592071"
"2000-06-29","3.89682678149376"
"2000-06-30","3.18687609625069"
"2000-07-01","3.26021322079035"
"2000-07-02","3.01878856657903"
"2000-07-03","3.11483729401708"
"2000-07-04","3.0692166990532"
"2000-07-05","4.08789059532669"
"2000-07-06","2.33681810637573"
"2000-07-07","0.970943949052266"
"2000-07-08","1.63176306385499"
"2000-07-09","1.68137916651639"
"2000-07-10","2.83961107307698"
"2000-07-11","4.0517362160084"
"2000-07-12","1.25527346224496"
"2000-07-13","2.07391168635129"
"2000-07-14","5.0204151652076"
"2000-07-15","2.44506961262071"
"2000-07-16","3.13421205705378"
"2000-07-17","4.62748253448701"
"2000-07-18","6.19654516533856"
"2000-07-19","1.16530532896261"
"2000-07-20","2.02253547981704"
"2000-07-21","1.50556527394237"
"2000-07-22","3.17680255249465"
"2000-07-23","10.8538442937843"
"2000-07-24","4.93119426877984"
"2000-07-25","1.36823596769855"
"2000-07-26","2.369782475295"
"2000-07-27","1.63006114753294"
"2000-07-28","1.86806866978154"
"2000-07-29","2.46638702907604"
"2000-07-30","2.68929843959354"
"2000-07-31","2.78177972454013"
"2000-08-01","3.02746085609709"
"2000-08-02","4.90304254040574"
"2000-08-03","5.95134355908348"
"2000-08-04","4.9132826152818"
"2000-08-05","5.2248032665872"
"2000-08-06","4.84325556218366"
"2000-08-07","4.01410708850596"
"2000-08-08","4.05370722188578"
"2000-08-09","3.94545862478611"
"2000-08-10","4.46087335662924"
"2000-08-11","2.53246395180236"
"2000-08-12","2.2078874877521"
"2000-08-13","2.09670837513812"
"2000-08-14","3.91012642445502"
"2000-08-15","4.39173195088581"
"2000-08-16","2.79013387194444"
"2000-08-17","4.03995286747491"
"2000-08-18","3.37152656538662"
"2000-08-19","2.10127189639327"
"2000-08-20","4.42051424866631"
"2000-08-21","7.66067851363839"
"2000-08-22","2.26686735747955"
"2000-08-23","1.40648373290574"
"2000-08-24","2.68211311914704"
"2000-08-25","4.93395223504021"
"2000-08-26","2.60012833548315"
"2000-08-27","3.64104421520646"
"2000-08-28","3.52271630134417"
"2000-08-29","2.5635604979672"
"2000-08-30","3.14468363172564"
"2000-08-31","5.58295422456997"
"2000-09-01","14.4083503562135"
"2000-09-02","5.79796076956249"
"2000-09-03","6.93397532345413"
"2000-09-04","9.4821228119202"
"2000-09-05","6.79787647517729"
"2000-09-06","3.30125031249348"
"2000-09-07","1.93542181787553"
"2000-09-08","0.494844888147467"
"2000-09-09","0.940164124456061"
"2000-09-10","1.00510671386471"
"2000-09-11","2.90132253510611"
"2000-09-12","1.47882679801483"
"2000-09-13","5.42507039623343"
"2000-09-14","5.01768715299053"
"2000-09-15","2.74560620206775"
"2000-09-16","6.79433303684383"
"2000-09-17","4.48229938616484"
"2000-09-18","3.08954944497063"
"2000-09-19","4.95874315784091"
"2000-09-20","7.01032404362897"
"2000-09-21","4.39917806423072"
"2000-09-22","4.39954143891603"
"2000-09-23","2.66679047531896"
"2000-09-24","2.5250619523453"
"2000-09-25","1.16225773186395"
"2000-09-26","0.845948088422289"
"2000-09-27","2.13921836328197"
"2000-09-28","4.49575965874123"
"2000-09-29","10.7008950627727"
"2000-09-30","6.95049476210689"
"2000-10-01","5.10960115511696"
"2000-10-02","4.52676114272246"
"2000-10-03","4.96510822638805"
"2000-10-04","8.17291503138356"
"2000-10-05","33.1946480903791"
"2000-10-06","3.82735122566099"
"2000-10-07","2.26518396433298"
"2000-10-08","6.08280300681209"
"2000-10-09","7.57667895622584"
"2000-10-10","6.31680651144548"
"2000-10-11","5.53852653916264"
"2000-10-12","28.5247172772626"
"2000-10-13","9.16945633434114"
"2000-10-14","4.70796284531102"
"2000-10-15","7.70728156215701"
"2000-10-16","6.44063138084494"
"2000-10-17","13.4885987327212"
"2000-10-18","3.77584626483711"
"2000-10-19","2.25502944057122"
"2000-10-20","3.67153158616194"
"2000-10-21","6.28932604180786"
"2000-10-22","8.75915431873107"
"2000-10-23","1.0023895237611"
"2000-10-24","0.241327703998976"
"2000-10-25","0.659741591775056"
"2000-10-26","3.16434463716689"
"2000-10-27","5.45236945255494"
"2000-10-28","4.35656388549062"
"2000-10-29","4.3899384406738"
"2000-10-30","7.59314230200532"
"2000-10-31","5.86379230177248"
"2000-11-01","1.74503280828784"
"2000-11-02","0.668062897003961"
"2000-11-03","1.82144805505162"
"2000-11-04","3.73242398980376"
"2000-11-05","3.5899605369155"
"2000-11-06","6.03959380186997"
"2000-11-07","7.21338636947401"
"2000-11-08","14.0407335211188"
"2000-11-09","6.5156726548166"
"2000-11-10","3.7397537830072"
"2000-11-11","5.46500040700425"
"2000-11-12","5.19327610189264"
"2000-11-13","10.2222367777969"
"2000-11-14","11.4709227446354"
"2000-11-15","11.1777687650738"
"2000-11-16","4.90872206342169"
"2000-11-17","5.66869016333576"
"2000-11-18","13.8154253660342"
"2000-11-19","14.9956380423013"
"2000-11-20","10.8674887991571"
"2000-11-21","12.1818379117297"
"2000-11-22","10.8783365637709"
"2000-11-23","10.8765577093347"
"2000-11-24","14.6953642027719"
"2000-11-25","22.1619517710302"
"2000-11-26","27.7544192607269"
"2000-11-27","26.0258255128737"
"2000-11-28","38.733159490478"
"2000-11-29","22.1041125425529"
"2000-11-30","18.5395993319425"
"2000-12-01","16.2327007772603"
"2000-12-02","20.6641007419272"
"2000-12-03","22.539107467189"
"2000-12-04","26.8144325404972"
"2000-12-05","40.6227177458924"
"2000-12-06","18.7101861862909"
"2000-12-07","22.70811836028"
"2000-12-08","21.3115444802619"
"2000-12-09","26.9307570395532"
"2000-12-10","29.0484033477255"
"2000-12-11","35.856130657774"
"2000-12-12","20.1082268793346"
"2000-12-13","20.5651770422469"
"2000-12-14","25.827628251278"
"2000-12-15","35.1311387809324"
"2000-12-16","30.8288892688173"
"2000-12-17","53.7996122517111"
"2000-12-18","31.5993501985228"
"2000-12-19","47.2064745023653"
"2000-12-20","66.7417320482659"
"2000-12-21","46.4112206000786"
"2000-12-22","4.13363107458338"
"2000-12-23","6.9047989765287"
"2000-12-24","12.3611792186638"
"2000-12-25","17.1283476837786"
"2000-12-26","12.6630072407908"
"2000-12-27","12.9013921275283"
"2000-12-28","15.4125989402011"
"2000-12-29","16.5601611116748"
"2000-12-30","24.638131199461"
"2000-12-31","29.7677284174667"
"2001-01-01","30.4949319930304"
"2001-01-02","36.744613952967"
"2001-01-03","37.3073121025449"
"2001-01-04","39.6012670508711"
"2001-01-05","13.1715503358222"
"2001-01-06","20.2560135110632"
"2001-01-07","19.1545694607161"
"2001-01-08","23.4107632740235"
"2001-01-09","24.4143225929954"
"2001-01-10","35.3261991393515"
"2001-01-11","51.9987444361567"
"2001-01-12","28.8684944590449"
"2001-01-13","43.2054514946876"
"2001-01-14","46.0607656999068"
"2001-01-15","27.7765484269047"
"2001-01-16","23.2637659460951"
"2001-01-17","31.0982666098194"
"2001-01-18","23.7462311327715"
"2001-01-19","26.2982941334382"
"2001-01-20","37.5651804028135"
"2001-01-21","27.2498942123347"
"2001-01-22","41.7998730878293"
"2001-01-23","41.8631422530005"
"2001-01-24","31.1404776552539"
"2001-01-25","7.30132770693147"
"2001-01-26","3.57893893935464"
"2001-01-27","12.0461086091541"
"2001-01-28","12.2275098330015"
"2001-01-29","19.5933191249897"
"2001-01-30","23.4304806804244"
"2001-01-31","28.3752631315421"
"2001-02-01","23.9535367726248"
"2001-02-02","37.6903671495842"
"2001-02-03","27.3830430579908"
"2001-02-04","8.96513073578541"
"2001-02-05","19.934911599923"
"2001-02-06","18.2706530496672"
"2001-02-07","18.5550166456214"
"2001-02-08","32.8563742204146"
"2001-02-09","21.7427344466701"
"2001-02-10","24.2343019427675"
"2001-02-11","26.212215737347"
"2001-02-12","29.8451869849003"
"2001-02-13","13.199474444121"
"2001-02-14","13.3467709264714"
"2001-02-15","20.013905529336"
"2001-02-16","22.9443373453049"
"2001-02-17","27.3752212524414"
"2001-02-18","40.0036695736311"
"2001-02-19","34.3964746648615"
"2001-02-20","48.0048910363928"
"2001-02-21","39.2931198599019"
"2001-02-22","20.8062294221028"
"2001-02-23","34.6594043830773"
"2001-02-24","24.3553379603795"
"2001-02-25","23.7484911344784"
"2001-02-26","27.9147177526961"
"2001-02-27","27.2642553626717"
"2001-02-28","18.3654893610901"
"2001-03-01","31.2420795572785"
"2001-03-02","28.9749627959677"
"2001-03-03","34.2667051042829"
"2001-03-04","17.4383497939997"
"2001-03-05","27.484348726479"
"2001-03-06","22.8017896016439"
"2001-03-07","37.4177534012567"
"2001-03-08","38.6775228161832"
"2001-03-09","24.692253839402"
"2001-03-10","20.8957469824589"
"2001-03-11","28.0253418431138"
"2001-03-12","18.8150818812383"
"2001-03-13","13.6408134931094"
"2001-03-14","13.7741387643855"
"2001-03-15","28.4609751763282"
"2001-03-16","17.4960052812254"
"2001-03-17","4.78023112878139"
"2001-03-18","7.0312332859287"
"2001-03-19","7.25864822111089"
"2001-03-20","18.7283692999836"
"2001-03-21","0.517984880545697"
"2001-03-22","1.5408355339523"
"2001-03-23","3.6363616239973"
"2001-03-24","6.26927111159155"
"2001-03-25","14.4838244801476"
"2001-03-26","8.28122689300801"
"2001-03-27","9.07984603947891"
"2001-03-28","8.51027471678598"
"2001-03-29","8.46132600771916"
"2001-03-30","11.6726401564363"
"2001-03-31","20.8182637227046"
"2001-04-01","9.22710027013506"
"2001-04-02","10.9498229130006"
"2001-04-03","15.139415957711"
"2001-04-04","16.9925388711872"
"2001-04-05","11.2145638703268"
"2001-04-06","19.2034726122241"
"2001-04-07","35.3298118558281"
"2001-04-08","13.2351736588912"
"2001-04-09","10.9387876698465"
"2001-04-10","7.31644737978518"
"2001-04-11","22.4132650135916"
"2001-04-12","9.18359527236971"
"2001-04-13","12.9136294080065"
"2001-04-14","28.8168213419068"
"2001-04-15","24.8093215479995"
"2001-04-16","21.9758922300297"
"2001-04-17","8.19434597481897"
"2001-04-18","21.8020456652621"
"2001-04-19","14.6187829331402"
"2001-04-20","12.328994916115"
"2001-04-21","3.3434028775145"
"2001-04-22","2.57390542373513"
"2001-04-23","2.68842789440444"
"2001-04-24","2.79542623221616"
"2001-04-25","8.99434776946064"
"2001-04-26","12.5592796069719"
"2001-04-27","7.47941056577674"
"2001-04-28","7.47154052226574"
"2001-04-29","7.24315433997613"
"2001-04-30","8.55392688280576"
"2001-05-01","8.69991801414655"
"2001-05-02","6.02659524415995"
"2001-05-03","4.41456068903853"
"2001-05-04","5.98916704417307"
"2001-05-05","5.7128240081655"
"2001-05-06","6.32845451202227"
"2001-05-07","8.80857430495225"
"2001-05-08","7.03579901823234"
"2001-05-09","6.900495100331"
"2001-05-10","6.35095170824043"
"2001-05-11","5.4298722367266"
"2001-05-12","4.56595345802637"
"2001-05-13","9.12179128122536"
"2001-05-14","7.89476893474529"
"2001-05-15","17.9406537183952"
"2001-05-16","5.73539086337729"
"2001-05-17","4.78793491713412"
"2001-05-18","5.41322945413135"
"2001-05-19","3.47019915895545"
"2001-05-20","3.75060718658167"
"2001-05-21","4.46719306010705"
"2001-05-22","4.88834713341354"
"2001-05-23","3.79386253635605"
"2001-05-24","3.98444274803261"
"2001-05-25","8.87137490020686"
"2001-05-26","9.33695718839571"
"2001-05-27","1.71804702398065"
"2001-05-28","4.3599464748845"
"2001-05-29","3.98528954064175"
"2001-05-30","4.48523804584107"
"2001-05-31","2.8078854228511"
"2001-06-01","4.24525209371146"
"2001-06-02","12.0933674733876"
"2001-06-03","4.84458005944372"
"2001-06-04","13.5225942103894"
"2001-06-05","3.87306614149184"
"2001-06-06","1.89897717071044"
"2001-06-07","0.872635780184558"
"2001-06-08","1.10020346913761"
"2001-06-09","1.4888479409949"
"2001-06-10","0.984121701192288"
"2001-06-11","1.70730497242955"
"2001-06-12","0.980445960028605"
"2001-06-13","3.27612238554727"
"2001-06-14","3.4714464222714"
"2001-06-15","2.75609247457413"
"2001-06-16","3.17031872427309"
"2001-06-17","2.21877936431856"
"2001-06-18","2.12608976746018"
"2001-06-19","2.23568298354809"
"2001-06-20","3.68141954879224"
"2001-06-21","1.70778807434878"
"2001-06-22","2.76972926404827"
"2001-06-23","2.4656355399074"
"2001-06-24","4.86061325062921"
"2001-06-25","3.83043965761796"
"2001-06-26","5.38712916952191"
"2001-06-27","4.37227666945684"
"2001-06-28","4.23580950627595"
"2001-06-29","2.62815955139342"
"2001-06-30","4.05314032959216"
"2001-07-01","4.7678304993229"
"2001-07-02","4.0154703303333"
"2001-07-03","4.88005264754935"
"2001-07-04","5.77192835167889"
"2001-07-05","1.40043904190456"
"2001-07-06","2.3353160604254"
"2001-07-07","2.75892551172347"
"2001-07-08","6.78760405691155"
"2001-07-09","3.49655046375283"
"2001-07-10","2.65044563737783"
"2001-07-11","2.75304808245077"
"2001-07-12","0.414521261356223"
"2001-07-13","1.01271642913873"
"2001-07-14","2.10797159064126"
"2001-07-15","3.85103378835179"
"2001-07-16","4.79860867901798"
"2001-07-17","3.46820659025923"
"2001-07-18","2.2420362730821"
"2001-07-19","2.96306330881594"
"2001-07-20","2.95166887452592"
"2001-07-21","2.28607538136053"
"2001-07-22","2.28207723402874"
"2001-07-23","3.22080298548653"
"2001-07-24","3.61336267278308"
"2001-07-25","2.50513306763265"
"2001-07-26","2.81565196302546"
"2001-07-27","5.40161620899712"
"2001-07-28","4.52364049510006"
"2001-07-29","3.19759802952473"
"2001-07-30","3.54106488707778"
"2001-07-31","10.9085470721835"
"2001-08-01","4.59646873840522"
"2001-08-02","2.55330827058136"
"2001-08-03","4.41946806948938"
"2001-08-04","7.73663837362677"
"2001-08-05","5.55128465199367"
"2001-08-06","5.37416902584431"
"2001-08-07","15.167321508581"
"2001-08-08","2.22283015132466"
"2001-08-09","8.04683267915404"
"2001-08-10","6.43440514880341"
"2001-08-11","10.5043082825549"
"2001-08-12","4.34619246520005"
"2001-08-13","4.51887076009404"
"2001-08-14","11.4809762750353"
"2001-08-15","12.3181171943615"
"2001-08-16","13.4585656066994"
"2001-08-17","4.66224552316841"
"2001-08-18","2.53125421225509"
"2001-08-19","4.9519579051893"
"2001-08-20","6.23258323354638"
"2001-08-21","4.33379722725261"
"2001-08-22","1.3996575438615"
"2001-08-23","2.11642501990258"
"2001-08-24","6.79586085664245"
"2001-08-25","3.15205595413328"
"2001-08-26","0.510340850364852"
"2001-08-27","0.970533444058327"
"2001-08-28","1.71484746293717"
"2001-08-29","2.28516201765248"
"2001-08-30","2.27496266881109"
"2001-08-31","5.00638364326386"
"2001-09-01","2.0783002301083"
"2001-09-02","2.68124503942279"
"2001-09-03","2.87062697944703"
"2001-09-04","4.40677957230316"
"2001-09-05","3.83130581786622"
"2001-09-06","7.73041737337649"
"2001-09-07","6.04530983363395"
"2001-09-08","1.42340215011722"
"2001-09-09","0.464311196045442"
"2001-09-10","1.758699136766"
"2001-09-11","1.13326745683497"
"2001-09-12","3.67447316852999"
"2001-09-13","2.06492870168768"
"2001-09-14","4.39609939272786"
"2001-09-15","5.53102327889694"
"2001-09-16","6.8054574279042"
"2001-09-17","4.35648118365895"
"2001-09-18","6.30847316748136"
"2001-09-19","14.9928619376509"
"2001-09-20","3.95372940399946"
"2001-09-21","6.9648648639778"
"2001-09-22","10.6785870289906"
"2001-09-23","21.9051831645883"
"2001-09-24","4.80701963829272"
"2001-09-25","0.372496238228305"
"2001-09-26","1.1255183438589"
"2001-09-27","1.96727931125339"
"2001-09-28","5.86647653837741"
"2001-09-29","10.2349852628006"
"2001-09-30","18.502749961176"
"2001-10-01","6.09729019904033"
"2001-10-02","4.33268571261204"
"2001-10-03","4.7316128704455"
"2001-10-04","4.54515892035001"
"2001-10-05","3.38696200816662"
"2001-10-06","9.1011679523435"
"2001-10-07","3.07185798793128"
"2001-10-08","4.29042309612939"
"2001-10-09","4.65131755128051"
"2001-10-10","23.9940429456306"
"2001-10-11","7.55722927943969"
"2001-10-12","4.85840089780428"
"2001-10-13","2.10653912724355"
"2001-10-14","2.57007121020581"
"2001-10-15","5.61072668265471"
"2001-10-16","4.89785938603537"
"2001-10-17","6.79102004554881"
"2001-10-18","5.82020701577653"
"2001-10-19","5.453572054446"
"2001-10-20","4.36040742211528"
"2001-10-21","13.4344473731466"
"2001-10-22","28.0580974306379"
"2001-10-23","3.16124536000289"
"2001-10-24","3.39516271734651"
"2001-10-25","4.67491852488869"
"2001-10-26","3.45098420318006"
"2001-10-27","2.48590217859714"
"2001-10-28","15.5787658433377"
"2001-10-29","5.27367528408637"
"2001-10-30","6.28573442331124"
"2001-10-31","6.03087912132214"
"2001-11-01","7.70115388729872"
"2001-11-02","5.72138593620036"
"2001-11-03","8.8633086547191"
"2001-11-04","18.8589789691942"
"2001-11-05","5.25682713871911"
"2001-11-06","3.54679946427221"
"2001-11-07","8.63761124621222"
"2001-11-08","6.31656783277338"
"2001-11-09","8.66885985492112"
"2001-11-10","6.31705100505383"
"2001-11-11","4.73189143081764"
"2001-11-12","4.85904393374146"
"2001-11-13","5.49743449636352"
"2001-11-14","7.0634794787411"
"2001-11-15","14.4451325507391"
"2001-11-16","15.3755502081537"
"2001-11-17","26.5588981950438"
"2001-11-18","15.5817481614811"
"2001-11-19","9.13418563000567"
"2001-11-20","10.2189985622059"
"2001-11-21","11.3694567556505"
"2001-11-22","16.3326407036224"
"2001-11-23","5.29207341959982"
"2001-11-24","5.56763582828241"
"2001-11-25","6.45910305649171"
"2001-11-26","6.47759317603462"
"2001-11-27","9.73929250859595"
"2001-11-28","10.18832880594"
"2001-11-29","15.5396029691159"
"2001-11-30","11.7897894898534"
"2001-12-01","8.80470753438545"
"2001-12-02","10.2775215514295"
"2001-12-03","4.30431300530702"
"2001-12-04","6.35629587101214"
"2001-12-05","10.3653732037647"
"2001-12-06","3.2657286465426"
"2001-12-07","11.6909906193291"
"2001-12-08","7.13666684906204"
"2001-12-09","11.5387401611774"
"2001-12-10","14.1238223752934"
"2001-12-11","5.54305030618395"
"2001-12-12","8.50330547233681"
"2001-12-13","12.7192205371279"
"2001-12-14","14.9110178720383"
"2001-12-15","12.542753475569"
"2001-12-16","13.0655802524451"
"2001-12-17","12.0837329971842"
"2001-12-18","14.420403276171"
"2001-12-19","21.8388054381201"
"2001-12-20","17.1323347112317"
"2001-12-21","13.034741389287"
"2001-12-22","11.2195412875254"
"2001-12-23","25.7064677729751"
"2001-12-24","17.3190277314289"
"2001-12-25","18.9303646005077"
"2001-12-26","10.4874458829046"
"2001-12-27","6.82786681538536"
"2001-12-28","14.1450059217808"
"2001-12-29","54.9595128674528"
"2001-12-30","15.2814651299349"
"2001-12-31","16.1227325732574"
"2002-01-01","9.17677105402018"
"2002-01-02","8.95794856083858"
"2002-01-03","10.6981034722679"
"2002-01-04","13.0150555160655"
"2002-01-05","17.1391092089864"
"2002-01-06","61.2099238226424"
"2002-01-07","20.4900813226576"
"2002-01-08","12.4857777145518"
"2002-01-09","20.8154577775435"
"2002-01-10","35.9733638020305"
"2002-01-11","60.8187717173523"
"2002-01-12","22.7522817297931"
"2002-01-13","12.6365143519975"
"2002-01-14","17.3233782305862"
"2002-01-15","21.1194919487099"
"2002-01-16","28.2247812510569"
"2002-01-17","24.8233640968025"
"2002-01-18","31.2404768064425"
"2002-01-19","42.4269794530167"
"2002-01-20","53.4480773298255"
"2002-01-21","3.40723642048898"
"2002-01-22","5.95582434728548"
"2002-01-23","22.0695900751915"
"2002-01-24","24.6829165958223"
"2002-01-25","24.3618876841161"
"2002-01-26","42.5858343380354"
"2002-01-27","7.24674200960052"
"2002-01-28","17.3389333006624"
"2002-01-29","18.6606708130279"
"2002-01-30","33.2524922193387"
"2002-01-31","22.9025947356121"
"2002-02-01","25.1699422324375"
"2002-02-02","14.4450306190557"
"2002-02-03","21.4180539366487"
"2002-02-04","17.2255891907267"
"2002-02-05","21.0459463358958"
"2002-02-06","17.9322023598147"
"2002-02-07","19.7543419718226"
"2002-02-08","2.6445301044813"
"2002-02-09","6.15895735753047"
"2002-02-10","9.66688761669836"
"2002-02-11","11.6598473111272"
"2002-02-12","15.5068243984536"
"2002-02-13","25.9292895742309"
"2002-02-14","40.0073948154202"
"2002-02-15","14.9640633843162"
"2002-02-16","9.79461831654305"
"2002-02-17","19.5555788675944"
"2002-02-18","24.0296788896833"
"2002-02-19","33.0531724789442"
"2002-02-20","25.7019857761664"
"2002-02-21","15.7424608969585"
"2002-02-22","13.5935338276289"
"2002-02-23","15.5107379413786"
"2002-02-24","18.435540129096"
"2002-02-25","27.1766260733336"
"2002-02-26","26.4944326103508"
"2002-02-27","17.9940579690975"
"2002-02-28","15.9105515087838"
"2002-03-01","8.60598126840798"
"2002-03-02","9.76117153498001"
"2002-03-03","8.78768556148975"
"2002-03-04","17.5866984454068"
"2002-03-05","23.6528555428311"
"2002-03-06","35.868747669897"
"2002-03-07","16.7312452390596"
"2002-03-08","19.6392470562097"
"2002-03-09","17.8633099593125"
"2002-03-10","21.5633312695986"
"2002-03-11","28.3066208579324"
"2002-03-12","21.0505704797192"
"2002-03-13","17.987786528352"
"2002-03-14","14.4892520347199"
"2002-03-15","14.3558114122003"
"2002-03-16","29.6066873228395"
"2002-03-17","18.9411324752874"
"2002-03-18","53.412882503493"
"2002-03-19","21.8611524631451"
"2002-03-20","14.0512210259706"
"2002-03-21","10.2457537836843"
"2002-03-22","23.6557510425518"
"2002-03-23","20.3333740894929"
"2002-03-24","35.0758440835135"
"2002-03-25","6.54286453321383"
"2002-03-26","6.00527782873674"
"2002-03-27","6.57222165380205"
"2002-03-28","8.54485699521515"
"2002-03-29","9.8573266128441"
"2002-03-30","11.7494812981907"
"2002-03-31","17.3270533879598"
"2002-04-01","17.467836677254"
"2002-04-02","20.7100731160218"
"2002-04-03","29.7748480627547"
"2002-04-04","16.0264603585908"
"2002-04-05","9.51518053409857"
"2002-04-06","14.8235786776522"
"2002-04-07","13.3793708524663"
"2002-04-08","21.8213100309496"
"2002-04-09","20.1717470631455"
"2002-04-10","18.2240039363052"
"2002-04-11","18.8855030546973"
"2002-04-12","9.13904905525637"
"2002-04-13","1.77006340646125"
"2002-04-14","6.63353796335526"
"2002-04-15","5.8984857988564"
"2002-04-16","10.3939743929611"
"2002-04-17","11.4841902699821"
"2002-04-18","11.3555139359974"
"2002-04-19","10.8231422787621"
"2002-04-20","9.08474514081881"
"2002-04-21","9.30000838985691"
"2002-04-22","9.96858121615984"
"2002-04-23","13.5301750232647"
"2002-04-24","10.574217449535"
"2002-04-25","2.45453792784637"
"2002-04-26","8.17986802311687"
"2002-04-27","7.96937881197248"
"2002-04-28","9.62097898293367"
"2002-04-29","11.3568597459174"
"2002-04-30","9.48044002004516"
"2002-05-01","15.1570137486313"
"2002-05-02","11.3981470153445"
"2002-05-03","13.2573401215789"
"2002-05-04","14.5272882345951"
"2002-05-05","18.7519785026451"
"2002-05-06","15.4840592202686"
"2002-05-07","20.4026327257033"
"2002-05-08","26.6928914388021"
"2002-05-09","5.20901280099695"
"2002-05-10","4.58429213777765"
"2002-05-11","7.48875663084385"
"2002-05-12","9.65796464552611"
"2002-05-13","7.26933533391911"
"2002-05-14","7.83124046614676"
"2002-05-15","8.33462216843774"
"2002-05-16","6.25231239909217"
"2002-05-17","3.24046172285493"
"2002-05-18","5.80815239437731"
"2002-05-19","1.08006559396203"
"2002-05-20","2.83147763586664"
"2002-05-21","2.85571670764452"
"2002-05-22","3.32819305147444"
"2002-05-23","2.78206855910165"
"2002-05-24","4.73752679556479"
"2002-05-25","5.83147374118045"
"2002-05-26","4.6025807243405"
"2002-05-27","3.21122984117244"
"2002-05-28","5.56235251695047"
"2002-05-29","3.08976988023494"
"2002-05-30","5.40471604685763"
"2002-05-31","4.45395673921098"
"2002-06-01","4.68562020006634"
"2002-06-02","4.05282200414897"
"2002-06-03","5.0083491626756"
"2002-06-04","6.21370088486444"
"2002-06-05","9.27694483649679"
"2002-06-06","9.41608548886848"
"2002-06-07","18.3375641339785"
"2002-06-08","5.00053215026855"
"2002-06-09","3.57382421292268"
"2002-06-10","5.13857642654733"
"2002-06-11","2.86288256098182"
"2002-06-12","10.5659826679147"
"2002-06-13","3.22023963321855"
"2002-06-14","1.74758090156239"
"2002-06-15","0.831577138241493"
"2002-06-16","1.97630091327609"
"2002-06-17","3.49115086324287"
"2002-06-18","3.8947553908154"
"2002-06-19","5.79066890039485"
"2002-06-20","4.11431614609508"
"2002-06-21","4.08421067603223"
"2002-06-22","3.22097271345394"
"2002-06-23","2.27191909825131"
"2002-06-24","7.31745344013363"
"2002-06-25","7.21208256663698"
"2002-06-26","4.62400139668287"
"2002-06-27","3.20762228217476"
"2002-06-28","2.00078492898704"
"2002-06-29","3.18480785249116"
"2002-06-30","2.61975340048472"
"2002-07-01","3.08307539952266"
"2002-07-02","16.7793108787371"
"2002-07-03","1.78361773684427"
"2002-07-04","2.5492453160353"
"2002-07-05","6.47002084591946"
"2002-07-06","6.58750771740814"
"2002-07-07","3.14510688998482"
"2002-07-08","11.4334681885583"
"2002-07-09","10.0562723157726"
"2002-07-10","4.2967437263175"
"2002-07-11","14.2415477785713"
"2002-07-12","7.26954774887531"
"2002-07-13","11.5722578469809"
"2002-07-14","4.11931853815591"
"2002-07-15","4.64714452921054"
"2002-07-16","3.79241662520867"
"2002-07-17","2.82906645665437"
"2002-07-18","2.42061933513844"
"2002-07-19","8.62774611345101"
"2002-07-20","8.31405525496512"
"2002-07-21","3.42700578846457"
"2002-07-22","4.94279699304919"
"2002-07-23","4.44392910044947"
"2002-07-24","3.56029061527995"
"2002-07-25","5.5075219585782"
"2002-07-26","3.93020629495769"
"2002-07-27","11.3478326859412"
"2002-07-28","3.43726659388769"
"2002-07-29","4.34181511556947"
"2002-07-30","3.70466102588744"
"2002-07-31","11.3060191699437"
"2002-08-01","4.8995369311535"
"2002-08-02","4.14688709184721"
"2002-08-03","4.00725268543541"
"2002-08-04","4.48892646795743"
"2002-08-05","9.89557638519254"
"2002-08-06","5.84337278516778"
"2002-08-07","6.1312266175365"
"2002-08-08","3.34476870324188"
"2002-08-09","5.90274590176421"
"2002-08-10","26.4872101044758"
"2002-08-11","7.56712196399639"
"2002-08-12","6.73423475194803"
"2002-08-13","5.4410125966712"
"2002-08-14","7.38114595929266"
"2002-08-15","4.81766418796597"
"2002-08-16","5.65145228590284"
"2002-08-17","8.64866132240791"
"2002-08-18","5.76524688825979"
"2002-08-19","5.70284203327063"
"2002-08-20","4.66758745057242"
"2002-08-21","8.66384915562419"
"2002-08-22","6.69819960759316"
"2002-08-23","9.77112176304772"
"2002-08-24","7.52953326547301"
"2002-08-25","7.6770130824217"
"2002-08-26","10.9972851761492"
"2002-08-27","23.7333490280878"
"2002-08-28","6.05371352140006"
"2002-08-29","1.46334218178993"
"2002-08-30","2.77437264398063"
"2002-08-31","4.66127724797179"
"2002-09-01","6.45705517442711"
"2002-09-02","23.1893470318286"
"2002-09-03","7.23716047109464"
"2002-09-04","7.71226603205586"
"2002-09-05","17.2585149802171"
"2002-09-06","8.60036537554357"
"2002-09-07","7.53224467818355"
"2002-09-08","6.26805530327223"
"2002-09-09","11.2801701145255"
"2002-09-10","8.59061005518034"
"2002-09-11","6.3977140688793"
"2002-09-12","12.0023544030788"
"2002-09-13","25.9371892012559"
"2002-09-14","34.3964017314828"
"2002-09-15","68.4868816606926"
"2002-09-16","1.71509032577147"
"2002-09-17","3.04375914887432"
"2002-09-18","7.5391088497071"
"2002-09-19","4.69202526242702"
"2002-09-20","5.13837230747396"
"2002-09-21","8.77750335111246"
"2002-09-22","7.84910810251773"
"2002-09-23","8.702134210826"
"2002-09-24","15.4799092528108"
"2002-09-25","12.7380791174901"
"2002-09-26","13.6127643079469"
"2002-09-27","11.9414924594747"
"2002-09-28","6.38237058703518"
"2002-09-29","8.13724395000573"
"2002-09-30","6.3433340746603"
"2002-10-01","21.2447931714904"
"2002-10-02","37.5289038331994"
"2002-10-03","16.3810494069929"
"2002-10-04","2.36893839689044"
"2002-10-05","4.50174412376437"
"2002-10-06","11.1400187583197"
"2002-10-07","33.5183068312608"
"2002-10-08","9.99581330111532"
"2002-10-09","6.69589083019273"
"2002-10-10","10.4077551994489"
"2002-10-11","9.20404014133272"
"2002-10-12","21.9880681760383"
"2002-10-13","12.1497409926864"
"2002-10-14","5.62107421373908"
"2002-10-15","6.57171633246141"
"2002-10-16","25.5513926811549"
"2002-10-17","7.62661522859103"
"2002-10-18","64.3284540135107"
"2002-10-19","15.8355407508421"
"2002-10-20","7.83298301025903"
"2002-10-21","7.486813212886"
"2002-10-22","47.6877286176145"
"2002-10-23","10.9361107586782"
"2002-10-24","10.5998471975327"
"2002-10-25","7.07816089341393"
"2002-10-26","14.0829625981195"
"2002-10-27","10.4080736110737"
"2002-10-28","13.3785630541962"
"2002-10-29","27.5659305605537"
"2002-10-30","14.8967702811931"
"2002-10-31","15.4734106992746"
"2002-11-01","24.4226033016717"
"2002-11-02","46.6575640723819"
"2002-11-03","11.5985759708272"
"2002-11-04","10.2173692947858"
"2002-11-05","16.9800686247937"
"2002-11-06","15.0850106637715"
"2002-11-07","66.6508127848307"
"2002-11-08","45.730716783763"
"2002-11-09","29.1873657466013"
"2002-11-10","17.5068632348791"
"2002-11-11","32.8748880939566"
"2002-11-12","35.9600165808872"
"2002-11-13","12.1574774965063"
"2002-11-14","12.3389210329427"
"2002-11-15","28.0070715363408"
"2002-11-16","29.160049810038"
"2002-11-17","40.755586054418"
"2002-11-18","24.2289717414162"
"2002-11-19","22.2177569917786"
"2002-11-20","8.99678951837284"
"2002-11-21","32.7895169939314"
"2002-11-22","38.9453263385987"
"2002-11-23","39.1079942447283"
"2002-11-24","15.8575441703136"
"2002-11-25","4.04652224642374"
"2002-11-26","4.09445295005521"
"2002-11-27","7.45079743887955"
"2002-11-28","14.3659271538516"
"2002-11-29","16.6990265257947"
"2002-11-30","18.5378329537132"
"2002-12-01","20.2450623202634"
"2002-12-02","73.7959096834257"
"2002-12-03","34.8830099766389"
"2002-12-04","13.8818976817193"
"2002-12-05","14.8155901875847"
"2002-12-06","12.2019883951583"
"2002-12-07","10.9004427524872"
"2002-12-08","21.0481440773258"
"2002-12-09","10.9815998211568"
"2002-12-10","19.7030323078106"
"2002-12-11","16.0311666505161"
"2002-12-12","14.4187538283212"
"2002-12-13","11.9995256956522"
"2002-12-14","26.3824005085669"
"2002-12-15","53.4153173537481"
"2002-12-16","46.0463380524606"
"2002-12-17","71.3053466829903"
"2002-12-18","48.348573519554"
"2002-12-19","50.1956490438222"
"2002-12-20","52.8207440644632"
"2002-12-21","56.9807983497521"
"2002-12-22","30.3151497118401"
"2002-12-23","22.3061436120566"
"2002-12-24","24.0818260655259"
"2002-12-25","21.1988758607344"
"2002-12-26","34.5918159650002"
"2002-12-27","33.2989117593476"
"2002-12-28","32.2835997461757"
"2002-12-29","41.2924179225773"
"2002-12-30","37.922458400974"
"2002-12-31","0.888204952339073"
"2003-01-01","4.7066107714847"
"2003-01-02","7.64061604640185"
"2003-01-03","14.2113376117888"
"2003-01-04","20.0490087781634"
"2003-01-05","29.7944797788348"
"2003-01-06","43.6593907261308"
"2003-01-07","76.2650918341302"
"2003-01-08","25.5355925291648"
"2003-01-09","22.1864342792726"
"2003-01-10","25.3916832647282"
"2003-01-11","29.1938457158737"
"2003-01-12","32.5601591878123"
"2003-01-13","36.8951271354378"
"2003-01-14","25.4049986224154"
"2003-01-15","25.8447894802341"
"2003-01-16","23.0197742676838"
"2003-01-17","39.7433065191492"
"2003-01-18","33.0280684970674"
"2003-01-19","45.4034275203556"
"2003-01-20","31.466266640337"
"2003-01-21","27.3917929125039"
"2003-01-22","32.7599679525797"
"2003-01-23","29.6937108803621"
"2003-01-24","36.6463482183811"
"2003-01-25","62.5625026917561"
"2003-01-26","21.9113855279369"
"2003-01-27","35.1772037687756"
"2003-01-28","40.4241937496961"
"2003-01-29","39.6019691037925"
"2003-01-30","18.4845260727457"
"2003-01-31","16.3622538486084"
"2003-02-01","17.5475153819823"
"2003-02-02","26.9770935066851"
"2003-02-03","27.7940495313504"
"2003-02-04","46.0257788819152"
"2003-02-05","17.3995650485481"
"2003-02-06","27.7905632737395"
"2003-02-07","32.9806969588969"
"2003-02-08","29.3020430313044"
"2003-02-09","26.183000221913"
"2003-02-10","26.7401615324475"
"2003-02-11","30.8807560561539"
"2003-02-12","55.2220764325295"
"2003-02-13","23.4002492004659"
"2003-02-14","32.7421159207563"
"2003-02-15","33.9314802012918"
"2003-02-16","12.0839026975425"
"2003-02-17","26.8767802828834"
"2003-02-18","21.1134743050579"
"2003-02-19","28.9667038112492"
"2003-02-20","5.86486981235025"
"2003-02-21","0.107857413854031"
"2003-02-22","0.642725764511726"
"2003-02-23","1.90050763736814"
"2003-02-24","3.77177374613233"
"2003-02-25","10.5139188606502"
"2003-02-26","10.4685254742057"
"2003-02-27","11.9713359343541"
"2003-02-28","7.48254439273438"
"2003-03-01","9.11950173832121"
"2003-03-02","6.30749527561716"
"2003-03-03","8.39218534948506"
"2003-03-04","10.5124729670487"
"2003-03-05","18.6014307298702"
"2003-03-06","18.6938550338085"
"2003-03-07","25.4283884923695"
"2003-03-08","18.9337034844733"
"2003-03-09","10.4889629960576"
"2003-03-10","16.3382130412312"
"2003-03-11","14.3174460749606"
"2003-03-12","14.7735916236778"
"2003-03-13","21.3844058173043"
"2003-03-14","16.2144593304886"
"2003-03-15","12.4470421638324"
"2003-03-16","14.0091236122759"
"2003-03-17","31.9933716167103"
"2003-03-18","50.8886506712282"
"2003-03-19","35.2228525417708"
"2003-03-20","6.25836055619376"
"2003-03-21","8.23402758955439"
"2003-03-22","7.31828304699489"
"2003-03-23","11.1329137133313"
"2003-03-24","11.7509291533268"
"2003-03-25","23.6646957810307"
"2003-03-26","14.9444151275602"
"2003-03-27","9.70796914740558"
"2003-03-28","13.7775295678671"
"2003-03-29","11.801271800871"
"2003-03-30","13.5131079108168"
"2003-03-31","15.5716274847716"
"2003-04-01","12.9476923426508"
"2003-04-02","6.33033260845003"
"2003-04-03","12.3869283870185"
"2003-04-04","15.4209480265002"
"2003-04-05","13.07969784427"
"2003-04-06","17.8556203388032"
"2003-04-07","24.2146886065925"
"2003-04-08","6.13140416661382"
"2003-04-09","12.7569865953355"
"2003-04-10","16.5826413600476"
"2003-04-11","4.49689739865142"
"2003-04-12","4.90623695045323"
"2003-04-13","3.69422589261811"
"2003-04-14","3.15490561743061"
"2003-04-15","7.09418740778258"
"2003-04-16","6.09474433552135"
"2003-04-17","11.0969969906332"
"2003-04-18","9.5369448785658"
"2003-04-19","10.2880788850578"
"2003-04-20","12.499410598309"
"2003-04-21","14.1514109677567"
"2003-04-22","11.0557690678221"
"2003-04-23","13.6473480633327"
"2003-04-24","9.1972939070169"
"2003-04-25","10.9144790244825"
"2003-04-26","7.48136144179802"
"2003-04-27","5.12664795747567"
"2003-04-28","5.09683307063528"
"2003-04-29","7.24556337909781"
"2003-04-30","3.85931954187748"
"2003-05-01","6.28819371508313"
"2003-05-02","5.37217731032021"
"2003-05-03","6.84172625046272"
"2003-05-04","10.1779119834239"
"2003-05-05","12.4801299210751"
"2003-05-06","13.8669878517911"
"2003-05-07","11.0483722129425"
"2003-05-08","12.0084282949373"
"2003-05-09","9.54145510784991"
"2003-05-10","7.26412517993481"
"2003-05-11","4.20266404244807"
"2003-05-12","7.50519517283419"
"2003-05-13","9.14139549866383"
"2003-05-14","1.51925898862608"
"2003-05-15","1.75209661750566"
"2003-05-16","2.68859118636036"
"2003-05-17","3.98607797333688"
"2003-05-18","1.41714377781916"
"2003-05-19","3.14522551651641"
"2003-05-20","1.63117722276743"
"2003-05-21","2.60863160590331"
"2003-05-22","2.68139188759255"
"2003-05-23","3.18797020452879"
"2003-05-24","2.54295974698934"
"2003-05-25","3.05996027988789"
"2003-05-26","3.60186604013691"
"2003-05-27","4.16456216805941"
"2003-05-28","5.12342968079951"
"2003-05-29","4.43622686233355"
"2003-05-30","5.64478475500495"
"2003-05-31","8.22204333879215"
"2003-06-01","3.21381855681861"
"2003-06-02","15.2435468120492"
"2003-06-03","6.93519871678703"
"2003-06-04","15.7803558931722"
"2003-06-05","6.52593298366059"
"2003-06-06","6.2003864951077"
"2003-06-07","2.03880974608453"
"2003-06-08","1.66388932457476"
"2003-06-09","1.87064257154475"
"2003-06-10","4.13218876809785"
"2003-06-11","5.60369199024134"
"2003-06-12","3.95729468291972"
"2003-06-13","1.74386727887315"
"2003-06-14","1.80833009943302"
"2003-06-15","1.97277906111309"
"2003-06-16","2.28433208935189"
"2003-06-17","1.70123759092707"
"2003-06-18","1.88600539012905"
"2003-06-19","2.03646413962562"
"2003-06-20","2.19055036419914"
"2003-06-21","3.1156889705947"
"2003-06-22","1.94529208669931"
"2003-06-23","2.09028098064584"
"2003-06-24","1.58586460145521"
"2003-06-25","2.63208956016607"
"2003-06-26","4.49089710795002"
"2003-06-27","0.641834714389467"
"2003-06-28","0.736801760601791"
"2003-06-29","0.307614034182872"
"2003-06-30","0.981596743002598"
"2003-07-01","1.23324151756444"
"2003-07-02","0.978202379885174"
"2003-07-03","1.3179075359266"
"2003-07-04","1.71607742023158"
"2003-07-05","3.93282443620426"
"2003-07-06","7.29906870792439"
"2003-07-07","3.60842641555902"
"2003-07-08","2.11073186748472"
"2003-07-09","1.03803878106596"
"2003-07-10","1.63291641128012"
"2003-07-11","6.17320978538299"
"2003-07-12","3.44954212171175"
"2003-07-13","2.02187341116207"
"2003-07-14","6.62065822892375"
"2003-07-15","7.11567398583218"
"2003-07-16","4.3089754550488"
"2003-07-17","3.25684958412534"
"2003-07-18","2.85462628453325"
"2003-07-19","3.86247779332198"
"2003-07-20","5.51074709623923"
"2003-07-21","3.99641853132289"
"2003-07-22","2.85147671653079"
"2003-07-23","1.21179558781834"
"2003-07-24","0.815967273209002"
"2003-07-25","2.10909758237275"
"2003-07-26","2.16070124365035"
"2003-07-27","5.3467782658416"
"2003-07-28","9.72805326428764"
"2003-07-29","2.00297181863031"
"2003-07-30","2.57661173341078"
"2003-07-31","2.92733401369739"
"2003-08-01","2.44680648835707"
"2003-08-02","4.25866882057933"
"2003-08-03","10.5151586986723"
"2003-08-04","13.087753578698"
"2003-08-05","4.59256902504793"
"2003-08-06","3.79273094398119"
"2003-08-07","3.58352643948097"
"2003-08-08","3.97661726376711"
"2003-08-09","3.77674212677654"
"2003-08-10","3.97787594175958"
"2003-08-11","1.46005696806557"
"2003-08-12","3.4680276946588"
"2003-08-13","0.578733570873737"
"2003-08-14","2.62893039052621"
"2003-08-15","2.22752705551845"
"2003-08-16","2.860720181878"
"2003-08-17","3.34828804014049"
"2003-08-18","4.51385187999511"
"2003-08-19","4.58888917309897"
"2003-08-20","6.03881281485289"
"2003-08-21","1.7139903395981"
"2003-08-22","1.17265889061478"
"2003-08-23","1.65794215935133"
"2003-08-24","0.504625322982604"
"2003-08-25","1.61131939608039"
"2003-08-26","1.9139764322476"
"2003-08-27","2.44302196084679"
"2003-08-28","3.46736267634801"
"2003-08-29","9.67631662046755"
"2003-08-30","3.71061967693882"
"2003-08-31","3.8110940497675"
"2003-09-01","1.99799272701854"
"2003-09-02","3.11730732726844"
"2003-09-03","3.05639613835843"
"2003-09-04","6.51310254691483"
"2003-09-05","5.60761846608414"
"2003-09-06","3.78936227007862"
"2003-09-07","3.93612237874564"
"2003-09-08","4.51983657595399"
"2003-09-09","5.52225509298828"
"2003-09-10","3.77473529541131"
"2003-09-11","2.74950063847876"
"2003-09-12","5.99314441825404"
"2003-09-13","7.43658669531603"
"2003-09-14","2.47330394316287"
"2003-09-15","2.29674445479721"
"2003-09-16","3.42281840670676"
"2003-09-17","5.47617880271111"
"2003-09-18","3.1207682348433"
"2003-09-19","9.60376352820045"
"2003-09-20","5.4673296383449"
"2003-09-21","5.58267671411688"
"2003-09-22","6.68537419853788"
"2003-09-23","13.6191524323963"
"2003-09-24","13.4627111391588"
"2003-09-25","7.33746612768669"
"2003-09-26","3.19786663579218"
"2003-09-27","3.72554470095542"
"2003-09-28","10.0323633874134"
"2003-09-29","5.53450252096374"
"2003-09-30","4.74484698442154"
"2003-10-01","0.969352039423856"
"2003-10-02","0.556937996314201"
"2003-10-03","1.72563933874622"
"2003-10-04","2.46993543085082"
"2003-10-05","2.83548817980341"
"2003-10-06","3.96789503768409"
"2003-10-07","4.27765012974347"
"2003-10-08","4.79044383738464"
"2003-10-09","5.44424006639621"
"2003-10-10","6.1518570994918"
"2003-10-11","5.20276144882301"
"2003-10-12","6.63210466000941"
"2003-10-13","7.09673764488914"
"2003-10-14","16.3567976559395"
"2003-10-15","10.7216319975915"
"2003-10-16","4.38776409729219"
"2003-10-17","6.10543029648917"
"2003-10-18","23.5107897886466"
"2003-10-19","5.89658269092634"
"2003-10-20","5.63498663644254"
"2003-10-21","3.23152450720469"
"2003-10-22","3.51816366103304"
"2003-10-23","4.94654766383109"
"2003-10-24","6.24997192905063"
"2003-10-25","6.40306221045457"
"2003-10-26","4.7223465618117"
"2003-10-27","5.72951631576984"
"2003-10-28","1.62579081907417"
"2003-10-29","4.87186983808295"
"2003-10-30","6.25980217580671"
"2003-10-31","4.46595938065093"
"2003-11-01","4.30143356968314"
"2003-11-02","6.75552271764516"
"2003-11-03","4.17841256748546"
"2003-11-04","15.2959170300207"
"2003-11-05","15.7763540321614"
"2003-11-06","10.9325443728146"
"2003-11-07","8.86642297418603"
"2003-11-08","8.63352595263229"
"2003-11-09","8.21952383549182"
"2003-11-10","12.6471344578318"
"2003-11-11","11.7099538086813"
"2003-11-12","10.0586757804408"
"2003-11-13","11.8984434387901"
"2003-11-14","20.4945638830012"
"2003-11-15","42.9487356458391"
"2003-11-16","17.4070046453765"
"2003-11-17","16.8321553184873"
"2003-11-18","6.83924433679292"
"2003-11-19","19.4196024869944"
"2003-11-20","6.27405332486867"
"2003-11-21","13.6939039498697"
"2003-11-22","5.51610531332173"
"2003-11-23","7.22401933133344"
"2003-11-24","11.8262376248578"
"2003-11-25","16.3195664067289"
"2003-11-26","20.6393381630703"
"2003-11-27","27.1270780398216"
"2003-11-28","28.9174094592338"
"2003-11-29","45.6447507932589"
"2003-11-30","26.4405757359096"
"2003-12-01","10.7221048322075"
"2003-12-02","24.6800134254224"
"2003-12-03","26.841385440909"
"2003-12-04","34.527321010441"
"2003-12-05","16.0159037618926"
"2003-12-06","17.7847149299853"
"2003-12-07","28.3702546569692"
"2003-12-08","26.8467125624289"
"2003-12-09","37.6789646809235"
"2003-12-10","18.3778865120628"
"2003-12-11","14.8183039628066"
"2003-12-12","15.2932052467809"
"2003-12-13","11.0086128783948"
"2003-12-14","22.4651975342722"
"2003-12-15","31.590753852547"
"2003-12-16","33.2328174888314"
"2003-12-17","54.4692549272017"
"2003-12-18","17.1288458052136"
"2003-12-19","18.157195462809"
"2003-12-20","1.37727470354084"
"2003-12-21","5.39478409548343"
"2003-12-22","0.683395756626284"
"2003-12-23","4.28919556672439"
"2003-12-24","16.4760146192658"
"2003-12-25","21.4339698816275"
"2003-12-26","15.8960407533687"
"2003-12-27","18.0064471376923"
"2003-12-28","29.3197871905901"
"2003-12-29","33.7596398968717"
"2003-12-30","51.035780357592"
"2003-12-31","25.3987975141187"
"2004-01-01","26.2952957772589"
"2004-01-02","43.3690125931909"
"2004-01-03","34.7671331265272"
"2004-01-04","5.25418174782873"
"2004-01-05","8.46543846089087"
"2004-01-06","5.24542120163575"
"2004-01-07","16.5425690902776"
"2004-01-08","15.9668674737344"
"2004-01-09","12.2084950451211"
"2004-01-10","18.297776321312"
"2004-01-11","13.281730701397"
"2004-01-12","24.404506229219"
"2004-01-13","46.362667628697"
"2004-01-14","20.336529521199"
"2004-01-15","33.4149461638876"
"2004-01-16","51.067775552923"
"2004-01-17","20.9809177159231"
"2004-01-18","16.4388848052912"
"2004-01-19","35.5531782918162"
"2004-01-20","43.6459601018336"
"2004-01-21","28.5626369534117"
"2004-01-22","18.4530999443748"
"2004-01-23","22.5130233516941"
"2004-01-24","22.3989431001407"
"2004-01-25","21.1171965743556"
"2004-01-26","24.7541554149611"
"2004-01-27","22.9420561356978"
"2004-01-28","15.9968414946552"
"2004-01-29","9.9242732741616"
"2004-01-30","16.5309229970494"
"2004-01-31","8.64393592603279"
"2004-02-01","8.60573960382701"
"2004-02-02","14.5635847033876"
"2004-02-03","16.3989885173319"
"2004-02-04","22.2395793411123"
"2004-02-05","45.8229044629382"
"2004-02-06","43.8737243057845"
"2004-02-07","36.3115313889144"
"2004-02-08","85.3844776070995"
"2004-02-09","21.899188095357"
"2004-02-10","15.3943331128075"
"2004-02-11","7.16356035228416"
"2004-02-12","26.541465998728"
"2004-02-13","28.9572936219054"
"2004-02-14","56.2647545389283"
"2004-02-15","39.010313100113"
"2004-02-16","36.6995751847436"
"2004-02-17","48.1664910419679"
"2004-02-18","43.9978131463517"
"2004-02-19","40.4300250429096"
"2004-02-20","65.31818761454"
"2004-02-21","6.46323689753875"
"2004-02-22","18.0620841773557"
"2004-02-23","20.654378135483"
"2004-02-24","18.6685720996939"
"2004-02-25","21.0348498274238"
"2004-02-26","24.7388975217745"
"2004-02-27","28.6746808625919"
"2004-02-28","30.875504580411"
"2004-02-29","20.6481830960228"
"2004-03-01","23.5484114106083"
"2004-03-02","36.9669880474801"
"2004-03-03","39.1514140290099"
"2004-03-04","52.4747839097853"
"2004-03-05","25.4548137549198"
"2004-03-06","25.8461378023222"
"2004-03-07","12.3167731813538"
"2004-03-08","23.0027292177275"
"2004-03-09","11.5253802068306"
"2004-03-10","17.5138999394008"
"2004-03-11","17.4816824595133"
"2004-03-12","11.368580537441"
"2004-03-13","16.7693511954634"
"2004-03-14","18.0286563196224"
"2004-03-15","20.6936158060511"
"2004-03-16","18.3255613170145"
"2004-03-17","16.7911700087708"
"2004-03-18","19.3098289275066"
"2004-03-19","18.0890673889226"
"2004-03-20","15.052406946818"
"2004-03-21","25.4420505953041"
"2004-03-22","22.7925363722302"
"2004-03-23","24.9503630766105"
"2004-03-24","28.4739372781861"
"2004-03-25","49.5923514593215"
"2004-03-26","15.5036437748831"
"2004-03-27","21.1488520221793"
"2004-03-28","35.6740079359575"
"2004-03-29","5.45376057335825"
"2004-03-30","3.33346155892203"
"2004-03-31","6.4398064422401"
"2004-04-01","9.01854405258641"
"2004-04-02","7.08489634567525"
"2004-04-03","11.3984437319107"
"2004-04-04","19.7573380656057"
"2004-04-05","10.8751942110268"
"2004-04-06","25.5323836132561"
"2004-04-07","19.5751909900021"
"2004-04-08","17.8708647979802"
"2004-04-09","15.1506179751772"
"2004-04-10","17.5882538634461"
"2004-04-11","11.7488878423517"
"2004-04-12","10.0391376152699"
"2004-04-13","21.8021494919087"
"2004-04-14","43.2028269334273"
"2004-04-15","5.04334190139523"
"2004-04-16","13.2347186117461"
"2004-04-17","12.0835844510561"
"2004-04-18","6.73292842055812"
"2004-04-19","6.54401745115008"
"2004-04-20","10.9269761956615"
"2004-04-21","18.9251998100446"
"2004-04-22","35.3529119780569"
"2004-04-23","7.21040073669318"
"2004-04-24","7.28628314315499"
"2004-04-25","3.89187013277244"
"2004-04-26","6.12197426490453"
"2004-04-27","7.20146411837954"
"2004-04-28","8.59528070301205"
"2004-04-29","9.59608894612366"
"2004-04-30","7.91829957796898"
"2004-05-01","5.17428977355296"
"2004-05-02","8.11180747845472"
"2004-05-03","6.35222336378965"
"2004-05-04","6.37185017680709"
"2004-05-05","5.37700487576522"
"2004-05-06","4.06019305615198"
"2004-05-07","5.31086221917883"
"2004-05-08","4.9609419752509"
"2004-05-09","10.4308570783376"
"2004-05-10","9.6513942082723"
"2004-05-11","8.99507177546943"
"2004-05-12","8.48566056123544"
"2004-05-13","10.775940199435"
"2004-05-14","9.96060216168821"
"2004-05-15","15.7439543488738"
"2004-05-16","4.04283684027659"
"2004-05-17","9.22793446165143"
"2004-05-18","2.46522372315972"
"2004-05-19","3.69229266344211"
"2004-05-20","3.22736752317065"
"2004-05-21","3.8759696653911"
"2004-05-22","9.76038917731413"
"2004-05-23","3.15311056194883"
"2004-05-24","5.49606161096911"
"2004-05-25","4.95085285081492"
"2004-05-26","6.60565222703017"
"2004-05-27","3.0942106559163"
"2004-05-28","6.71069814735677"
"2004-05-29","6.04736428343372"
"2004-05-30","3.71098309213465"
"2004-05-31","16.7224832819654"
"2004-06-01","7.74736203053297"
"2004-06-02","0.86012794845032"
"2004-06-03","3.09991833399901"
"2004-06-04","4.0189029607938"
"2004-06-05","3.10736695460943"
"2004-06-06","7.09784327647387"
"2004-06-07","5.85919220932634"
"2004-06-08","7.17753634411535"
"2004-06-09","1.26885628584143"
"2004-06-10","0.346648645607424"
"2004-06-11","1.07827042778591"
"2004-06-12","2.2121306127542"
"2004-06-13","3.55598267925766"
"2004-06-14","6.80125231453867"
"2004-06-15","1.74875539002609"
"2004-06-16","1.96865742198833"
"2004-06-17","2.17063510495347"
"2004-06-18","1.37226782435979"
"2004-06-19","2.83132196208099"
"2004-06-20","1.68275317433593"
"2004-06-21","1.60274580546788"
"2004-06-22","2.11199919098899"
"2004-06-23","5.13254267312748"
"2004-06-24","4.3792153847166"
"2004-06-25","1.71507093232948"
"2004-06-26","2.47384845358985"
"2004-06-27","4.90110043555627"
"2004-06-28","8.75309769312541"
"2004-06-29","4.17134206971049"
"2004-06-30","4.13498519044934"
"2004-07-01","3.68321897470074"
"2004-07-02","3.29450363140086"
"2004-07-03","9.48598541532244"
"2004-07-04","7.27648194630941"
"2004-07-05","5.53876697810697"
"2004-07-06","3.79477638109422"
"2004-07-07","4.041468043606"
"2004-07-08","2.51675005444201"
"2004-07-09","6.95874063019113"
"2004-07-10","9.47194642731638"
"2004-07-11","2.31946577576848"
"2004-07-12","2.09950602261019"
"2004-07-13","3.12393712378167"
"2004-07-14","2.71289597367827"
"2004-07-15","2.60966115080433"
"2004-07-16","1.80812439722416"
"2004-07-17","4.01593826291881"
"2004-07-18","2.68291587643809"
"2004-07-19","2.98054967607771"
"2004-07-20","3.04793089370191"
"2004-07-21","2.29047180796082"
"2004-07-22","3.80282261412897"
"2004-07-23","1.86263843583854"
"2004-07-24","0.264686791395599"
"2004-07-25","0.80671736949579"
"2004-07-26","1.60914976785193"
"2004-07-27","2.17732703027787"
"2004-07-28","1.86837142538199"
"2004-07-29","1.62749331789615"
"2004-07-30","2.47849510294018"
"2004-07-31","3.9041557879675"
"2004-08-01","3.36266383877048"
"2004-08-02","4.17665694544326"
"2004-08-03","1.536407379877"
"2004-08-04","3.000938125374"
"2004-08-05","3.3675039947291"
"2004-08-06","2.50838250682984"
"2004-08-07","1.47792649630344"
"2004-08-08","3.95238667391079"
"2004-08-09","3.10810808031074"
"2004-08-10","3.87730585316043"
"2004-08-11","3.20195066077369"
"2004-08-12","7.37753560739162"
"2004-08-13","5.59675066656881"
"2004-08-14","4.82099257461178"
"2004-08-15","2.21947233282126"
"2004-08-16","3.13007063783092"
"2004-08-17","4.39220437446198"
"2004-08-18","3.68120831147933"
"2004-08-19","5.03803395863735"
"2004-08-20","7.64910950495567"
"2004-08-21","10.7101237711968"
"2004-08-22","3.87379435543374"
"2004-08-23","3.17349994801856"
"2004-08-24","13.2591502222664"
"2004-08-25","22.8124494470043"
"2004-08-26","4.78887168488977"
"2004-08-27","4.9604427737075"
"2004-08-28","8.18724115018721"
"2004-08-29","1.19556787403631"
"2004-08-30","0.977360317314213"
"2004-08-31","2.4545986237593"
"2004-09-01","2.47752059422014"
"2004-09-02","3.05472957391243"
"2004-09-03","3.51101823338182"
"2004-09-04","2.60408858496905"
"2004-09-05","3.75241131751568"
"2004-09-06","6.36221602675203"
"2004-09-07","2.88146391188427"
"2004-09-08","0.581265899913136"
"2004-09-09","1.54054207525728"
"2004-09-10","2.86963425002573"
"2004-09-11","1.93168754108024"
"2004-09-12","3.61933103242478"
"2004-09-13","3.43212742722912"
"2004-09-14","3.66052384551985"
"2004-09-15","3.46924854202188"
"2004-09-16","4.35583207307956"
"2004-09-17","3.49459188866925"
"2004-09-18","4.07417940525782"
"2004-09-19","3.45384962785812"
"2004-09-20","6.22841555731637"
"2004-09-21","18.7840124559609"
"2004-09-22","11.2856960141814"
"2004-09-23","3.40008301265312"
"2004-09-24","2.79894256824023"
"2004-09-25","3.50911990569267"
"2004-09-26","16.1849139077323"
"2004-09-27","3.44132814675699"
"2004-09-28","2.08812166215021"
"2004-09-29","2.29263288092304"
"2004-09-30","3.88668232304709"
"2004-10-01","4.32128848451557"
"2004-10-02","6.21401041462308"
"2004-10-03","7.46109736946238"
"2004-10-04","6.56053976011483"
"2004-10-05","5.51890912406888"
"2004-10-06","8.88757553038659"
"2004-10-07","22.0409542884662"
"2004-10-08","5.4273280369771"
"2004-10-09","3.74792079801683"
"2004-10-10","19.5357825745752"
"2004-10-11","36.4435012206371"
"2004-10-12","72.9471214261406"
"2004-10-13","4.5851367515919"
"2004-10-14","7.80608976558173"
"2004-10-15","6.29367741103812"
"2004-10-16","6.16597698364423"
"2004-10-17","12.2949448044682"
"2004-10-18","12.166328189693"
"2004-10-19","12.2965355559345"
"2004-10-20","14.8325451793093"
"2004-10-21","13.3687219083051"
"2004-10-22","20.1600094605318"
"2004-10-23","8.67628012178264"
"2004-10-24","12.462761177129"
"2004-10-25","13.1782292576579"
"2004-10-26","14.9293764101995"
"2004-10-27","7.29177817250743"
"2004-10-28","8.98461881963722"
"2004-10-29","11.8244463066002"
"2004-10-30","18.6565568251011"
"2004-10-31","36.9901801022616"
"2004-11-01","17.678479937764"
"2004-11-02","8.23530497231009"
"2004-11-03","6.2831955146996"
"2004-11-04","4.52820777635038"
"2004-11-05","1.2018894969901"
"2004-11-06","2.19784495969871"
"2004-11-07","2.43203012509779"
"2004-11-08","4.89772428268994"
"2004-11-09","8.54755559008875"
"2004-11-10","15.4077372571607"
"2004-11-11","3.18821621895869"
"2004-11-12","2.22723842570276"
"2004-11-13","2.79522575908925"
"2004-11-14","3.14650859022553"
"2004-11-15","5.97783016848874"
"2004-11-16","8.52351645783429"
"2004-11-17","28.7786481948126"
"2004-11-18","17.4540919865365"
"2004-11-19","13.5666930850966"
"2004-11-20","12.1308207687361"
"2004-11-21","9.57889981806536"
"2004-11-22","14.0265261043202"
"2004-11-23","15.8487659099298"
"2004-11-24","18.7272693667061"
"2004-11-25","23.8250661825205"
"2004-11-26","32.9876276569449"
"2004-11-27","35.3865210628097"
"2004-11-28","23.1457179800257"
"2004-11-29","20.3035919552758"
"2004-11-30","14.993980785469"
"2004-12-01","14.6249259498728"
"2004-12-02","11.3292844243896"
"2004-12-03","18.159088721007"
"2004-12-04","16.4424374650567"
"2004-12-05","27.0737815254178"
"2004-12-06","19.9598605581176"
"2004-12-07","9.92398051988511"
"2004-12-08","10.2565478669617"
"2004-12-09","13.9321977565815"
"2004-12-10","15.8505156009228"
"2004-12-11","2.94628362093137"
"2004-12-12","5.97954445974135"
"2004-12-13","3.03874572853505"
"2004-12-14","4.67600867913399"
"2004-12-15","10.0036728186009"
"2004-12-16","20.5686733361446"
"2004-12-17","19.115934656812"
"2004-12-18","36.5191593087597"
"2004-12-19","26.1558819353838"
"2004-12-20","17.0880590352145"
"2004-12-21","19.4387004447706"
"2004-12-22","31.9370462739622"
"2004-12-23","50.6752809466738"
"2004-12-24","24.4865252631051"
"2004-12-25","21.9268631584201"
"2004-12-26","21.0869872435863"
"2004-12-27","16.1066171039235"
"2004-12-28","15.1279416043005"
"2004-12-29","15.5271791111339"
"2004-12-30","25.0129974414776"
"2004-12-31","29.4262970763367"
"2005-01-01","15.6340690877014"
"2005-01-02","18.0362727796877"
"2005-01-03","28.7210186219319"
"2005-01-04","4.16502881024307"
"2005-01-05","10.6566656178984"
"2005-01-06","16.8147640011527"
"2005-01-07","12.6779852295335"
"2005-01-08","15.8404747211572"
"2005-01-09","30.2093017421243"
"2005-01-10","26.7316214738986"
"2005-01-11","115.431869936196"
"2005-01-12","27.9651598373017"
"2005-01-13","37.0838935241039"
"2005-01-14","34.9897308060617"
"2005-01-15","16.3488182959619"
"2005-01-16","19.328280820475"
"2005-01-17","14.1251096498399"
"2005-01-18","19.1824633280436"
"2005-01-19","28.8965356958893"
"2005-01-20","30.6858641058852"
"2005-01-21","25.1256748133408"
"2005-01-22","18.2207496651323"
"2005-01-23","44.7607454737544"
"2005-01-24","40.3276662207269"
"2005-01-25","27.8287150890796"
"2005-01-26","23.2209189856723"
"2005-01-27","14.3437174362538"
"2005-01-28","13.314870272622"
"2005-01-29","4.08716192544797"
"2005-01-30","19.4932025954837"
"2005-01-31","28.0810765600824"
"2005-02-01","52.2909549325059"
"2005-02-02","7.78083199856085"
"2005-02-03","0.318442755068342"
"2005-02-04","0.858836455327092"
"2005-02-05","2.49830599561398"
"2005-02-06","4.55465692978401"
"2005-02-07","23.1448564230106"
"2005-02-08","5.74286776394039"
"2005-02-09","2.64126351088672"
"2005-02-10","6.26008499029911"
"2005-02-11","6.66260263310882"
"2005-02-12","13.068538939282"
"2005-02-13","13.6910324086359"
"2005-02-14","35.4641861399531"
"2005-02-15","6.94710024094685"
"2005-02-16","12.3288593674119"
"2005-02-17","11.4632676917237"
"2005-02-18","24.4600910252823"
"2005-02-19","13.3131085236867"
"2005-02-20","16.6697886661018"
"2005-02-21","16.9228555691707"
"2005-02-22","25.3784966406884"
"2005-02-23","31.1512520695146"
"2005-02-24","22.2652793487945"
"2005-02-25","11.8051731472924"
"2005-02-26","16.1171646345229"
"2005-02-27","24.180089021658"
"2005-02-28","26.6898728985807"
"2005-03-01","66.0903128917083"
"2005-03-02","18.10711140034"
"2005-03-03","17.2019000486894"
"2005-03-04","7.72136623828442"
"2005-03-05","12.2912913576349"
"2005-03-06","7.17185093726947"
"2005-03-07","10.1822261954799"
"2005-03-08","10.3610426615843"
"2005-03-09","13.8901203948182"
"2005-03-10","13.1739188541066"
"2005-03-11","19.9883379337592"
"2005-03-12","35.008317815277"
"2005-03-13","34.0007465824936"
"2005-03-14","41.1319894831934"
"2005-03-15","12.2929071843366"
"2005-03-16","18.2765788371429"
"2005-03-17","16.1411046032266"
"2005-03-18","11.948136160384"
"2005-03-19","14.5808986812443"
"2005-03-20","23.6876834068463"
"2005-03-21","23.7235402482929"
"2005-03-22","18.9331362794488"
"2005-03-23","19.0595517674566"
"2005-03-24","14.4614393411777"
"2005-03-25","17.9914054003629"
"2005-03-26","14.5379273839843"
"2005-03-27","25.0495964851214"
"2005-03-28","13.5156609279253"
"2005-03-29","7.45705926366699"
"2005-03-30","14.7845415098843"
"2005-03-31","26.1878683164522"
"2005-04-01","27.8352373213995"
"2005-04-02","43.2671590367437"
"2005-04-03","11.9821151200827"
"2005-04-04","14.7647084467339"
"2005-04-05","11.0046572685242"
"2005-04-06","20.104051106936"
"2005-04-07","9.31916692659452"
"2005-04-08","30.9000557903604"
"2005-04-09","44.0727064041864"
"2005-04-10","33.0212558853678"
"2005-04-11","20.5913635063997"
"2005-04-12","18.1955882522451"
"2005-04-13","23.1960533934754"
"2005-04-14","7.42218640459564"
"2005-04-15","7.89333719608588"
"2005-04-16","7.3769900004069"
"2005-04-17","25.0591127469942"
"2005-04-18","8.42101274217878"
"2005-04-19","9.01800882867921"
"2005-04-20","8.68023853590994"
"2005-04-21","10.6969480535169"
"2005-04-22","15.6841615123666"
"2005-04-23","23.0974927794882"
"2005-04-24","28.1765160828958"
"2005-04-25","10.366600690982"
"2005-04-26","15.6455082955298"
"2005-04-27","15.9058088822798"
"2005-04-28","45.4209541304287"
"2005-04-29","10.8338459704345"
"2005-04-30","7.25287456223459"
"2005-05-01","8.77001487228261"
"2005-05-02","15.0084201680633"
"2005-05-03","14.1419259913556"
"2005-05-04","24.3301113260773"
"2005-05-05","5.9477562501833"
"2005-05-06","9.55224882266222"
"2005-05-07","9.41588494271943"
"2005-05-08","10.6884122328325"
"2005-05-09","6.89860717765181"
"2005-05-10","6.74105194430331"
"2005-05-11","5.60134622028896"
"2005-05-12","5.91007679881472"
"2005-05-13","6.50378166132675"
"2005-05-14","9.40279034825114"
"2005-05-15","6.70032604638632"
"2005-05-16","7.08050558164522"
"2005-05-17","9.03013745427648"
"2005-05-18","9.04126436885817"
"2005-05-19","8.01224576652824"
"2005-05-20","7.98606113128332"
"2005-05-21","9.52880687011785"
"2005-05-22","8.15862202334714"
"2005-05-23","6.88524664635266"
"2005-05-24","4.65966820768464"
"2005-05-25","5.3524892216637"
"2005-05-26","5.96397822656673"
"2005-05-27","5.25200938559198"
"2005-05-28","6.66107452586616"
"2005-05-29","5.54947730369898"
"2005-05-30","5.24370755313279"
"2005-05-31","5.08210943736039"
"2005-06-01","4.26147939271225"
"2005-06-02","4.22076800684908"
"2005-06-03","4.48333602911466"
"2005-06-04","6.15221338973933"
"2005-06-05","7.72186298700638"
"2005-06-06","10.6727360750174"
"2005-06-07","13.5198229587439"
"2005-06-08","16.2801818021964"
"2005-06-09","0.377265321743953"
"2005-06-10","1.23871225350863"
"2005-06-11","0.156989469789614"
"2005-06-12","1.29576337743889"
"2005-06-13","1.29638468238698"
"2005-06-14","1.87593518823256"
"2005-06-15","1.17350001484801"
"2005-06-16","2.37606801357104"
"2005-06-17","1.56467655507517"
"2005-06-18","5.59153932926459"
"2005-06-19","0.877034627062418"
"2005-06-20","1.15171010531001"
"2005-06-21","1.79298317406601"
"2005-06-22","1.20414827518907"
"2005-06-23","3.33013047516604"
"2005-06-24","2.70775689720075"
"2005-06-25","3.10925506487553"
"2005-06-26","2.68295355018599"
"2005-06-27","5.6384993502588"
"2005-06-28","4.15373601129045"
"2005-06-29","4.55859364885272"
"2005-06-30","1.07781370467954"
"2005-07-01","1.49999202781425"
"2005-07-02","1.68889105848936"
"2005-07-03","1.41538243066697"
"2005-07-04","3.06025738117499"
"2005-07-05","4.10686490236423"
"2005-07-06","5.17397962142895"
"2005-07-07","3.06191740562389"
"2005-07-08","3.38181977199786"
"2005-07-09","5.61205723584988"
"2005-07-10","5.03221207986146"
"2005-07-11","1.95482999318606"
"2005-07-12","1.93653302043031"
"2005-07-13","0.666334156995212"
"2005-07-14","1.13605807173304"
"2005-07-15","3.47719117315301"
"2005-07-16","3.61061331952289"
"2005-07-17","2.91783857590708"
"2005-07-18","2.73738346329499"
"2005-07-19","3.20327804821394"
"2005-07-20","3.04689802184249"
"2005-07-21","6.25082962079482"
"2005-07-22","8.99769988410917"
"2005-07-23","8.901873615397"
"2005-07-24","6.34654289458221"
"2005-07-25","2.56852942550337"
"2005-07-26","2.82052945510134"
"2005-07-27","1.98263601294328"
"2005-07-28","2.76847038434181"
"2005-07-29","5.38852945808724"
"2005-07-30","3.6382597189445"
"2005-07-31","3.08888364096225"
"2005-08-01","3.01333760105686"
"2005-08-02","9.54597408534128"
"2005-08-03","8.67951547325432"
"2005-08-04","6.09893486664925"
"2005-08-05","4.64345269440572"
"2005-08-06","6.79842318084849"
"2005-08-07","3.11147129122829"
"2005-08-08","6.09760028768927"
"2005-08-09","4.37085802395106"
"2005-08-10","1.69177942648853"
"2005-08-11","3.08754029966794"
"2005-08-12","3.2728799638294"
"2005-08-13","4.41378335519271"
"2005-08-14","15.5651838397567"
"2005-08-15","5.6813128879576"
"2005-08-16","3.72398753341658"
"2005-08-17","10.7554960127001"
"2005-08-18","7.06921737689477"
"2005-08-19","1.68582932709099"
"2005-08-20","2.36571695807176"
"2005-08-21","3.83865532678959"
"2005-08-22","4.27673305448516"
"2005-08-23","3.45808813633857"
"2005-08-24","3.4961347149048"
"2005-08-25","3.64702135917944"
"2005-08-26","4.97870844060724"
"2005-08-27","9.39673407150037"
"2005-08-28","14.2875307979006"
"2005-08-29","27.1470345996675"
"2005-08-30","7.87671851686069"
"2005-08-31","1.11882725338657"
"2005-09-01","1.49467669362888"
"2005-09-02","2.58000741002364"
"2005-09-03","1.63959588110447"
"2005-09-04","3.23544534511896"
"2005-09-05","3.79464092631361"
"2005-09-06","6.83002837344165"
"2005-09-07","8.92883082488915"
"2005-09-08","9.45930292596033"
"2005-09-09","5.65102252119031"
"2005-09-10","2.41656890369597"
"2005-09-11","3.88947860606305"
"2005-09-12","4.24144110431919"
"2005-09-13","2.53842852022741"
"2005-09-14","7.1357335662429"
"2005-09-15","7.84668182810664"
"2005-09-16","4.93831723954254"
"2005-09-17","7.18380602407249"
"2005-09-18","6.25175393711437"
"2005-09-19","3.57051551587138"
"2005-09-20","2.13798385136055"
"2005-09-21","7.46027772973626"
"2005-09-22","2.30174777182666"
"2005-09-23","2.65813340665974"
"2005-09-24","3.76346748215812"
"2005-09-25","2.97055524639237"
"2005-09-26","5.59287998325381"
"2005-09-27","6.0788305347616"
"2005-09-28","3.2323322479343"
"2005-09-29","0.830633440187999"
"2005-09-30","4.23627523013524"
"2005-10-01","8.77362818635387"
"2005-10-02","5.66690430032226"
"2005-10-03","8.68732327609867"
"2005-10-04","7.04658909690328"
"2005-10-05","4.06172466123259"
"2005-10-06","8.92090040058285"
"2005-10-07","1.70783767478291"
"2005-10-08","1.36125351366027"
"2005-10-09","2.06033076320118"
"2005-10-10","6.53697576822141"
"2005-10-11","4.89230372327747"
"2005-10-12","4.24707127959181"
"2005-10-13","15.6347918737502"
"2005-10-14","5.09719046576199"
"2005-10-15","7.44394690133792"
"2005-10-16","10.3827589167145"
"2005-10-17","10.0126272857963"
"2005-10-18","12.9840593606363"
"2005-10-19","4.31828840263994"
"2005-10-20","2.16917814656254"
"2005-10-21","2.57576859629515"
"2005-10-22","2.7580583279396"
"2005-10-23","7.90313130178493"
"2005-10-24","3.17339056807679"
"2005-10-25","2.5446778671308"
"2005-10-26","8.36496339319072"
"2005-10-27","6.6800780389216"
"2005-10-28","11.7108788779288"
"2005-10-29","1.80603293513323"
"2005-10-30","2.43871780649408"
"2005-10-31","4.03662497089023"
"2005-11-01","6.57914095007496"
"2005-11-02","19.6805998732001"
"2005-11-03","13.9614865852125"
"2005-11-04","6.65805410719537"
"2005-11-05","17.9840873743032"
"2005-11-06","14.108588703783"
"2005-11-07","3.16882070060416"
"2005-11-08","0.799949449829725"
"2005-11-09","4.74677670853479"
"2005-11-10","2.66801578657968"
"2005-11-11","4.34245437744892"
"2005-11-12","5.0853674693025"
"2005-11-13","7.53792881191551"
"2005-11-14","10.9018470085028"
"2005-11-15","10.5771895662531"
"2005-11-16","11.705662745934"
"2005-11-17","20.5339838663737"
"2005-11-18","22.7903675269255"
"2005-11-19","9.77513909855962"
"2005-11-20","9.61271175161585"
"2005-11-21","13.0514834288395"
"2005-11-22","13.793781652079"
"2005-11-23","17.5672742670233"
"2005-11-24","13.895123217529"
"2005-11-25","36.9271510483383"
"2005-11-26","13.7711134204617"
"2005-11-27","13.0022988216185"
"2005-11-28","17.4932356314226"
"2005-11-29","10.0962652107338"
"2005-11-30","12.7603512078653"
"2005-12-01","38.1276914423162"
"2005-12-02","2.96192589750538"
"2005-12-03","3.3377419483094"
"2005-12-04","22.7123042494704"
"2005-12-05","15.8185983942701"
"2005-12-06","5.88239999250932"
"2005-12-07","11.6271918465049"
"2005-12-08","10.9866106737228"
"2005-12-09","10.3198920679299"
"2005-12-10","14.8998836459536"
"2005-12-11","24.5555130847089"
"2005-12-12","19.6603073186173"
"2005-12-13","15.3092951588816"
"2005-12-14","14.4990988335052"
"2005-12-15","61.5058524557006"
"2005-12-16","9.07474067097619"
"2005-12-17","15.8977294814535"
"2005-12-18","16.5237234000004"
"2005-12-19","16.9187792493151"
"2005-12-20","38.1589156394397"
"2005-12-21","25.2585767357896"
"2005-12-22","20.9544337053836"
"2005-12-23","73.040268043419"
"2005-12-24","26.590306125162"
"2005-12-25","15.8376772682388"
"2005-12-26","14.2695324947308"
"2005-12-27","38.968603365349"
"2005-12-28","18.7837082379824"
"2005-12-29","35.2279779591086"
"2005-12-30","57.1649175536581"
"2005-12-31","65.1112603191689"
"2006-01-01","12.0817306733235"
"2006-01-02","10.8269525709606"
"2006-01-03","23.6371926353091"
"2006-01-04","28.9053396167177"
"2006-01-05","32.9423420976251"
"2006-01-06","43.1140030287045"
"2006-01-07","37.613633391145"
"2006-01-08","42.5744109215674"
"2006-01-09","27.032433736892"
"2006-01-10","46.4836798333502"
"2006-01-11","5.99828799255999"
"2006-01-12","19.8112910134452"
"2006-01-13","24.7688205479543"
"2006-01-14","35.4659658076959"
"2006-01-15","35.0621002494515"
"2006-01-16","23.1678771146964"
"2006-01-17","28.1848093586051"
"2006-01-18","36.2667917936911"
"2006-01-19","23.8905265031955"
"2006-01-20","26.9529390624075"
"2006-01-21","38.6970407807982"
"2006-01-22","52.8378036424711"
"2006-01-23","23.6673464465451"
"2006-01-24","27.4817921692159"
"2006-01-25","24.0386769100701"
"2006-01-26","61.0388258071173"
"2006-01-27","28.8461770887499"
"2006-01-28","4.80773217647107"
"2006-01-29","11.3755364659287"
"2006-01-30","16.9670707745986"
"2006-01-31","21.1822497008683"
"2006-02-01","8.07515492145117"
"2006-02-02","16.9201633290295"
"2006-02-03","26.17581817082"
"2006-02-04","26.9062936625955"
"2006-02-05","24.4790406536746"
"2006-02-06","18.5238932861394"
"2006-02-07","23.617559115092"
"2006-02-08","44.3735770601215"
"2006-02-09","13.1570883509401"
"2006-02-10","15.2349297123038"
"2006-02-11","16.7349083846782"
"2006-02-12","41.4343047616802"
"2006-02-13","16.5284788515661"
"2006-02-14","14.3337943977092"
"2006-02-15","21.1493488988835"
"2006-02-16","29.950436340266"
"2006-02-17","37.2741702026103"
"2006-02-18","17.1377747771028"
"2006-02-19","21.8166415061786"
"2006-02-20","26.4783502388826"
"2006-02-21","23.8956784747896"
"2006-02-22","24.9622221612311"
"2006-02-23","27.225267129543"
"2006-02-24","33.1280782790411"
"2006-02-25","10.3487036919697"
"2006-02-26","8.03704297800601"
"2006-02-27","21.4809905460903"
"2006-02-28","25.1308036944567"
"2006-03-01","27.5894033919165"
"2006-03-02","24.5513505976954"
"2006-03-03","26.0712587678587"
"2006-03-04","59.6393902601102"
"2006-03-05","38.0432441100414"
"2006-03-06","15.9659602342746"
"2006-03-07","15.8362316238932"
"2006-03-08","21.6084142495027"
"2006-03-09","35.0850059212028"
"2006-03-10","29.5255484064936"
"2006-03-11","22.1199130144986"
"2006-03-12","82.381548497584"
"2006-03-13","5.74621765541308"
"2006-03-14","11.8115911194772"
"2006-03-15","11.3241145744984"
"2006-03-16","17.4692397633672"
"2006-03-17","12.0765664257528"
"2006-03-18","11.7992303381751"
"2006-03-19","14.9420426315043"
"2006-03-20","18.090728099212"
"2006-03-21","18.4764808060287"
"2006-03-22","19.8329521154428"
"2006-03-23","27.4623468489874"
"2006-03-24","23.0283369997363"
"2006-03-25","19.7292885346846"
"2006-03-26","22.9859435424144"
"2006-03-27","8.63869647546248"
"2006-03-28","17.9856489932898"
"2006-03-29","24.0718934484374"
"2006-03-30","14.2818713064318"
"2006-03-31","12.1684373756508"
"2006-04-01","8.54310134478978"
"2006-04-02","9.31746929342096"
"2006-04-03","7.64073123663535"
"2006-04-04","9.41149791701015"
"2006-04-05","11.685472207668"
"2006-04-06","9.99241529398666"
"2006-04-07","9.69459976571979"
"2006-04-08","11.3604709802768"
"2006-04-09","9.91182778098366"
"2006-04-10","11.3901256792473"
"2006-04-11","32.0553475004254"
"2006-04-12","9.69363879331779"
"2006-04-13","12.5046759271002"
"2006-04-14","7.49521988810915"
"2006-04-15","4.67718441248972"
"2006-04-16","5.96131939908643"
"2006-04-17","21.7287858079522"
"2006-04-18","9.83665214782153"
"2006-04-19","19.7560755845272"
"2006-04-20","3.78165388404033"
"2006-04-21","5.09423350384741"
"2006-04-22","5.65381534894307"
"2006-04-23","5.23759251394313"
"2006-04-24","4.96017547138842"
"2006-04-25","6.59653019285821"
"2006-04-26","9.55824804718876"
"2006-04-27","10.5060796675744"
"2006-04-28","8.17190511195691"
"2006-04-29","1.03334923856186"
"2006-04-30","2.3471766088432"
"2006-05-01","3.53237510811199"
"2006-05-02","5.08956293058602"
"2006-05-03","5.87069431476263"
"2006-05-04","3.86103087173396"
"2006-05-05","3.02962505778709"
"2006-05-06","6.40942380335424"
"2006-05-07","1.36937903499965"
"2006-05-08","1.59338292798826"
"2006-05-09","2.87625016536548"
"2006-05-10","2.8883518388261"
"2006-05-11","3.68048681570338"
"2006-05-12","3.27200011154274"
"2006-05-13","3.00735563452626"
"2006-05-14","2.89412699697854"
"2006-05-15","3.243649760366"
"2006-05-16","5.22160602002949"
"2006-05-17","4.78983304381887"
"2006-05-18","4.10342566894762"
"2006-05-19","7.03464785282746"
"2006-05-20","5.77058626717819"
"2006-05-21","3.18050311963796"
"2006-05-22","4.41441724697749"
"2006-05-23","5.41156197574748"
"2006-05-24","4.31338609297038"
"2006-05-25","5.19062059575861"
"2006-05-26","4.6096942827299"
"2006-05-27","5.94020185635719"
"2006-05-28","4.8096820931414"
"2006-05-29","5.22978536649184"
"2006-05-30","5.69888586915417"
"2006-05-31","8.23963885905939"
"2006-06-01","5.72752894828846"
"2006-06-02","6.80052334508855"
"2006-06-03","4.77643131796932"
"2006-06-04","4.78583450183208"
"2006-06-05","4.62549972121334"
"2006-06-06","4.27435316667928"
"2006-06-07","4.15590451135264"
"2006-06-08","5.01901341310311"
"2006-06-09","5.89189263546106"
"2006-06-10","7.52120817481697"
"2006-06-11","4.98542176903068"
"2006-06-12","2.59399622085291"
"2006-06-13","3.15150626990702"
"2006-06-14","4.01139708772882"
"2006-06-15","4.78688287218928"
"2006-06-16","5.23983892011436"
"2006-06-17","3.39259388668713"
"2006-06-18","4.03438184684489"
"2006-06-19","5.29359720279644"
"2006-06-20","6.50309455962408"
"2006-06-21","1.30679448394032"
"2006-06-22","1.06623456494891"
"2006-06-23","1.61456590168404"
"2006-06-24","1.92065044669878"
"2006-06-25","2.58400026583052"
"2006-06-26","3.4307851254682"
"2006-06-27","2.2999203441205"
"2006-06-28","6.40173751244813"
"2006-06-29","6.63623090636679"
"2006-06-30","3.13312337537865"
"2006-07-01","3.09876775419041"
"2006-07-02","1.63534842534757"
"2006-07-03","2.27121765189099"
"2006-07-04","3.04477878360005"
"2006-07-05","5.85088378320009"
"2006-07-06","4.64133198023875"
"2006-07-07","3.02690474656753"
"2006-07-08","2.54257565607756"
"2006-07-09","5.94103640962989"
"2006-07-10","17.9736594679036"
"2006-07-11","4.63709110357029"
"2006-07-12","4.28165196030687"
"2006-07-13","4.3082616956203"
"2006-07-14","3.19442781793091"
"2006-07-15","0.468126329476441"
"2006-07-16","0.850543527311577"
"2006-07-17","2.56700743238131"
"2006-07-18","2.92742603939849"
"2006-07-19","3.29743544338069"
"2006-07-20","3.40771229907032"
"2006-07-21","4.43670058766485"
"2006-07-22","3.70296516562953"
"2006-07-23","3.4619914417143"
"2006-07-24","4.08589772641401"
"2006-07-25","3.30958400299023"
"2006-07-26","2.6723295974009"
"2006-07-27","5.07623327242864"
"2006-07-28","9.74799696810834"
"2006-07-29","5.91180065235534"
"2006-07-30","7.70883513477458"
"2006-07-31","3.842740194106"
"2006-08-01","3.27799463194686"
"2006-08-02","5.75974364920612"
"2006-08-03","5.67446533477668"
"2006-08-04","3.60925174662561"
"2006-08-05","3.24514230402001"
"2006-08-06","4.98516406847801"
"2006-08-07","7.02333298493257"
"2006-08-08","15.3622446782661"
"2006-08-09","8.29307983551191"
"2006-08-10","6.01680284506315"
"2006-08-11","3.88616087426355"
"2006-08-12","5.09676432557952"
"2006-08-13","16.3881265198514"
"2006-08-14","10.7497882523062"
"2006-08-15","5.0363336156457"
"2006-08-16","37.8962699469034"
"2006-08-17","8.23177227829442"
"2006-08-18","5.03854158481994"
"2006-08-19","5.2157215762448"
"2006-08-20","14.9283468052422"
"2006-08-21","12.869999651269"
"2006-08-22","8.90976834555209"
"2006-08-23","3.63760319545672"
"2006-08-24","1.21074451267461"
"2006-08-25","3.4243621046925"
"2006-08-26","3.81017275470676"
"2006-08-27","5.81579844672959"
"2006-08-28","4.2397443275431"
"2006-08-29","4.73595274991287"
"2006-08-30","7.27589406337573"
"2006-08-31","14.6433436798327"
"2006-09-01","21.8536203454583"
"2006-09-02","21.3283598701675"
"2006-09-03","6.9908067818844"
"2006-09-04","3.9913898453568"
"2006-09-05","8.26074552948857"
"2006-09-06","0.667825861055872"
"2006-09-07","1.95980507883675"
"2006-09-08","2.71581778794656"
"2006-09-09","6.35146366156541"
"2006-09-10","6.31858846171078"
"2006-09-11","5.10136734303974"
"2006-09-12","8.24253823746851"
"2006-09-13","15.5929036635857"
"2006-09-14","11.13375784618"
"2006-09-15","11.1002362465962"
"2006-09-16","9.36705304224254"
"2006-09-17","14.2556593593581"
"2006-09-18","13.2032844731302"
"2006-09-19","61.4604399544852"
"2006-09-20","7.32349253784527"
"2006-09-21","14.9866920570274"
"2006-09-22","35.3670551828492"
"2006-09-23","18.5773835409255"
"2006-09-24","9.73716420915736"
"2006-09-25","6.42241147689489"
"2006-09-26","20.2421318793194"
"2006-09-27","23.7557138921895"
"2006-09-28","11.2073537188691"
"2006-09-29","13.0900348760349"
"2006-09-30","9.46398126924193"
"2006-10-01","29.4004892993283"
"2006-10-02","13.5679226282871"
"2006-10-03","17.7793348506416"
"2006-10-04","71.4053707865926"
"2006-10-05","13.4250091412367"
"2006-10-06","17.2349261370572"
"2006-10-07","37.2477291404427"
"2006-10-08","17.1392018805335"
"2006-10-09","13.6381114943203"
"2006-10-10","21.0244700939624"
"2006-10-11","56.4450913383847"
"2006-10-12","80.8357664000936"
"2006-10-13","17.763364853797"
"2006-10-14","20.5304398825674"
"2006-10-15","13.09224107668"
"2006-10-16","15.3811787795195"
"2006-10-17","57.7999410918265"
"2006-10-18","18.3672847355599"
"2006-10-19","13.94752326569"
"2006-10-20","13.5147393750938"
"2006-10-21","14.8444389718952"
"2006-10-22","22.5360585703994"
"2006-10-23","23.0751838477659"
"2006-10-24","38.167283054038"
"2006-10-25","23.0573338182458"
"2006-10-26","21.9761541044557"
"2006-10-27","15.3779781370452"
"2006-10-28","12.8092367514903"
"2006-10-29","14.0768029039556"
"2006-10-30","22.5701908301481"
"2006-10-31","36.6871048402993"
"2006-11-01","35.3796058341022"
"2006-11-02","13.8569315522264"
"2006-11-03","15.9380210034259"
"2006-11-04","16.1097134202074"
"2006-11-05","23.9521370264359"
"2006-11-06","21.5461373205309"
"2006-11-07","16.4295359689952"
"2006-11-08","16.7792056463498"
"2006-11-09","23.3414954230899"
"2006-11-10","44.1383888195087"
"2006-11-11","22.4196423245715"
"2006-11-12","17.9519873036967"
"2006-11-13","17.972901664255"
"2006-11-14","22.8116935341905"
"2006-11-15","9.57360737870782"
"2006-11-16","11.7255826687916"
"2006-11-17","18.3864156012927"
"2006-11-18","29.0352652165797"
"2006-11-19","37.25550848065"
"2006-11-20","62.6678651421617"
"2006-11-21","94.6433661820053"
"2006-11-22","14.7845546425163"
"2006-11-23","22.3467489589344"
"2006-11-24","49.8502178439846"
"2006-11-25","55.0984101894098"
"2006-11-26","39.7172280101033"
"2006-11-27","49.8204517694779"
"2006-11-28","62.4979856912192"
"2006-11-29","34.0789168964733"
"2006-11-30","70.5760820892466"
"2006-12-01","43.138001867187"
"2006-12-02","23.1347725112717"
"2006-12-03","18.8592567237425"
"2006-12-04","29.5331878992386"
"2006-12-05","64.2124902634394"
"2006-12-06","32.0201089041574"
"2006-12-07","53.6991978930188"
"2006-12-08","47.1257322071951"
"2006-12-09","46.6961180781905"
"2006-12-10","77.1166840260163"
"2006-12-11","31.8237424908262"
"2006-12-12","34.3395432311219"
"2006-12-13","30.0357244252126"
"2006-12-14","47.3067125097498"
"2006-12-15","24.6553743577107"
"2006-12-16","34.1071142634272"
"2006-12-17","39.7928724660502"
"2006-12-18","55.3548873967423"
"2006-12-19","31.1389387386702"
"2006-12-20","43.1616941840102"
"2006-12-21","58.3584681093951"
"2006-12-22","9.41273499670483"
"2006-12-23","18.1376378959392"
"2006-12-24","17.3701720877643"
"2006-12-25","15.2114523809194"
"2006-12-26","11.9007138875656"
"2006-12-27","15.8698330152602"
"2006-12-28","21.584474530571"
"2006-12-29","24.030460357666"
"2006-12-30","23.9410963099756"
"2006-12-31","4.94496143122256"
"2007-01-01","2.23702555223977"
"2007-01-02","6.77707615249601"
"2007-01-03","18.9805767381346"
"2007-01-04","27.698652581219"
"2007-01-05","26.7832342907464"
"2007-01-06","21.8941026704136"
"2007-01-07","7.44373254290907"
"2007-01-08","19.1120871465444"
"2007-01-09","28.0678018677286"
"2007-01-10","69.8534055932776"
"2007-01-11","41.6872579483759"
"2007-01-12","20.8098660588781"
"2007-01-13","30.8040518492331"
"2007-01-14","30.3230550774248"
"2007-01-15","34.7802572787066"
"2007-01-16","51.2839692185968"
"2007-01-17","28.6106538401022"
"2007-01-18","18.4094883807294"
"2007-01-19","2.13242009127295"
"2007-01-20","0.611830459206135"
"2007-01-21","1.22161257421816"
"2007-01-22","3.00707913786818"
"2007-01-23","8.62060682649736"
"2007-01-24","8.89722451915989"
"2007-01-25","16.2410571420348"
"2007-01-26","28.331465816085"
"2007-01-27","12.6511267800352"
"2007-01-28","16.5829169843104"
"2007-01-29","8.9330384339089"
"2007-01-30","20.3588697394251"
"2007-01-31","23.0090841586456"
"2007-02-01","24.7219143698226"
"2007-02-02","43.5919680987602"
"2007-02-03","47.9169154807087"
"2007-02-04","37.2408115832837"
"2007-02-05","58.8042237418039"
"2007-02-06","27.0722433189293"
"2007-02-07","20.0359327555735"
"2007-02-08","24.8918453852336"
"2007-02-09","27.0303686480501"
"2007-02-10","15.26309516626"
"2007-02-11","16.1701886726148"
"2007-02-12","17.9287360509237"
"2007-02-13","18.5412965625912"
"2007-02-14","25.1562794359215"
"2007-02-15","21.9649832382863"
"2007-02-16","27.6288820819937"
"2007-02-17","33.6422746253736"
"2007-02-18","35.0012510555647"
"2007-02-19","26.8348901674345"
"2007-02-20","38.3427179344805"
"2007-02-21","14.8213275959997"
"2007-02-22","18.0764605317797"
"2007-02-23","29.9414676071762"
"2007-02-24","17.8177894555129"
"2007-02-25","20.4578643774057"
"2007-02-26","19.8169070858976"
"2007-02-27","19.0760259876004"
"2007-02-28","13.292453289032"
"2007-03-01","18.986274797679"
"2007-03-02","19.0807027114934"
"2007-03-03","36.7062611848245"
"2007-03-04","16.9612744298332"
"2007-03-05","24.724243060851"
"2007-03-06","17.9494855228441"
"2007-03-07","22.433121148642"
"2007-03-08","20.8482813153948"
"2007-03-09","25.7799303541968"
"2007-03-10","26.7060742481446"
"2007-03-11","14.5007469416697"
"2007-03-12","25.6092111579268"
"2007-03-13","24.8403302394983"
"2007-03-14","25.5792668577913"
"2007-03-15","19.0376634308786"
"2007-03-16","7.20827234668649"
"2007-03-17","17.9481546104728"
"2007-03-18","16.798446176372"
"2007-03-19","15.4960963674438"
"2007-03-20","1.98073942204574"
"2007-03-21","6.94860111273728"
"2007-03-22","18.6703792423397"
"2007-03-23","47.6057433751754"
"2007-03-24","13.0580575868681"
"2007-03-25","14.3548226253295"
"2007-03-26","12.8359425532353"
"2007-03-27","21.4692397427249"
"2007-03-28","6.72014311691383"
"2007-03-29","9.95194334385199"
"2007-03-30","15.9167595528937"
"2007-03-31","10.3897547742505"
"2007-04-01","12.8794536074519"
"2007-04-02","9.19693322305555"
"2007-04-03","13.2903666166"
"2007-04-04","13.1189489323339"
"2007-04-05","9.17015504011344"
"2007-04-06","14.0902689772767"
"2007-04-07","12.8936437425159"
"2007-04-08","15.7295623217826"
"2007-04-09","20.1570580428813"
"2007-04-10","17.0461664075975"
"2007-04-11","23.5493266407029"
"2007-04-12","26.2766340098856"
"2007-04-13","18.9154885651229"
"2007-04-14","27.2999410422849"
"2007-04-15","9.70214497268974"
"2007-04-16","10.2358123378836"
"2007-04-17","19.8324141853299"
"2007-04-18","10.593956008102"
"2007-04-19","10.5038125917509"
"2007-04-20","14.3276483486225"
"2007-04-21","5.53967616052339"
"2007-04-22","5.78559020793799"
"2007-04-23","12.1069436259084"
"2007-04-24","7.66765692533353"
"2007-04-25","10.0147962859183"
"2007-04-26","13.7040286910482"
"2007-04-27","1.94377942544557"
"2007-04-28","0.165060170672157"
"2007-04-29","0.740561393158131"
"2007-04-30","1.27872306489067"
"2007-05-01","4.81603912099615"
"2007-05-02","3.62742091167025"
"2007-05-03","5.23521492568961"
"2007-05-04","1.57028454348638"
"2007-05-05","2.11377376743725"
"2007-05-06","2.83702124403669"
"2007-05-07","7.41848914757435"
"2007-05-08","6.90545965531172"
"2007-05-09","4.90503220872962"
"2007-05-10","3.95081634051872"
"2007-05-11","5.0868354256535"
"2007-05-12","7.01987830126956"
"2007-05-13","6.43058322724842"
"2007-05-14","5.60000042327039"
"2007-05-15","1.21198195618985"
"2007-05-16","0.441035942904232"
"2007-05-17","1.24638184685728"
"2007-05-18","2.52709915388972"
"2007-05-19","4.36034499153946"
"2007-05-20","3.93127622026386"
"2007-05-21","4.05148394360687"
"2007-05-22","2.10773125097349"
"2007-05-23","3.32096154245979"
"2007-05-24","9.98695321619769"
"2007-05-25","8.27132621678439"
"2007-05-26","4.9440786054124"
"2007-05-27","8.90664647667955"
"2007-05-28","3.56547414637231"
"2007-05-29","5.16299439869918"
"2007-05-30","0.412605860742269"
"2007-05-31","0.817965469286813"
"2007-06-01","0.983847882356737"
"2007-06-02","1.29023750887547"
"2007-06-03","1.26767237674751"
"2007-06-04","1.1089719921931"
"2007-06-05","2.20172551480723"
"2007-06-06","2.49492267380545"
"2007-06-07","3.165524984593"
"2007-06-08","3.39431301597909"
"2007-06-09","2.84070549421496"
"2007-06-10","2.20398143862749"
"2007-06-11","2.65593435599174"
"2007-06-12","3.61369816926651"
"2007-06-13","4.12986768995013"
"2007-06-14","3.91194127235578"
"2007-06-15","3.14042942167877"
"2007-06-16","2.16971727457397"
"2007-06-17","2.79997674133871"
"2007-06-18","2.93620254028411"
"2007-06-19","6.55886118236558"
"2007-06-20","3.2097165896779"
"2007-06-21","4.12830472895593"
"2007-06-22","1.70191695021861"
"2007-06-23","1.50883026930677"
"2007-06-24","2.67749446191829"
"2007-06-25","4.95233546861838"
"2007-06-26","3.6397084379609"
"2007-06-27","5.09565108885497"
"2007-06-28","4.44895936090709"
"2007-06-29","1.56819817888272"
"2007-06-30","4.22642791580844"
"2007-07-01","1.55814659156841"
"2007-07-02","4.2819747057828"
"2007-07-03","2.09990644067913"
"2007-07-04","1.16410663146606"
"2007-07-05","1.23037348042577"
"2007-07-06","1.65647175075946"
"2007-07-07","0.913984788025354"
"2007-07-08","1.34495834051531"
"2007-07-09","2.01266362566453"
"2007-07-10","1.68780824438834"
"2007-07-11","1.74148765941719"
"2007-07-12","2.44893566754473"
"2007-07-13","2.4487304714593"
"2007-07-14","2.02510351394162"
"2007-07-15","1.7373904000113"
"2007-07-16","4.54839453965555"
"2007-07-17","2.18986342815094"
"2007-07-18","1.67009463138653"
"2007-07-19","2.2261784941087"
"2007-07-20","1.77004736790925"
"2007-07-21","2.11068229861074"
"2007-07-22","2.00151639247869"
"2007-07-23","3.04653534125456"
"2007-07-24","5.17708847016999"
"2007-07-25","7.67216932205927"
"2007-07-26","5.90869839470108"
"2007-07-27","3.69922013303418"
"2007-07-28","2.20053487912917"
"2007-07-29","0.827657706680752"
"2007-07-30","2.03445999550097"
"2007-07-31","3.69889275129739"
"2007-08-01","4.95951371972179"
"2007-08-02","4.93919535271533"
"2007-08-03","4.78030432457532"
"2007-08-04","2.95683520774305"
"2007-08-05","3.1099007997936"
"2007-08-06","2.54658412430194"
"2007-08-07","8.1221415821092"
"2007-08-08","5.26101757644059"
"2007-08-09","4.67105252505381"
"2007-08-10","9.31153670533911"
"2007-08-11","3.53903091837575"
"2007-08-12","3.80621594758261"
"2007-08-13","3.8316578656048"
"2007-08-14","3.91819860589453"
"2007-08-15","5.16855987738737"
"2007-08-16","4.46280542132142"
"2007-08-17","2.59138394988977"
"2007-08-18","2.69785463887376"
"2007-08-19","2.91034541398416"
"2007-08-20","3.44474150504901"
"2007-08-21","4.96781444859195"
"2007-08-22","3.3753700331176"
"2007-08-23","4.42441164311909"
"2007-08-24","6.51530519398776"
"2007-08-25","10.8183496039667"
"2007-08-26","12.9538971170202"
"2007-08-27","28.986199304655"
"2007-08-28","7.08769391522263"
"2007-08-29","3.74570258355244"
"2007-08-30","23.0246129510723"
"2007-08-31","5.19650044327691"
"2007-09-01","5.0668631967528"
"2007-09-02","8.13343362271528"
"2007-09-03","5.9777050802718"
"2007-09-04","7.21748134377715"
"2007-09-05","8.0990704375428"
"2007-09-06","8.10667997314816"
"2007-09-07","7.50053676898345"
"2007-09-08","7.72199053681774"
"2007-09-09","17.5179486171508"
"2007-09-10","6.23422319548471"
"2007-09-11","3.76567830764628"
"2007-09-12","4.44781876926298"
"2007-09-13","21.7259967296154"
"2007-09-14","6.29144913241977"
"2007-09-15","8.49305067640362"
"2007-09-16","14.6906086665727"
"2007-09-17","3.73780750621965"
"2007-09-18","9.09948702962884"
"2007-09-19","11.9324587846731"
"2007-09-20","5.91700628154722"
"2007-09-21","7.27160256817227"
"2007-09-22","8.99917154394703"
"2007-09-23","25.903816541036"
"2007-09-24","9.29817578906105"
"2007-09-25","9.68076394543503"
"2007-09-26","5.37874667985099"
"2007-09-27","14.9386757070368"
"2007-09-28","4.54046809776521"
"2007-09-29","6.03473681856543"
"2007-09-30","8.55137498876749"
"2007-10-01","10.1442562901612"
"2007-10-02","22.9650071420711"
"2007-10-03","18.0613308830179"
"2007-10-04","9.59644337288745"
"2007-10-05","15.7691163418097"
"2007-10-06","9.12568519280586"
"2007-10-07","8.03524819390598"
"2007-10-08","10.8837254976297"
"2007-10-09","10.0995192300706"
"2007-10-10","32.8794950964131"
"2007-10-11","6.89241825811791"
"2007-10-12","10.63143586906"
"2007-10-13","5.67727621654411"
"2007-10-14","7.53505836214338"
"2007-10-15","42.5235885438465"
"2007-10-16","15.4703982175687"
"2007-10-17","11.5438744990857"
"2007-10-18","56.26738912409"
"2007-10-19","12.5938613652151"
"2007-10-20","23.2862184904354"
"2007-10-21","57.0160458139527"
"2007-10-22","7.55228810650962"
"2007-10-23","8.93186189705159"
"2007-10-24","16.6958778327678"
"2007-10-25","5.07968110181552"
"2007-10-26","9.98794175329662"
"2007-10-27","37.4904282227223"
"2007-10-28","30.5088751739238"
"2007-10-29","21.6675647781009"
"2007-10-30","14.5062438234106"
"2007-10-31","9.62601633092542"
"2007-11-01","15.9181924733249"
"2007-11-02","2.54445668074476"
"2007-11-03","2.32609535734375"
"2007-11-04","0.725564954616936"
"2007-11-05","3.9667115177298"
"2007-11-06","5.91293644750273"
"2007-11-07","8.4817688263856"
"2007-11-08","10.5548455250728"
"2007-11-09","13.7214619783096"
"2007-11-10","16.8009160452591"
"2007-11-11","24.3946096019827"
"2007-11-12","20.596463040356"
"2007-11-13","23.3918243548571"
"2007-11-14","24.7484934299023"
"2007-11-15","32.2222895436473"
"2007-11-16","38.3185673544417"
"2007-11-17","27.7319117046538"
"2007-11-18","17.6447365892914"
"2007-11-19","37.2386497563614"
"2007-11-20","27.1537570189604"
"2007-11-21","1.35965514208847"
"2007-11-22","6.51340621193766"
"2007-11-23","12.8243227170143"
"2007-11-24","23.7138778595697"
"2007-11-25","22.309974767429"
"2007-11-26","21.5565138936559"
"2007-11-27","23.7456822126975"
"2007-11-28","15.2206715257653"
"2007-11-29","11.0364784317099"
"2007-11-30","23.9150852826767"
"2007-12-01","24.5425990959267"
"2007-12-02","23.6945842891544"
"2007-12-03","14.2037031000311"
"2007-12-04","11.5155719812814"
"2007-12-05","17.0836463180971"
"2007-12-06","38.5843098050072"
"2007-12-07","20.9966122102944"
"2007-12-08","22.7775027989309"
"2007-12-09","24.1411346790594"
"2007-12-10","17.8917573375619"
"2007-12-11","15.8678002460694"
"2007-12-12","26.124686645739"
"2007-12-13","18.4154272451029"
"2007-12-14","32.5507425498137"
"2007-12-15","7.8716388347345"
"2007-12-16","21.3287489919951"
"2007-12-17","28.3709506451826"
"2007-12-18","14.8773384114881"
"2007-12-19","25.6097367026589"
"2007-12-20","9.97179537160056"
"2007-12-21","3.70581076181296"
"2007-12-22","1.26210117082059"
"2007-12-23","2.79159648322956"
"2007-12-24","8.21881012276654"
"2007-12-25","12.7847893299995"
"2007-12-26","23.978559184384"
"2007-12-27","30.2396099701588"
"2007-12-28","41.1007647080855"
"2007-12-29","52.0829663132176"
"2007-12-30","40.2248508899243"
"2007-12-31","74.3437919946976"
"2008-01-01","74.932040738853"
"2008-01-02","30.174650840429"
"2008-01-03","26.3016487674796"
"2008-01-04","23.1939823844216"
"2008-01-05","28.0942005140957"
"2008-01-06","28.9058809817095"
"2008-01-07","33.0626384107581"
"2008-01-08","28.1817944101441"
"2008-01-09","40.5658958567169"
"2008-01-10","52.0074929571771"
"2008-01-11","58.9109337546609"
"2008-01-12","26.1470960394129"
"2008-01-13","26.2399343845648"
"2008-01-14","33.2612234503676"
"2008-01-15","40.7045877547491"
"2008-01-16","26.6390563708879"
"2008-01-17","31.1167469685212"
"2008-01-18","3.55410077458336"
"2008-01-19","0.580239542667226"
"2008-01-20","4.36730002350621"
"2008-01-21","10.1497181421751"
"2008-01-22","12.8629857936463"
"2008-01-23","18.8442456216523"
"2008-01-24","11.259254604191"
"2008-01-25","21.6013680825502"
"2008-01-26","22.7222150166829"
"2008-01-27","23.7735214522391"
"2008-01-28","23.2294063650684"
"2008-01-29","27.9842462044258"
"2008-01-30","29.0197000957671"
"2008-01-31","12.8993861541087"
"2008-02-01","24.2148137526079"
"2008-02-02","41.0385382103198"
"2008-02-03","26.4524182984323"
"2008-02-04","30.1058935190176"
"2008-02-05","16.3980180938523"
"2008-02-06","7.64550566260433"
"2008-02-07","13.8472711472284"
"2008-02-08","14.9982049908989"
"2008-02-09","19.8931764544863"
"2008-02-10","19.3534653857673"
"2008-02-11","22.5041491975"
"2008-02-12","25.5961780713234"
"2008-02-13","23.7464395993716"
"2008-02-14","19.9886821482605"
"2008-02-15","31.971154332677"
"2008-02-16","32.9039778275923"
"2008-02-17","29.8709526639996"
"2008-02-18","31.6660543912417"
"2008-02-19","40.7242565155029"
"2008-02-20","6.10166132708133"
"2008-02-21","15.1003398730125"
"2008-02-22","28.8520733474137"
"2008-02-23","12.329446222875"
"2008-02-24","12.7002352099398"
"2008-02-25","14.7736615701155"
"2008-02-26","19.3545356601864"
"2008-02-27","18.1662671762111"
"2008-02-28","21.1678792325965"
"2008-02-29","19.6380304402603"
"2008-03-01","22.5601956503732"
"2008-03-02","19.8012089254536"
"2008-03-03","30.8052868038029"
"2008-03-04","25.6121622886493"
"2008-03-05","29.386997156845"
"2008-03-06","32.9104791864172"
"2008-03-07","23.215554939204"
"2008-03-08","34.264200755528"
"2008-03-09","29.8048324584961"
"2008-03-10","56.096510833476"
"2008-03-11","26.9043681239669"
"2008-03-12","41.774214162455"
"2008-03-13","51.93707319978"
"2008-03-14","49.574416883064"
"2008-03-15","35.855165630192"
"2008-03-16","39.2256374193992"
"2008-03-17","55.0583558020654"
"2008-03-18","30.0473566096582"
"2008-03-19","19.3350182735559"
"2008-03-20","11.1406271509278"
"2008-03-21","17.2542606824404"
"2008-03-22","14.1506020806052"
"2008-03-23","11.3911691145463"
"2008-03-24","10.189699382493"
"2008-03-25","3.37179571261138"
"2008-03-26","4.10676926709873"
"2008-03-27","7.46669012230712"
"2008-03-28","7.1829810957888"
"2008-03-29","6.77999394486993"
"2008-03-30","11.2696121265362"
"2008-03-31","7.08554225153737"
"2008-04-01","16.6021596693889"
"2008-04-02","19.622916448684"
"2008-04-03","6.99028730960119"
"2008-04-04","4.97307413997072"
"2008-04-05","6.60921156148374"
"2008-04-06","10.62016508796"
"2008-04-07","12.2544683150915"
"2008-04-08","15.3568206844908"
"2008-04-09","12.2257342090854"
"2008-04-10","18.6226487304225"
"2008-04-11","31.692789787854"
"2008-04-12","9.73137141615797"
"2008-04-13","8.87434806039323"
"2008-04-14","6.16287730679367"
"2008-04-15","10.3947981611475"
"2008-04-16","11.1649789417977"
"2008-04-17","9.11843946382597"
"2008-04-18","8.56587540019642"
"2008-04-19","10.5630018845265"
"2008-04-20","13.4255325721972"
"2008-04-21","11.6127273592598"
"2008-04-22","10.687664746206"
"2008-04-23","12.0495590379228"
"2008-04-24","13.0659239921735"
"2008-04-25","19.4620571384182"
"2008-04-26","6.26661088662746"
"2008-04-27","4.52345621482634"
"2008-04-28","4.97742508603381"
"2008-04-29","4.35697048825103"
"2008-04-30","8.42225068575376"
"2008-05-01","1.60200221094734"
"2008-05-02","7.30138469155217"
"2008-05-03","3.85691623305862"
"2008-05-04","9.0778399339486"
"2008-05-05","5.76652410329678"
"2008-05-06","3.52997891108195"
"2008-05-07","3.6126758562022"
"2008-05-08","4.00537704647361"
"2008-05-09","3.12718308875055"
"2008-05-10","3.03939898808797"
"2008-05-11","3.44640340278675"
"2008-05-12","3.90615703171982"
"2008-05-13","4.96043376385908"
"2008-05-14","8.3061319016791"
"2008-05-15","13.0088016439826"
"2008-05-16","9.76303671345566"
"2008-05-17","0.47567621413699"
"2008-05-18","1.70957195720115"
"2008-05-19","1.96868066444541"
"2008-05-20","1.92707152993648"
"2008-05-21","3.27801841510323"
"2008-05-22","3.3437677627002"
"2008-05-23","3.66024044994668"
"2008-05-24","4.47263126352649"
"2008-05-25","4.98382589311311"
"2008-05-26","4.33239470286803"
"2008-05-27","3.89325694810776"
"2008-05-28","4.16371059727359"
"2008-05-29","5.09180846565214"
"2008-05-30","7.68826623602863"
"2008-05-31","4.16708584445896"
"2008-06-01","3.84058231941033"
"2008-06-02","5.10964781071717"
"2008-06-03","5.40727540476498"
"2008-06-04","2.24339754782714"
"2008-06-05","5.19460837923603"
"2008-06-06","4.80093050132066"
"2008-06-07","3.39561097188429"
"2008-06-08","3.92169907392361"
"2008-06-09","1.7376908319337"
"2008-06-10","0.981621784984549"
"2008-06-11","2.37478977119252"
"2008-06-12","3.15051883871937"
"2008-06-13","1.37224835902452"
"2008-06-14","2.11622130890171"
"2008-06-15","3.18538283888912"
"2008-06-16","2.87294188490162"
"2008-06-17","4.350363737835"
"2008-06-18","2.90458094454431"
"2008-06-19","2.68423696591225"
"2008-06-20","2.52003226484055"
"2008-06-21","5.00462948243855"
"2008-06-22","5.13696825504303"
"2008-06-23","5.39837871279035"
"2008-06-24","3.65677669115397"
"2008-06-25","8.98944832649066"
"2008-06-26","7.53462676620071"
"2008-06-27","3.33588092822533"
"2008-06-28","6.58915004637334"
"2008-06-29","7.71198778131824"
"2008-06-30","6.24676156353641"
"2008-07-01","3.30046952409404"
"2008-07-02","3.40630264896335"
"2008-07-03","2.78869605967493"
"2008-07-04","2.68363162926781"
"2008-07-05","4.32314369379184"
"2008-07-06","5.14917878051857"
"2008-07-07","0.573110125120326"
"2008-07-08","0.761426588044667"
"2008-07-09","0.894159798199932"
"2008-07-10","4.21446316215125"
"2008-07-11","1.87209976964441"
"2008-07-12","3.63978997492171"
"2008-07-13","3.65313935163733"
"2008-07-14","5.6688471333289"
"2008-07-15","1.66889756814742"
"2008-07-16","1.71204171255553"
"2008-07-17","3.28120770082845"
"2008-07-18","3.42612250529842"
"2008-07-19","6.96234754256872"
"2008-07-20","3.10365838070452"
"2008-07-21","4.70838732585246"
"2008-07-22","2.9078345603241"
"2008-07-23","2.64680487536765"
"2008-07-24","3.75655928731481"
"2008-07-25","4.15631614206157"
"2008-07-26","2.49763089663539"
"2008-07-27","2.72662911580238"
"2008-07-28","4.47313312844281"
"2008-07-29","3.34835841980847"
"2008-07-30","2.87398156975255"
"2008-07-31","5.10481506302243"
"2008-08-01","6.03250504481844"
"2008-08-02","3.20166929162942"
"2008-08-03","5.97290619859448"
"2008-08-04","1.61337150742997"
"2008-08-05","4.0477844487021"
"2008-08-06","4.02441663762708"
"2008-08-07","2.86735342462342"
"2008-08-08","1.65655819549189"
"2008-08-09","3.11296095063676"
"2008-08-10","2.36396339858249"
"2008-08-11","2.59160323447479"
"2008-08-12","2.4396723205651"
"2008-08-13","4.05766212062918"
"2008-08-14","3.59392391551625"
"2008-08-15","2.80701611568401"
"2008-08-16","3.87732793087567"
"2008-08-17","3.62634586694437"
"2008-08-18","3.56308261888884"
"2008-08-19","6.84506993840783"
"2008-08-20","5.61866617718816"
"2008-08-21","3.00614303866506"
"2008-08-22","5.38798767354065"
"2008-08-23","3.01993158291945"
"2008-08-24","2.9904904208142"
"2008-08-25","3.72888687549731"
"2008-08-26","7.09957109178816"
"2008-08-27","3.95695540321854"
"2008-08-28","4.29496035818414"
"2008-08-29","8.2205821920783"
"2008-08-30","2.85797040390246"
"2008-08-31","1.62490468094875"
"2008-09-01","2.16076481226203"
"2008-09-02","2.62201839459665"
"2008-09-03","4.26692990849028"
"2008-09-04","4.13616272071739"
"2008-09-05","1.73671702002034"
"2008-09-06","5.49254218634073"
"2008-09-07","6.22236466459382"
"2008-09-08","5.04421193878372"
"2008-09-09","4.30090615243623"
"2008-09-10","6.01599762604866"
"2008-09-11","13.1161912106848"
"2008-09-12","12.2923510859023"
"2008-09-13","21.0896469132725"
"2008-09-14","10.6538086443236"
"2008-09-15","10.7064386683625"
"2008-09-16","4.12613931343411"
"2008-09-17","5.12554196516673"
"2008-09-18","17.2793914642169"
"2008-09-19","15.0655117953495"
"2008-09-20","13.7496282724075"
"2008-09-21","16.521704995787"
"2008-09-22","9.61810893517036"
"2008-09-23","6.06013703423661"
"2008-09-24","4.90879098058263"
"2008-09-25","19.8777277232249"
"2008-09-26","22.4123688487263"
"2008-09-27","26.2458821457702"
"2008-09-28","10.2073423315436"
"2008-09-29","6.84157211491556"
"2008-09-30","5.12427671389146"
"2008-10-01","41.8047382140056"
"2008-10-02","6.35113493756298"
"2008-10-03","6.56438990021165"
"2008-10-04","7.40391308043426"
"2008-10-05","13.4032383687568"
"2008-10-06","6.16726692569204"
"2008-10-07","6.14970787366231"
"2008-10-08","7.81610773032878"
"2008-10-09","8.13253462159788"
"2008-10-10","13.4876826170719"
"2008-10-11","18.5868500837516"
"2008-10-12","52.0735643642805"
"2008-10-13","13.9224447192568"
"2008-10-14","9.94834703387636"
"2008-10-15","7.40912494153687"
"2008-10-16","10.1927143412751"
"2008-10-17","16.7895245097932"
"2008-10-18","31.407342142873"
"2008-10-19","13.8606622879639"
"2008-10-20","13.989072911151"
"2008-10-21","14.2200168221544"
"2008-10-22","13.954401569449"
"2008-10-23","18.9980809513109"
"2008-10-24","31.9524916364001"
"2008-10-25","30.9766947510955"
"2008-10-26","47.6841075451343"
"2008-10-27","9.2956257475403"
"2008-10-28","12.2407001571738"
"2008-10-29","18.3208563131687"
"2008-10-30","41.2626691876036"
"2008-10-31","7.51789885578733"
"2008-11-01","17.2461717737702"
"2008-11-02","10.7818482448528"
"2008-11-03","6.98173407765178"
"2008-11-04","13.0832211837108"
"2008-11-05","19.2369357600357"
"2008-11-06","19.579197668926"
"2008-11-07","9.2318672308158"
"2008-11-08","2.27797450918656"
"2008-11-09","5.20113468815238"
"2008-11-10","14.0026746270977"
"2008-11-11","19.6419446581886"
"2008-11-12","29.3687072027297"
"2008-11-13","54.1601476545458"
"2008-11-14","13.5231262368041"
"2008-11-15","21.574257510049"
"2008-11-16","17.4718417295646"
"2008-11-17","22.7500677315188"
"2008-11-18","18.4786907501551"
"2008-11-19","7.44504220764358"
"2008-11-20","10.7612370557083"
"2008-11-21","13.483133737143"
"2008-11-22","8.85283986675791"
"2008-11-23","10.5237671704519"
"2008-11-24","10.1130779279775"
"2008-11-25","18.7804892734016"
"2008-11-26","21.4804418592742"
"2008-11-27","29.5901995159331"
"2008-11-28","6.69771960184172"
"2008-11-29","13.9289619747178"
"2008-11-30","25.5577192306519"
"2008-12-01","16.7581532816866"
"2008-12-02","13.8885712499742"
"2008-12-03","19.3578777808648"
"2008-12-04","16.3330132889025"
"2008-12-05","20.2616890849489"
"2008-12-06","17.9235752010758"
"2008-12-07","15.5640622609622"
"2008-12-08","19.5589722699417"
"2008-12-09","5.68870812886721"
"2008-12-10","17.5338351633642"
"2008-12-11","29.4960116390542"
"2008-12-12","4.45962009079012"
"2008-12-13","0.357896770112765"
"2008-12-14","1.52252489689625"
"2008-12-15","3.7685603414263"
"2008-12-16","4.25718196878185"
"2008-12-17","3.39245388621376"
"2008-12-18","6.29691531080188"
"2008-12-19","12.9639913302995"
"2008-12-20","11.4850080580938"
"2008-12-21","22.3032690044089"
"2008-12-22","35.2957512950484"
"2008-12-23","15.1020081755403"
"2008-12-24","27.5925531428614"
"2008-12-25","24.0826629085458"
"2008-12-26","27.0755451871203"
"2008-12-27","21.5980739263229"
"2008-12-28","14.7926106710971"
"2008-12-29","19.3632449794125"
"2008-12-30","24.1679409716552"
"2008-12-31","17.411806928131"
"2009-01-01","24.1680437971503"
"2009-01-02","17.4120233172462"
"2009-01-03","27.2726389443203"
"2009-01-04","39.4539834389955"
"2009-01-05","48.8864883819184"
"2009-01-06","38.8638225613218"
"2009-01-07","16.1812257250666"
"2009-01-08","25.2339511970421"
"2009-01-09","35.0591467737636"
"2009-01-10","42.5773629935789"
"2009-01-11","39.9200033460345"
"2009-01-12","31.5287318869587"
"2009-01-13","53.448529627416"
"2009-01-14","55.9356493020987"
"2009-01-15","23.3993662053888"
"2009-01-16","27.2962742016945"
"2009-01-17","27.8860255608827"
"2009-01-18","43.4442049992549"
"2009-01-19","48.7344665197067"
"2009-01-20","68.821155003139"
"2009-01-21","38.3003604608181"
"2009-01-22","46.1139261732886"
"2009-01-23","27.6777370502422"
"2009-01-24","21.8187398951807"
"2009-01-25","44.7736543349889"
"2009-01-26","47.6068549052977"
"2009-01-27","49.5084321158273"
"2009-01-28","52.3475947854839"
"2009-01-29","69.7276499529422"
"2009-01-30","57.2016631617691"
"2009-01-31","69.60731138089"
"2009-02-01","53.3540567009996"
"2009-02-02","37.9500944955008"
"2009-02-03","30.6109469938072"
"2009-02-04","42.1092499324254"
"2009-02-05","50.1327554033948"
"2009-02-06","44.4240371571991"
"2009-02-07","124.327476864769"
"2009-02-08","25.3716856556021"
"2009-02-09","29.1240685780843"
"2009-02-10","22.622279720389"
"2009-02-11","23.630140713283"
"2009-02-12","34.5419034338617"
"2009-02-13","23.6894011311717"
"2009-02-14","32.1557894124613"
"2009-02-15","19.6902888285649"
"2009-02-16","24.6478394760198"
"2009-02-17","26.2638296977782"
"2009-02-18","34.0450820344867"
"2009-02-19","48.5933640550225"
"2009-02-20","18.9649934314546"
"2009-02-21","23.6917613182233"
"2009-02-22","25.1068592732087"
"2009-02-23","55.7087550638042"
"2009-02-24","28.1182227114062"
"2009-02-25","22.3098502179761"
"2009-02-26","28.0374726382169"
"2009-02-27","60.2121957555994"
"2009-02-28","24.0440368445921"
"2009-03-01","15.2932611853529"
"2009-03-02","19.9807884042913"
"2009-03-03","29.5286068235125"
"2009-03-04","12.4205221995647"
"2009-03-05","7.74018436180049"
"2009-03-06","9.51157117406011"
"2009-03-07","12.9228870899646"
"2009-03-08","17.4574242959291"
"2009-03-09","24.5867404937744"
"2009-03-10","13.4043847699186"
"2009-03-11","10.0662336968756"
"2009-03-12","7.52894049599057"
"2009-03-13","7.48884079002199"
"2009-03-14","7.53297150857521"
"2009-03-15","8.72218053475087"
"2009-03-16","6.04548549806917"
"2009-03-17","9.99697356616264"
"2009-03-18","14.1425148357045"
"2009-03-19","32.0997654514395"
"2009-03-20","20.9148792002624"
"2009-03-21","63.4254018445036"
"2009-03-22","8.76849968092782"
"2009-03-23","12.8412589097952"
"2009-03-24","8.17824843642"
"2009-03-25","12.8822065163484"
"2009-03-26","17.496976699664"
"2009-03-27","12.96233603655"
"2009-03-28","21.8205839132334"
"2009-03-29","39.4413083642076"
"2009-03-30","24.1513069862927"
"2009-03-31","20.8350903358294"
"2009-04-01","19.5295676772213"
"2009-04-02","15.0790800036806"
"2009-04-03","11.5454830359587"
"2009-04-04","8.74856163412978"
"2009-04-05","10.2710400721728"
"2009-04-06","10.0456174483031"
"2009-04-07","7.62534714364386"
"2009-04-08","8.9432123120213"
"2009-04-09","12.8282523547416"
"2009-04-10","13.7592965947601"
"2009-04-11","14.3918472223984"
"2009-04-12","18.3994310180862"
"2009-04-13","17.1890570818088"
"2009-04-14","23.4515116348927"
"2009-04-15","11.1231659975919"
"2009-04-16","10.0229825994153"
"2009-04-17","7.15679283059521"
"2009-04-18","6.9331789109614"
"2009-04-19","11.8832562186501"
"2009-04-20","11.3758114261545"
"2009-04-21","12.201951336551"
"2009-04-22","12.7009604359086"
"2009-04-23","19.8616053634908"
"2009-04-24","1.63989717413337"
"2009-04-25","1.55644005653146"
"2009-04-26","2.23617342224111"
"2009-04-27","1.05792731485326"
"2009-04-28","3.56603229639334"
"2009-04-29","4.40343998830556"
"2009-04-30","6.23796151417158"
"2009-05-01","1.89971704271449"
"2009-05-02","4.99367952604831"
"2009-05-03","4.99517695728319"
"2009-05-04","3.48950327216805"
"2009-05-05","5.42081715224625"
"2009-05-06","4.81907257734439"
"2009-05-07","4.84596244287697"
"2009-05-08","4.31167648674606"
"2009-05-09","5.02829724266416"
"2009-05-10","6.7625160753985"
"2009-05-11","7.4768264045963"
"2009-05-12","4.79457163294672"
"2009-05-13","6.38453874237094"
"2009-05-14","7.1803998637509"
"2009-05-15","4.89593379889732"
"2009-05-16","6.19837149319711"
"2009-05-17","3.20463408974858"
"2009-05-18","6.56956930697222"
"2009-05-19","6.13764327945131"
"2009-05-20","6.99358484239289"
"2009-05-21","10.3512679529396"
"2009-05-22","8.95895528174066"
"2009-05-23","7.46752268308169"
"2009-05-24","7.16218777136369"
"2009-05-25","0.973751946187123"
"2009-05-26","0.364456763402337"
"2009-05-27","0.832329370516848"
"2009-05-28","1.67578726155417"
"2009-05-29","3.20572003296443"
"2009-05-30","3.51823567686143"
"2009-05-31","3.57160284534677"
"2009-06-01","0.753307586689016"
"2009-06-02","0.329992351448768"
"2009-06-03","0.45235105520074"
"2009-06-04","0.209586721042663"
"2009-06-05","0.642603022034292"
"2009-06-06","0.490997491912408"
"2009-06-07","0.654559369501355"
"2009-06-08","1.86623234537257"
"2009-06-09","3.9122669142046"
"2009-06-10","2.41908211573894"
"2009-06-11","1.90439972436273"
"2009-06-12","3.99976154065235"
"2009-06-13","2.65938867996265"
"2009-06-14","2.39940182109932"
"2009-06-15","4.08886984674445"
"2009-06-16","2.69775261765435"
"2009-06-17","2.64702489675381"
"2009-06-18","2.6986271532583"
"2009-06-19","3.44100884906141"
"2009-06-20","3.91807402934863"
"2009-06-21","2.07322071408813"
"2009-06-22","3.41098902751873"
"2009-06-23","3.34861852776953"
"2009-06-24","2.24902848093025"
"2009-06-25","1.31611940406618"
"2009-06-26","1.82601102864071"
"2009-06-27","1.99692838326161"
"2009-06-28","3.35505622264111"
"2009-06-29","4.8177756711002"
"2009-06-30","14.8508803338716"
"2009-07-01","2.75958575353478"
"2009-07-02","2.23626241823295"
"2009-07-03","1.22223349157479"
"2009-07-04","2.2556306415306"
"2009-07-05","2.44248775112164"
"2009-07-06","2.13003404612665"
"2009-07-07","2.64616734486122"
"2009-07-08","3.29348535068107"
"2009-07-09","4.57637111036292"
"2009-07-10","4.25940819684561"
"2009-07-11","1.47659883141776"
"2009-07-12","0.306796584165458"
"2009-07-13","0.525979779757463"
"2009-07-14","0.493742881399212"
"2009-07-15","0.936544133019654"
"2009-07-16","1.87673226914881"
"2009-07-17","1.49129918282166"
"2009-07-18","3.06606156717647"
"2009-07-19","4.22807479782022"
"2009-07-20","9.9874211317533"
"2009-07-21","8.47541517819161"
"2009-07-22","2.98583728113732"
"2009-07-23","2.41716188398791"
"2009-07-24","4.23254635323694"
"2009-07-25","5.50791353632361"
"2009-07-26","3.22425859934324"
"2009-07-27","2.87018725779149"
"2009-07-28","1.88247416313592"
"2009-07-29","2.3199988936449"
"2009-07-30","1.70908427728719"
"2009-07-31","2.95122756857377"
"2009-08-01","2.53650742408001"
"2009-08-02","3.62262010625947"
"2009-08-03","3.82346207832361"
"2009-08-04","2.44300355591299"
"2009-08-05","3.69234172451548"
"2009-08-06","13.1487915546863"
"2009-08-07","4.82905007440807"
"2009-08-08","4.5502349148581"
"2009-08-09","5.76143060927783"
"2009-08-10","3.96516962226851"
"2009-08-11","2.7981633273038"
"2009-08-12","2.51152655314573"
"2009-08-13","2.33430053506579"
"2009-08-14","2.81232939628296"
"2009-08-15","17.5747219432484"
"2009-08-16","7.1194519134827"
"2009-08-17","3.03229127882363"
"2009-08-18","3.58133462729392"
"2009-08-19","9.16518749199904"
"2009-08-20","4.87246708359037"
"2009-08-21","8.07317874080691"
"2009-08-22","5.64816450195395"
"2009-08-23","11.2156868300913"
"2009-08-24","7.03317088972438"
"2009-08-25","1.20502090312186"
"2009-08-26","2.60154587365848"
"2009-08-27","3.2232358859473"
"2009-08-28","2.89954470710837"
"2009-08-29","1.38577806852855"
"2009-08-30","2.52921494802871"
"2009-08-31","2.07504579399055"
"2009-09-01","2.19009592051888"
"2009-09-02","6.496690848173"
"2009-09-03","6.82108903498877"
"2009-09-04","3.36068275403151"
"2009-09-05","2.57952732647652"
"2009-09-06","8.17236670683989"
"2009-09-07","3.02350324082684"
"2009-09-08","3.97205085000951"
"2009-09-09","3.79328403483222"
"2009-09-10","2.57350029212572"
"2009-09-11","32.8069254392153"
"2009-09-12","50.7379479346337"
"2009-09-13","13.3029233882954"
"2009-09-14","5.40959635131803"
"2009-09-15","6.72770022313832"
"2009-09-16","16.8237262659775"
"2009-09-17","0.749784917413414"
"2009-09-18","1.42517977230477"
"2009-09-19","2.38472108717089"
"2009-09-20","3.43444886248865"
"2009-09-21","4.54249164862034"
"2009-09-22","0.375019284828014"
"2009-09-23","2.65665028234581"
"2009-09-24","1.76490462006945"
"2009-09-25","1.67675112310426"
"2009-09-26","0.753075458464168"
"2009-09-27","1.95172564795007"
"2009-09-28","2.19471228213021"
"2009-09-29","2.88317463227681"
"2009-09-30","14.7726647348115"
"2009-10-01","4.02959034350011"
"2009-10-02","4.25004068700782"
"2009-10-03","4.06758279150183"
"2009-10-04","4.29855750649522"
"2009-10-05","4.39396536092221"
"2009-10-06","5.31101103056045"
"2009-10-07","5.62571178886281"
"2009-10-08","5.02732371561455"
"2009-10-09","7.57552455514024"
"2009-10-10","6.61744113608356"
"2009-10-11","9.06850548327227"
"2009-10-12","9.08194140335182"
"2009-10-13","5.30270801491036"
"2009-10-14","2.58418613898032"
"2009-10-15","4.65170968649707"
"2009-10-16","2.57477392869078"
"2009-10-17","3.91536287131248"
"2009-10-18","3.890894741465"
"2009-10-19","5.55688158413032"
"2009-10-20","18.1448964308867"
"2009-10-21","8.89470345220525"
"2009-10-22","9.91387379117858"
"2009-10-23","7.52788776443118"
"2009-10-24","9.19700806584709"
"2009-10-25","9.94762867766541"
"2009-10-26","12.4819142353999"
"2009-10-27","10.6191319180773"
"2009-10-28","12.0679575457717"
"2009-10-29","10.2857203277159"
"2009-10-30","10.5570573001713"
"2009-10-31","13.2049557347318"
"2009-11-01","15.6653350669068"
"2009-11-02","24.2052844902138"
"2009-11-03","9.56099248551703"
"2009-11-04","7.50614189482354"
"2009-11-05","11.5834356923124"
"2009-11-06","18.035223543902"
"2009-11-07","17.0116608731158"
"2009-11-08","19.5574122713758"
"2009-11-09","26.2288082337483"
"2009-11-10","41.9668418256751"
"2009-11-11","44.2688639422"
"2009-11-12","32.1594617521608"
"2009-11-13","34.1971033930262"
"2009-11-14","38.8892646723495"
"2009-11-15","32.1260041158437"
"2009-11-16","23.2956690602488"
"2009-11-17","21.3929930352545"
"2009-11-18","33.0764391350024"
"2009-11-19","45.923281591176"
"2009-11-20","34.9140943923554"
"2009-11-21","4.08713820021906"
"2009-11-22","0.675266317861937"
"2009-11-23","3.21864163565945"
"2009-11-24","11.0400919315619"
"2009-11-25","19.3229004996163"
"2009-11-26","1.21066299764625"
"2009-11-27","5.99008253694097"
"2009-11-28","3.334467749575"
"2009-11-29","0.883077523473537"
"2009-11-30","3.79758204164959"
"2009-12-01","7.5368531219887"
"2009-12-02","9.16974573424368"
"2009-12-03","29.2276022527125"
"2009-12-04","12.4644190697443"
"2009-12-05","8.49603799927286"
"2009-12-06","13.4202881994702"
"2009-12-07","11.0170360622984"
"2009-12-08","1.77628052208847"
"2009-12-09","5.68614833695548"
"2009-12-10","7.12320945789288"
"2009-12-11","10.6411131842312"
"2009-12-12","9.33782893754703"
"2009-12-13","8.32429728776346"
"2009-12-14","21.105585577168"
"2009-12-15","25.929524925364"
"2009-12-16","63.0349207956554"
"2009-12-17","6.45850855808753"
"2009-12-18","7.49401503698134"
"2009-12-19","10.8601836188015"
"2009-12-20","16.5493241574341"
"2009-12-21","20.0523005832325"
"2009-12-22","28.434662319365"
"2009-12-23","57.756607270344"
"2009-12-24","7.88405155567896"
"2009-12-25","23.5832354145133"
"2009-12-26","24.7109583404673"
"2009-12-27","30.6812906595536"
"2009-12-28","37.4571093852386"
"2009-12-29","37.9187893640427"
"2009-12-30","29.6368373689197"
"2009-12-31","35.4338935835537"
"2010-01-01","5.50743787139009"
"2010-01-02","15.948386687737"
"2010-01-03","12.7385758424734"
"2010-01-04","20.4624498829697"
"2010-01-05","33.0774207920223"
"2010-01-06","29.651412720288"
"2010-01-07","36.5075815539339"
"2010-01-08","33.9975144439961"
"2010-01-09","72.9889012951871"
"2010-01-10","56.768087692591"
"2010-01-11","77.202840053674"
"2010-01-12","19.9280981996875"
"2010-01-13","13.9500506657027"
"2010-01-14","24.6938267662412"
"2010-01-15","28.8484531749379"
"2010-01-16","48.8236304774429"
"2010-01-17","28.1221541037291"
"2010-01-18","17.5548540957562"
"2010-01-19","15.6887804151097"
"2010-01-20","25.6850467161699"
"2010-01-21","24.9518059445666"
"2010-01-22","69.2153651249873"
"2010-01-23","16.9266074539779"
"2010-01-24","39.4101965602858"
"2010-01-25","39.8127690434972"
"2010-01-26","40.5782415216619"
"2010-01-27","34.5786639457141"
"2010-01-28","52.1973604639887"
"2010-01-29","25.4686620142553"
"2010-01-30","29.2799227330592"
"2010-01-31","51.2893323691892"
"2010-02-01","26.7255737379"
"2010-02-02","32.4743626004174"
"2010-02-03","21.4582515155082"
"2010-02-04","2.35304214634421"
"2010-02-05","5.51120410104851"
"2010-02-06","12.7939233191602"
"2010-02-07","14.0397958445859"
"2010-02-08","31.5861509290092"
"2010-02-09","21.9957087174122"
"2010-02-10","19.1306189995307"
"2010-02-11","5.02899080850345"
"2010-02-12","6.10660927533071"
"2010-02-13","10.7132632866566"
"2010-02-14","19.8503961934672"
"2010-02-15","15.6195003294842"
"2010-02-16","29.8762738611791"
"2010-02-17","32.912015708494"
"2010-02-18","26.2482602957523"
"2010-02-19","26.1553886710823"
"2010-02-20","44.4400547324837"
"2010-02-21","24.3225788017372"
"2010-02-22","32.9254370520125"
"2010-02-23","19.0357849195406"
"2010-02-24","39.0810732490573"
"2010-02-25","25.8634207506717"
"2010-02-26","22.9244116745986"
"2010-02-27","12.2287059614669"
"2010-02-28","21.2922331657245"
"2010-03-01","30.2808040106967"
"2010-03-02","25.0376813772953"
"2010-03-03","22.1523938447366"
"2010-03-04","14.2703965009549"
"2010-03-05","1.51701729206038"
"2010-03-06","1.90267940478407"
"2010-03-07","0.993579887627781"
"2010-03-08","1.69043988860273"
"2010-03-09","4.23208885714089"
"2010-03-10","5.2653533550568"
"2010-03-11","8.61829479948267"
"2010-03-12","8.10893569673811"
"2010-03-13","10.3313387668494"
"2010-03-14","13.3843962929466"
"2010-03-15","12.4940323953505"
"2010-03-16","18.4783053212352"
"2010-03-17","25.287036895752"
"2010-03-18","21.2448905309041"
"2010-03-19","9.93217633709763"
"2010-03-20","18.3535316516827"
"2010-03-21","15.6531437877969"
"2010-03-22","12.5464787896061"
"2010-03-23","11.6966645789869"
"2010-03-24","12.3914006158903"
"2010-03-25","19.1808220875728"
"2010-03-26","28.8033308508076"
"2010-03-27","6.33711664294784"
"2010-03-28","9.87775905514176"
"2010-03-29","2.77837161068276"
"2010-03-30","7.96753406679475"
"2010-03-31","11.1549754823957"
"2010-04-01","9.87444995285629"
"2010-04-02","8.58292368376926"
"2010-04-03","9.24938723741672"
"2010-04-04","10.042034921192"
"2010-04-05","15.8173227950092"
"2010-04-06","11.2018068156717"
"2010-04-07","0.372374922569309"
"2010-04-08","1.50851876369286"
"2010-04-09","0.993742441202139"
"2010-04-10","2.67084095617393"
"2010-04-11","8.01096644752469"
"2010-04-12","5.12344399984781"
"2010-04-13","4.66002357367313"
"2010-04-14","4.08189017483682"
"2010-04-15","4.81423826754351"
"2010-04-16","8.82434437491677"
"2010-04-17","16.9238005283075"
"2010-04-18","10.2876131152694"
"2010-04-19","12.2102596955898"
"2010-04-20","10.4786897727421"
"2010-04-21","7.21016912388079"
"2010-04-22","10.2348479037677"
"2010-04-23","8.5765462102312"
"2010-04-24","5.62121649970224"
"2010-04-25","8.74661950992815"
"2010-04-26","8.54488931486617"
"2010-04-27","4.24377870817721"
"2010-04-28","5.4649506840871"
"2010-04-29","3.74259258064873"
"2010-04-30","2.63953707654239"
"2010-05-01","10.3640961781209"
"2010-05-02","6.73883885945077"
"2010-05-03","10.8560854624876"
"2010-05-04","8.5063920217159"
"2010-05-05","4.90683436367935"
"2010-05-06","4.77206186092261"
"2010-05-07","3.24685681382299"
"2010-05-08","4.49385817252196"
"2010-05-09","6.97898517955433"
"2010-05-10","15.0359551896265"
"2010-05-11","5.3270693036901"
"2010-05-12","3.97804979018835"
"2010-05-13","3.74506870982967"
"2010-05-14","3.4401576488049"
"2010-05-15","4.37522079727866"
"2010-05-16","3.90503274878382"
"2010-05-17","4.71382039501554"
"2010-05-18","5.81093716518187"
"2010-05-19","5.54637550688409"
"2010-05-20","6.40612001749344"
"2010-05-21","5.7530371884763"
"2010-05-22","5.71094350226514"
"2010-05-23","6.92205084866776"
"2010-05-24","1.75544577037101"
"2010-05-25","1.2397372634896"
"2010-05-26","2.40162822952518"
"2010-05-27","2.70096582999993"
"2010-05-28","2.15489225315325"
"2010-05-29","1.54389238976813"
"2010-05-30","5.38942188850213"
"2010-05-31","4.81294598207845"
"2010-06-01","2.57094381536756"
"2010-06-02","3.58581769750232"
"2010-06-03","3.82748577295444"
"2010-06-04","3.89784913816493"
"2010-06-05","3.51048529122299"
"2010-06-06","3.85272792794488"
"2010-06-07","2.62039097279181"
"2010-06-08","4.05648271139566"
"2010-06-09","3.99804884427554"
"2010-06-10","3.31105436081494"
"2010-06-11","4.5869945014194"
"2010-06-12","2.77828239310871"
"2010-06-13","3.14872559814742"
"2010-06-14","3.30486173237557"
"2010-06-15","3.2621315555139"
"2010-06-16","4.95796540082791"
"2010-06-17","2.69799394924919"
"2010-06-18","2.56521826518046"
"2010-06-19","2.40447055629063"
"2010-06-20","1.79576683883027"
"2010-06-21","3.15614557550067"
"2010-06-22","2.68419434626897"
"2010-06-23","2.48732766109112"
"2010-06-24","3.52422840822311"
"2010-06-25","1.72567438666439"
"2010-06-26","2.71083597574399"
"2010-06-27","3.13721187728824"
"2010-06-28","7.5218485918912"
"2010-06-29","2.67145854028272"
"2010-06-30","0.644827640788767"
"2010-07-01","0.843182637577965"
"2010-07-02","1.18131628287432"
"2010-07-03","1.69535749357242"
"2010-07-04","1.94275544048388"
"2010-07-05","1.40651483685423"
"2010-07-06","3.22488695615298"
"2010-07-07","2.5429861099173"
"2010-07-08","3.21941419519903"
"2010-07-09","4.14366916970257"
"2010-07-10","2.47844953480221"
"2010-07-11","1.67161641819846"
"2010-07-12","4.75802632495438"
"2010-07-13","3.18219884572091"
"2010-07-14","1.86937356956335"
"2010-07-15","1.72106315795477"
"2010-07-16","1.54313495026264"
"2010-07-17","2.21389216236222"
"2010-07-18","1.53650291786565"
"2010-07-19","2.65059261636817"
"2010-07-20","1.93872946462074"
"2010-07-21","1.97492211450746"
"2010-07-22","1.93113159823727"
"2010-07-23","2.00612361425961"
"2010-07-24","2.22309727715207"
"2010-07-25","3.19747664505269"
"2010-07-26","4.02686221207375"
"2010-07-27","3.51657063155979"
"2010-07-28","0.875729829976053"
"2010-07-29","1.60182586763844"
"2010-07-30","0.946292495669483"
"2010-07-31","1.57287596172585"
"2010-08-01","0.582514439608692"
"2010-08-02","1.19033323870206"
"2010-08-03","1.05636689131394"
"2010-08-04","0.760224639079271"
"2010-08-05","1.36095402147863"
"2010-08-06","1.7148496989822"
"2010-08-07","3.01009677808522"
"2010-08-08","4.83977632192306"
"2010-08-09","3.90935287124667"
"2010-08-10","1.42416405110132"
"2010-08-11","0.221474158686477"
"2010-08-12","0.520290657377991"
"2010-08-13","0.541527032029706"
"2010-08-14","1.44839108009617"
"2010-08-15","0.766771889158658"
"2010-08-16","1.71668983363744"
"2010-08-17","2.26255454129471"
"2010-08-18","1.85612541385543"
"2010-08-19","0.770383268788263"
"2010-08-20","1.28862154148358"
"2010-08-21","2.18614724678395"
"2010-08-22","4.59916776238066"
"2010-08-23","2.00906746521657"
"2010-08-24","1.92058938057908"
"2010-08-25","0.789155397451285"
"2010-08-26","1.1853409930096"
"2010-08-27","1.16028243367806"
"2010-08-28","1.22248663524271"
"2010-08-29","1.92723924553756"
"2010-08-30","3.21056164652754"
"2010-08-31","4.57008948367395"
"2010-09-01","0.64487510068076"
"2010-09-02","3.06343643515657"
"2010-09-03","3.81613532547311"
"2010-09-04","0.19228451147482"
"2010-09-05","0.273052058243132"
"2010-09-06","0.575938180863083"
"2010-09-07","0.639848459657137"
"2010-09-08","1.7209017196775"
"2010-09-09","1.44779185944305"
"2010-09-10","1.72024297649726"
"2010-09-11","1.40884392731117"
"2010-09-12","2.7553942017741"
"2010-09-13","1.95396051907436"
"2010-09-14","2.95836297980635"
"2010-09-15","2.2785470366994"
"2010-09-16","3.00681212144497"
"2010-09-17","2.29986454346479"
"2010-09-18","2.84081208860719"
"2010-09-19","2.76670591346113"
"2010-09-20","1.63924179784147"
"2010-09-21","2.74652381376787"
"2010-09-22","2.73240761271803"
"2010-09-23","2.43523993275382"
"2010-09-24","2.80174758269157"
"2010-09-25","4.72886311956298"
"2010-09-26","5.61021815440355"
"2010-09-27","4.08497911098199"
"2010-09-28","4.85837580424883"
"2010-09-29","4.33907246434843"
"2010-09-30","3.41976409557062"
"2010-10-01","4.46858100560836"
"2010-10-02","6.34542263741101"
"2010-10-03","6.89159639160354"
"2010-10-04","5.65652203766299"
"2010-10-05","5.40229725012015"
"2010-10-06","7.39296833570901"
"2010-10-07","4.75135640509717"
"2010-10-08","3.43985901353679"
"2010-10-09","3.84098340267743"
"2010-10-10","5.99372346060617"
"2010-10-11","8.52646760816698"
"2010-10-12","4.01458061051059"
"2010-10-13","1.18648527530365"
"2010-10-14","4.6591877668967"
"2010-10-15","0.500270788513479"
"2010-10-16","0.881084653528738"
"2010-10-17","1.51847476321897"
"2010-10-18","2.17143037579792"
"2010-10-19","2.36279186464491"
"2010-10-20","4.65632233113954"
"2010-10-21","5.95519484379591"
"2010-10-22","14.8788858306356"
"2010-10-23","4.8458484163532"
"2010-10-24","5.3087447123094"
"2010-10-25","6.23117449170067"
"2010-10-26","9.94556818483196"
"2010-10-27","7.16028567413231"
"2010-10-28","8.08717246695514"
"2010-10-29","14.3422984870481"
"2010-10-30","1.64596196428522"
"2010-10-31","0.180989726958595"
"2010-11-01","1.21322105612074"
"2010-11-02","1.64301023261372"
"2010-11-03","1.94995530162539"
"2010-11-04","5.14851710909889"
"2010-11-05","5.68130297165412"
"2010-11-06","5.58168843917516"
"2010-11-07","10.780958819699"
"2010-11-08","5.69057510631941"
"2010-11-09","14.9449345126297"
"2010-11-10","8.56751970811324"
"2010-11-11","13.6443642909393"
"2010-11-12","11.0027930168878"
"2010-11-13","0.719955798415911"
"2010-11-14","0.319269530023589"
"2010-11-15","1.6129508335869"
"2010-11-16","2.67474811985379"
"2010-11-17","5.12209471479639"
"2010-11-18","4.15476459135741"
"2010-11-19","7.25918159340367"
"2010-11-20","14.3914161038089"
"2010-11-21","11.5823928556401"
"2010-11-22","20.9487581542044"
"2010-11-23","20.8801266889035"
"2010-11-24","7.87261368082715"
"2010-11-25","0.869705679193462"
"2010-11-26","4.17196602700077"
"2010-11-27","0.775826161170935"
"2010-11-28","0.933746958804595"
"2010-11-29","2.45316169556085"
"2010-11-30","2.84473323589796"
"2010-12-01","1.41333652458666"
"2010-12-02","2.53982762340859"
"2010-12-03","3.85635016142548"
"2010-12-04","7.07722272552969"
"2010-12-05","8.15043646742255"
"2010-12-06","2.94098644313358"
"2010-12-07","1.40231712678552"
"2010-12-08","0.091616433146067"
"2010-12-09","0.647646367549896"
"2010-12-10","1.68012197206031"
"2010-12-11","3.31220599092962"
"2010-12-12","2.46197392814087"
"2010-12-13","2.53486579501784"
"2010-12-14","5.82904575810288"
"2010-12-15","6.83914173010624"
"2010-12-16","5.29592151043219"
"2010-12-17","6.26315178912439"
"2010-12-18","6.46255522630948"
"2010-12-19","3.70113976319115"
"2010-12-20","3.8664339489235"
"2010-12-21","5.70508939518041"
"2010-12-22","7.0110408908877"
"2010-12-23","10.6305145051056"
"2010-12-24","12.6064034726197"
"2010-12-25","7.87471723762942"
"2010-12-26","8.32845329825496"
"2010-12-27","8.69256545764543"
"2010-12-28","10.5255803690328"
"2010-12-29","21.5485664053913"
"2010-12-30","20.4988195658762"
"2010-12-31","66.186697278704"
"2011-01-01","9.35351423680524"
"2011-01-02","10.5605719244325"
"2011-01-03","11.8544303287159"
"2011-01-04","17.1923224275762"
"2011-01-05","14.3955102379704"
"2011-01-06","16.476104439079"
"2011-01-07","30.4153382932985"
"2011-01-08","22.7411398578"
"2011-01-09","7.75606042275697"
"2011-01-10","1.31576686504083"
"2011-01-11","0.781139025117928"
"2011-01-12","0.067676840737075"
"2011-01-13","0.110935972600337"
"2011-01-14","0.0363645225610116"
"2011-01-15","0.27641042892809"
"2011-01-16","0.782303275613042"
"2011-01-17","1.10639439349051"
"2011-01-18","1.08124240974843"
"2011-01-19","1.87045639624327"
"2011-01-20","3.72492371544693"
"2011-01-21","7.66393429582769"
"2011-01-22","5.22331823621477"
"2011-01-23","6.35441869471496"
"2011-01-24","5.27843526018646"
"2011-01-25","7.50474815244799"
"2011-01-26","4.83531732373423"
"2011-01-27","10.7304241275375"
"2011-01-28","10.6390068438146"
"2011-01-29","18.320138667053"
"2011-01-30","24.2577412634185"
"2011-01-31","17.7936251607292"
"2011-02-01","45.0893982313412"
"2011-02-02","14.680342581365"
"2011-02-03","10.8317330595735"
"2011-02-04","7.22170789933308"
"2011-02-05","1.58848544123111"
"2011-02-06","7.79815857751029"
"2011-02-07","11.0499586233329"
"2011-02-08","11.0844297243919"
"2011-02-09","8.46429558543416"
"2011-02-10","9.84573643754571"
"2011-02-11","3.69134677411158"
"2011-02-12","6.96149437200455"
"2011-02-13","8.9077223616761"
"2011-02-14","9.14789187650144"
"2011-02-15","7.74811985585597"
"2011-02-16","5.29717273629589"
"2011-02-17","10.0161195740555"
"2011-02-18","5.04851581472339"
"2011-02-19","0.95556816610294"
"2011-02-20","3.54557265270324"
"2011-02-21","5.52464582909753"
"2011-02-22","7.5921301475335"
"2011-02-23","12.2951727285014"
"2011-02-24","13.1537256302772"
"2011-02-25","13.6495708077501"
"2011-02-26","10.7260874700753"
"2011-02-27","4.27243492923258"
"2011-02-28","2.861847496781"
"2011-03-01","4.4994513343423"
"2011-03-02","4.00257995195719"
"2011-03-03","5.34973550204075"
"2011-03-04","5.80792962163042"
"2011-03-05","9.03742546746225"
"2011-03-06","9.74295270804203"
"2011-03-07","22.0039735108743"
"2011-03-08","9.0621865631698"
"2011-03-09","1.52828306966014"
"2011-03-10","3.81505090565909"
"2011-03-11","5.55370028710468"
"2011-03-12","7.47566545886911"
"2011-03-13","12.9626161752841"
"2011-03-14","12.1347322567201"
"2011-03-15","10.5323683668525"
"2011-03-16","10.4861514454796"
"2011-03-17","9.66882226477454"
"2011-03-18","10.7613166648072"
"2011-03-19","9.07655072728277"
"2011-03-20","7.74811204790553"
"2011-03-21","4.14293252750909"
"2011-03-22","4.08846458605616"
"2011-03-23","2.47009879569987"
"2011-03-24","3.29206819309817"
"2011-03-25","6.82681755224864"
"2011-03-26","6.0428923915475"
"2011-03-27","6.79319678188918"
"2011-03-28","9.28279673175894"
"2011-03-29","10.1254122845538"
"2011-03-30","7.24281741014291"
"2011-03-31","8.28286769999054"
"2011-04-01","9.54870091165815"
"2011-04-02","7.2170183462498"
"2011-04-03","5.56442976565588"
"2011-04-04","6.60338358135967"
"2011-04-05","9.82752799265312"
"2011-04-06","9.44829567789515"
"2011-04-07","10.4364770088361"
"2011-04-08","19.4829732515079"
"2011-04-09","10.967977535157"
"2011-04-10","3.77479377208334"
"2011-04-11","4.17726636016782"
"2011-04-12","3.3761318475008"
"2011-04-13","3.08200559813481"
"2011-04-14","3.39226037315476"
"2011-04-15","7.93868339010131"
"2011-04-16","9.89792734100705"
"2011-04-17","6.39893205392928"
"2011-04-18","12.8592977441235"
"2011-04-19","6.96252285969722"
"2011-04-20","1.65796120368041"
"2011-04-21","5.15571875309015"
"2011-04-22","5.94839985417081"
"2011-04-23","4.44082533590721"
"2011-04-24","5.65826014264838"
"2011-04-25","10.1075859255605"
"2011-04-26","10.2174025500492"
"2011-04-27","7.66988458674707"
"2011-04-28","7.40489858053463"
"2011-04-29","9.36155910512586"
"2011-04-30","6.19529465937511"
"2011-05-01","2.68447214145681"
"2011-05-02","5.27594404561179"
"2011-05-03","5.55584267465583"
"2011-05-04","4.11691747031687"
"2011-05-05","5.62123010684917"
"2011-05-06","4.33848266632526"
"2011-05-07","3.9646410998844"
"2011-05-08","5.51505592117062"
"2011-05-09","7.6517520177932"
"2011-05-10","4.60373369130221"
"2011-05-11","3.12676123029742"
"2011-05-12","2.59387393269962"
"2011-05-13","5.49878952590934"
"2011-05-14","4.09123921626574"
"2011-05-15","3.47404951502234"
"2011-05-16","2.66255760773436"
"2011-05-17","3.63300555350977"
"2011-05-18","5.93619104587671"
"2011-05-19","9.13338209953143"
"2011-05-20","15.9060407510568"
"2011-05-21","14.8916082588625"
"2011-05-22","2.70882056724458"
"2011-05-23","0.66344407494321"
"2011-05-24","2.02364466684463"
"2011-05-25","2.04862051602308"
"2011-05-26","2.16500346291633"
"2011-05-27","1.68039099181885"
"2011-05-28","1.63619817993342"
"2011-05-29","2.23893723149836"
"2011-05-30","4.26302012762466"
"2011-05-31","3.94933914054524"
"2011-06-01","4.17256196443137"
"2011-06-02","6.42909128789778"
"2011-06-03","3.46687218585572"
"2011-06-04","5.12833665408097"
"2011-06-05","6.61365955319756"
"2011-06-06","3.24697716411574"
"2011-06-07","6.31419009976573"
"2011-06-08","4.08741933210588"
"2011-06-09","3.72203228458182"
"2011-06-10","3.6123533344372"
"2011-06-11","3.62750805301584"
"2011-06-12","4.17157701109395"
"2011-06-13","4.01480096630204"
"2011-06-14","4.12392490818387"
"2011-06-15","3.91364372808696"
"2011-06-16","5.75136365106095"
"2011-06-17","4.34795643963339"
"2011-06-18","3.41362942064995"
"2011-06-19","4.39348353039135"
"2011-06-20","6.16508688768009"
"2011-06-21","1.43990637184609"
"2011-06-22","1.27280494741676"
"2011-06-23","2.39430459966133"
"2011-06-24","1.99498962498072"
"2011-06-25","5.01800921081981"
"2011-06-26","3.51356677407826"
"2011-06-27","3.12271698922306"
"2011-06-28","3.32383060119885"
"2011-06-29","3.78127274162326"
"2011-06-30","3.80628691942661"
"2011-07-01","6.01277725830739"
"2011-07-02","9.6934096544852"
"2011-07-03","1.27492572005951"
"2011-07-04","5.33967886987703"
"2011-07-05","4.17684072875357"
"2011-07-06","2.36806169107105"
"2011-07-07","2.02461063365142"
"2011-07-08","1.85845626490715"
"2011-07-09","3.16484778138982"
"2011-07-10","2.56108306264464"
"2011-07-11","2.78681755865807"
"2011-07-12","3.59484548589368"
"2011-07-13","2.88794927163558"
"2011-07-14","2.30054067494549"
"2011-07-15","3.43057513495028"
"2011-07-16","2.43980386298456"
"2011-07-17","1.50802852955215"
"2011-07-18","0.972940292290021"
"2011-07-19","1.60559789568702"
"2011-07-20","2.80046474688497"
"2011-07-21","3.89060979720318"
"2011-07-22","3.16652349011723"
"2011-07-23","2.49280824315496"
"2011-07-24","0.857642051364694"
"2011-07-25","0.858503560967002"
"2011-07-26","1.90349225590239"
"2011-07-27","3.58265843793943"
"2011-07-28","5.72701901894111"
"2011-07-29","5.90101209553805"
"2011-07-30","2.9308032119945"
"2011-07-31","4.84081661081933"
"2011-08-01","10.1650212038131"
"2011-08-02","9.22980082086671"
"2011-08-03","12.9428071500935"
"2011-08-04","4.36193826343074"
"2011-08-05","1.73462917575072"
"2011-08-06","1.68354860664188"
"2011-08-07","1.11812985272377"
"2011-08-08","2.34027821496452"
"2011-08-09","1.9088216008562"
"2011-08-10","1.54197320445275"
"2011-08-11","2.85527052998027"
"2011-08-12","2.49367452029026"
"2011-08-13","2.36403650406635"
"2011-08-14","2.65234389630231"
"2011-08-15","1.57377161324282"
"2011-08-16","2.01958542172011"
"2011-08-17","0.427973518381903"
"2011-08-18","0.505750421837811"
"2011-08-19","1.24503724093174"
"2011-08-20","1.62036688567756"
"2011-08-21","2.63931948939959"
"2011-08-22","3.0898192749395"
"2011-08-23","3.67721797274305"
"2011-08-24","5.85249076880418"
"2011-08-25","7.44572015138932"
"2011-08-26","3.38862258479709"
"2011-08-27","4.28917630616721"
"2011-08-28","6.6472891563977"
"2011-08-29","3.98102642137767"
"2011-08-30","3.05040156841278"
"2011-08-31","2.43832602232566"
"2011-09-01","3.09100984004669"
"2011-09-02","5.40127514038251"
"2011-09-03","11.2865369227025"
"2011-09-04","4.65208443418726"
"2011-09-05","6.1901034359292"
"2011-09-06","8.83385752702688"
"2011-09-07","3.33025586450255"
"2011-09-08","4.48231597535022"
"2011-09-09","5.43379626387642"
"2011-09-10","4.88080165860973"
"2011-09-11","6.94593694819"
"2011-09-12","3.74365173325394"
"2011-09-13","8.52343454505458"
"2011-09-14","7.63898815633931"
"2011-09-15","5.90364116249662"
"2011-09-16","7.56667148808896"
"2011-09-17","23.5224823146671"
"2011-09-18","6.64294338226318"
"2011-09-19","42.2193631671724"
"2011-09-20","7.30629182635964"
"2011-09-21","5.46255807133464"
"2011-09-22","28.5073463349115"
"2011-09-23","6.31891862293342"
"2011-09-24","7.6410437796539"
"2011-09-25","8.39297313814039"
"2011-09-26","9.03119958427561"
"2011-09-27","14.3663611721683"
"2011-09-28","3.72959553369712"
"2011-09-29","5.73126108254189"
"2011-09-30","1.98413399790789"
"2011-10-01","1.99344061592441"
"2011-10-02","5.44007338306088"
"2011-10-03","3.45545132361449"
"2011-10-04","6.73218472798665"
"2011-10-05","3.52687167115026"
"2011-10-06","4.75589063157251"
"2011-10-07","3.9578765370113"
"2011-10-08","4.60735730123726"
"2011-10-09","6.27907466475582"
"2011-10-10","5.09226355511389"
"2011-10-11","4.8744893677823"
"2011-10-12","4.03259109315418"
"2011-10-13","7.05589305064379"
"2011-10-14","13.5984562155488"
"2011-10-15","15.668762958411"
"2011-10-16","12.3028015760116"
"2011-10-17","8.99290146352925"
"2011-10-18","18.2394161141796"
"2011-10-19","26.4511075288186"
"2011-10-20","13.3849856100041"
"2011-10-21","1.97501444816589"
"2011-10-22","3.8118487606833"
"2011-10-23","12.7909442867552"
"2011-10-24","7.95928589606182"
"2011-10-25","8.22501898224736"
"2011-10-26","8.53197181276429"
"2011-10-27","10.0040065653912"
"2011-10-28","21.43993902"
"2011-10-29","2.4487745453527"
"2011-10-30","4.66463401513698"
"2011-10-31","5.9924857647388"
"2011-11-01","5.72163836728959"
"2011-11-02","4.4601802263425"
"2011-11-03","5.69016590082284"
"2011-11-04","10.7888828098"
"2011-11-05","24.061580864382"
"2011-11-06","11.9724170119215"
"2011-11-07","13.9614022056778"
"2011-11-08","4.98620723026655"
"2011-11-09","9.7357631328302"
"2011-11-10","2.68581581476963"
"2011-11-11","4.93375532761281"
"2011-11-12","15.0491067031761"
"2011-11-13","11.0212699768347"
"2011-11-14","17.540148363485"
"2011-11-15","19.0860271969915"
"2011-11-16","12.2683306875683"
"2011-11-17","12.2380173423074"
"2011-11-18","41.3818340301514"
"2011-11-19","5.11294492369606"
"2011-11-20","11.0930454741309"
"2011-11-21","10.3731197144562"
"2011-11-22","10.6026387132091"
"2011-11-23","16.7489946786459"
"2011-11-24","20.5797727964657"
"2011-11-25","6.35002140152506"
"2011-11-26","7.60316618799647"
"2011-11-27","4.79763665008339"
"2011-11-28","14.732333581685"
"2011-11-29","20.411468026958"
"2011-11-30","11.4929324166599"
"2011-12-01","12.4327578833609"
"2011-12-02","18.4018940265045"
"2011-12-03","13.737749588954"
"2011-12-04","16.304455298882"
"2011-12-05","24.8812023138071"
"2011-12-06","29.6651581438073"
"2011-12-07","20.3845307816675"
"2011-12-08","25.1085458937145"
"2011-12-09","17.1591265026109"
"2011-12-10","15.1644857580012"
"2011-12-11","18.4299899076487"
"2011-12-12","13.2623475764221"
"2011-12-13","17.9830132583519"
"2011-12-14","21.1920846220735"
"2011-12-15","26.2666408365423"
"2011-12-16","31.2154576355245"
"2011-12-17","9.86465181313552"
"2011-12-18","0.467499212946469"
"2011-12-19","1.58109107990931"
"2011-12-20","4.59009949424308"
"2011-12-21","8.41985884115293"
"2011-12-22","12.6709690542964"
"2011-12-23","25.6602274556181"
"2011-12-24","21.7103497806566"
"2011-12-25","23.7919304752763"
"2011-12-26","11.789559904115"
"2011-12-27","13.8191239028782"
"2011-12-28","29.3137307063842"
"2011-12-29","22.8139386115136"
"2011-12-30","28.1383255219563"
"2011-12-31","33.6885795923539"
"2012-01-01","40.8148111533293"
"2012-01-02","61.9416690677791"
"2012-01-03","32.4147784823463"
"2012-01-04","26.4394832049613"
"2012-01-05","22.9364266829057"
"2012-01-06","22.6415816550647"
"2012-01-07","40.6899262382871"
"2012-01-08","7.90147289182201"
"2012-01-09","14.6676381305183"
"2012-01-10","17.4145101128202"
"2012-01-11","17.7436503992452"
"2012-01-12","14.2139181265067"
"2012-01-13","14.2051314399356"
"2012-01-14","17.8234392760636"
"2012-01-15","22.9019800202671"
"2012-01-16","32.2608074832272"
"2012-01-17","44.2355130678648"
"2012-01-18","20.2085042185598"
"2012-01-19","30.905406931262"
"2012-01-20","31.2335728236607"
"2012-01-21","25.0217620965206"
"2012-01-22","29.1265192609845"
"2012-01-23","27.3603542377422"
"2012-01-24","42.1608324835311"
"2012-01-25","51.3065502695191"
"2012-01-26","36.2947865440732"
"2012-01-27","35.3260245632816"
"2012-01-28","25.8543600272307"
"2012-01-29","24.0446254226552"
"2012-01-30","22.4524697927169"
"2012-01-31","21.7146509653562"
"2012-02-01","29.8922428321013"
"2012-02-02","19.1850996843148"
"2012-02-03","23.3881062883319"
"2012-02-04","37.0954642027488"
"2012-02-05","38.3523485588305"
"2012-02-06","19.1242167939355"
"2012-02-07","14.9695519534024"
"2012-02-08","21.7502761485773"
"2012-02-09","18.9284751363647"
"2012-02-10","25.7369348682882"
"2012-02-11","13.9100455123109"
"2012-02-12","19.003782309495"
"2012-02-13","25.6329436776958"
"2012-02-14","34.9726370526599"
"2012-02-15","32.7421134436801"
"2012-02-16","27.3822638730466"
"2012-02-17","16.4088558221792"
"2012-02-18","28.047337214152"
"2012-02-19","32.7402820174312"
"2012-02-20","11.0316440883653"
"2012-02-21","16.9402992694409"
"2012-02-22","23.5013647203322"
"2012-02-23","33.9321276346842"
"2012-02-24","33.8501365050609"
"2012-02-25","41.961813121647"
"2012-02-26","21.7895771455971"
"2012-02-27","2.9425611543707"
"2012-02-28","4.7539985241828"
"2012-02-29","3.30193582241669"
"2012-03-01","2.54206486878457"
"2012-03-02","2.86204625930621"
"2012-03-03","0.563549017203061"
"2012-03-04","3.62705387155731"
"2012-03-05","4.02459140257402"
"2012-03-06","8.92761970392037"
"2012-03-07","13.4889292159638"
"2012-03-08","12.2597564288548"
"2012-03-09","20.7365220718054"
"2012-03-10","11.1141697751495"
"2012-03-11","12.3451034682138"
"2012-03-12","12.8507851563491"
"2012-03-13","19.6867255503997"
"2012-03-14","28.5624926926254"
"2012-03-15","12.9687158287346"
"2012-03-16","4.49499778572099"
"2012-03-17","9.37487790801308"
"2012-03-18","11.6937674671024"
"2012-03-19","11.3570060791907"
"2012-03-20","23.3197252636864"
"2012-03-21","12.6937066435298"
"2012-03-22","9.12001523104581"
"2012-03-23","14.1625063615444"
"2012-03-24","5.39611402424899"
"2012-03-25","6.95395668657311"
"2012-03-26","7.14025674857102"
"2012-03-27","9.4781852408405"
"2012-03-28","10.4975103774628"
"2012-03-29","14.3964063904502"
"2012-03-30","17.1834012935688"
"2012-03-31","13.9155662606805"
"2012-04-01","10.807184933584"
"2012-04-02","22.4705976965107"
"2012-04-03","11.3518930637475"
"2012-04-04","11.2432836185802"
"2012-04-05","15.6568499560996"
"2012-04-06","40.7188078232142"
"2012-04-07","9.92213801800947"
"2012-04-08","9.76218069683422"
"2012-04-09","9.84899399187658"
"2012-04-10","8.0749325184595"
"2012-04-11","9.0621473097698"
"2012-04-12","10.6957113422873"
"2012-04-13","16.7530698693676"
"2012-04-14","19.6540488329801"
"2012-04-15","21.5720344312263"
"2012-04-16","11.5813927980728"
"2012-04-17","14.8889799902449"
"2012-04-18","12.4209421393159"
"2012-04-19","3.72239913465657"
"2012-04-20","8.23799517970065"
"2012-04-21","9.82877400633577"
"2012-04-22","9.45195292600822"
"2012-04-23","5.42661679100681"
"2012-04-24","3.41888697090603"
"2012-04-25","5.15938986070228"
"2012-04-26","3.28405595599831"
"2012-04-27","5.37352313830223"
"2012-04-28","9.0044997161601"
"2012-04-29","7.69156213962671"
"2012-04-30","9.16595610705289"
"2012-05-01","15.865587682435"
"2012-05-02","6.97663799044374"
"2012-05-03","6.61781245186215"
"2012-05-04","3.09890384178657"
"2012-05-05","3.91545758206091"
"2012-05-06","4.12883624215147"
"2012-05-07","13.8033191775863"
"2012-05-08","16.7062880156876"
"2012-05-09","12.6508307642751"
"2012-05-10","9.4141988857484"
"2012-05-11","10.332829468178"
"2012-05-12","8.18586454143772"
"2012-05-13","7.02531217909478"
"2012-05-14","4.85743380831434"
"2012-05-15","5.29021374229745"
"2012-05-16","4.92606142898659"
"2012-05-17","8.92011946310729"
"2012-05-18","12.3893942048539"
"2012-05-19","5.509818611723"
"2012-05-20","4.57782205565151"
"2012-05-21","9.48298808506557"
"2012-05-22","8.96287690199815"
"2012-05-23","23.3638307645723"
"2012-05-24","3.41691101706905"
"2012-05-25","1.13862267181729"
"2012-05-26","1.02436735277826"
"2012-05-27","2.21878769967979"
"2012-05-28","2.99032020904285"
"2012-05-29","2.03607789430267"
"2012-05-30","3.03948063045353"
"2012-05-31","3.6912880395398"
"2012-06-01","4.45462305205209"
"2012-06-02","5.58899431104784"
"2012-06-03","3.59450553247939"
"2012-06-04","2.41183737191287"
"2012-06-05","4.8371643216321"
"2012-06-06","4.23237354776044"
"2012-06-07","3.37281572354304"
"2012-06-08","2.98402644597091"
"2012-06-09","3.70458266900215"
"2012-06-10","3.04004242874327"
"2012-06-11","3.95771422582271"
"2012-06-12","5.32113167733857"
"2012-06-13","6.72207861029224"
"2012-06-14","3.61254253531947"
"2012-06-15","5.65758069717523"
"2012-06-16","6.11973666035252"
"2012-06-17","4.14710142086079"
"2012-06-18","2.35329486784481"
"2012-06-19","4.01792349030961"
"2012-06-20","13.9176670431575"
"2012-06-21","0.488948081156392"
"2012-06-22","0.302216081908255"
"2012-06-23","0.707030010365304"
"2012-06-24","1.14128342696599"
"2012-06-25","1.72128928597871"
"2012-06-26","2.77543560096196"
"2012-06-27","1.9370680234649"
"2012-06-28","3.25878859572596"
"2012-06-29","3.35679201414059"
"2012-06-30","2.87710097045093"
"2012-07-01","2.73673868914703"
"2012-07-02","2.74124906266923"
"2012-07-03","2.05179026335865"
"2012-07-04","2.81873325145606"
"2012-07-05","3.29135021335119"
"2012-07-06","3.84631909797718"
"2012-07-07","4.02341712243629"
"2012-07-08","4.57011384674997"
"2012-07-09","2.44663105885704"
"2012-07-10","0.373363767206282"
"2012-07-11","0.51878882173723"
"2012-07-12","0.684121577835186"
"2012-07-13","1.28875080228368"
"2012-07-14","1.50412423979668"
"2012-07-15","1.98312709777257"
"2012-07-16","1.91590877812662"
"2012-07-17","6.22547185188764"
"2012-07-18","5.08752503900817"
"2012-07-19","3.04344555812997"
"2012-07-20","1.66205635189494"
"2012-07-21","2.55525413903839"
"2012-07-22","3.06978531472095"
"2012-07-23","2.56716922712532"
"2012-07-24","4.09794873592657"
"2012-07-25","5.96008573724078"
"2012-07-26","1.87414882799764"
"2012-07-27","1.38916979813989"
"2012-07-28","2.77402488390605"
"2012-07-29","2.79056658566772"
"2012-07-30","3.65604641272392"
"2012-07-31","3.64454564929525"
"2012-08-01","2.82677338933532"
"2012-08-02","5.43919863226094"
"2012-08-03","3.50835187223567"
"2012-08-04","4.77784947967116"
"2012-08-05","6.47635410358379"
"2012-08-06","3.41401176767432"
"2012-08-07","8.99141616635508"
"2012-08-08","2.84097071901544"
"2012-08-09","4.78044494380167"
"2012-08-10","3.60813419978856"
"2012-08-11","5.18195038750058"
"2012-08-12","3.40027664105097"
"2012-08-13","4.97453942030539"
"2012-08-14","2.75181928960792"
"2012-08-15","2.54303522053219"
"2012-08-16","4.31374407253224"
"2012-08-17","0.754338279495508"
"2012-08-18","1.19349331503081"
"2012-08-19","1.03378454649023"
"2012-08-20","1.65809512470579"
"2012-08-21","4.61253340897106"
"2012-08-22","7.26977775726484"
"2012-08-23","5.44384414473653"
"2012-08-24","3.15450603092388"
"2012-08-25","2.23947438197735"
"2012-08-26","3.66587995811974"
"2012-08-27","6.21419829568822"
"2012-08-28","13.8765147609628"
"2012-08-29","6.12115070675359"
"2012-08-30","3.09270818073512"
"2012-08-31","3.17666841766019"
"2012-09-01","2.67016719855787"
"2012-09-02","5.41109272979555"
"2012-09-03","6.31254114217056"
"2012-09-04","27.1009705159571"
"2012-09-05","11.2376899760523"
"2012-09-06","5.56525395275194"
"2012-09-07","2.88205381473164"
"2012-09-08","3.47318805476804"
"2012-09-09","3.27025987704595"
"2012-09-10","5.03430715267792"
"2012-09-11","5.5655611872157"
"2012-09-12","16.8343132357577"
"2012-09-13","4.13215770969143"
"2012-09-14","2.34407326024332"
"2012-09-15","2.30943304351914"
"2012-09-16","2.55760296650263"
"2012-09-17","3.06677355626961"
"2012-09-18","3.27102000682385"
"2012-09-19","3.71512013183528"
"2012-09-20","8.4817094224872"
"2012-09-21","6.42900099176349"
"2012-09-22","6.30414097133653"
"2012-09-23","10.033453176548"
"2012-09-24","4.51056864148095"
"2012-09-25","5.02477836402464"
"2012-09-26","25.8929139958832"
"2012-09-27","13.9839011683609"
"2012-09-28","4.02781106331648"
"2012-09-29","2.43617323079667"
"2012-09-30","3.24106542114572"
"2012-10-01","4.79287764004299"
"2012-10-02","5.75235804386469"
"2012-10-03","13.8622479562636"
"2012-10-04","34.4806914474025"
"2012-10-05","6.75578478920511"
"2012-10-06","2.35861442692868"
"2012-10-07","2.19743912018739"
"2012-10-08","4.20624787724895"
"2012-10-09","5.69641136555445"
"2012-10-10","4.54309586683909"
"2012-10-11","3.87820264181017"
"2012-10-12","4.9967632076957"
"2012-10-13","5.083294964972"
"2012-10-14","7.96157556798035"
"2012-10-15","22.7592588998539"
"2012-10-16","6.58362443158121"
"2012-10-17","5.65370505609554"
"2012-10-18","9.98367146908979"
"2012-10-19","21.8747798209583"
"2012-10-20","13.0830767794605"
"2012-10-21","11.6031232014363"
"2012-10-22","9.57931702271168"
"2012-10-23","26.4239371328643"
"2012-10-24","33.4115588819826"
"2012-10-25","7.16422982339735"
"2012-10-26","5.92056464116811"
"2012-10-27","6.0320140649746"
"2012-10-28","9.43106506810044"
"2012-10-29","12.2051362454633"
"2012-10-30","27.4356956770926"
"2012-10-31","29.8263823067471"
"2012-11-01","6.9851705609978"
"2012-11-02","5.83683691912399"
"2012-11-03","10.4223112254948"
"2012-11-04","36.0620099682829"
"2012-11-05","36.6337782211634"
"2012-11-06","8.79161371090711"
"2012-11-07","11.7647573607309"
"2012-11-08","16.2608574169539"
"2012-11-09","18.0419595891779"
"2012-11-10","15.3689866726533"
"2012-11-11","33.3920474196925"
"2012-11-12","29.6733076789162"
"2012-11-13","18.761222315041"
"2012-11-14","21.9168176403293"
"2012-11-15","6.64570388804266"
"2012-11-16","14.5190878492413"
"2012-11-17","14.4562417294556"
"2012-11-18","17.0556906786832"
"2012-11-19","25.6520217383579"
"2012-11-20","48.529278387755"
"2012-11-21","24.5381812388763"
"2012-11-22","19.0756305182651"
"2012-11-23","22.9516972711076"
"2012-11-24","40.1745548991414"
"2012-11-25","29.1073172391751"
"2012-11-26","17.4079506036007"
"2012-11-27","13.5974573944554"
"2012-11-28","27.9494423391499"
"2012-11-29","49.659705562509"
"2012-11-30","12.6756516535045"
"2012-12-01","9.08461811325767"
"2012-12-02","7.52532378006807"
"2012-12-03","12.4568061869898"
"2012-12-04","15.3112755502973"
"2012-12-05","11.1847196998018"
"2012-12-06","12.3786343599295"
"2012-12-07","23.2537690612661"
"2012-12-08","58.8852058096882"
"2012-12-09","29.129129050614"
"2012-12-10","34.5367163455848"
"2012-12-11","35.9690174994531"
"2012-12-12","32.9839409749745"
"2012-12-13","39.5645352153035"
"2012-12-14","3.6038878665858"
"2012-12-15","4.88381351614411"
"2012-12-16","15.238929765049"
"2012-12-17","13.5219304117806"
"2012-12-18","15.8613042418575"
"2012-12-19","34.4457374589268"
"2012-12-20","21.2845269653188"
"2012-12-21","28.3375453536129"
"2012-12-22","35.1853950137184"
"2012-12-23","57.9355996697496"
"2012-12-24","26.2516886062952"
"2012-12-25","30.3844193380116"
"2012-12-26","32.3709464465385"
"2012-12-27","47.8785386766706"
"2012-12-28","22.7860760461716"
"2012-12-29","22.5918795845725"
"2012-12-30","36.1086724103787"
"2012-12-31","29.7330871268268"
"2013-01-01","40.4670121824587"
"2013-01-02","32.2377937861851"
"2013-01-03","34.716488140486"
"2013-01-04","70.7360052463812"
"2013-01-05","48.7333133251636"
"2013-01-06","63.433258849305"
"2013-01-07","62.8318791575246"
"2013-01-08","64.5136940200608"
"2013-01-09","22.9375673021589"
"2013-01-10","27.2025092484115"
"2013-01-11","72.931791511965"
"2013-01-12","15.1060627115753"
"2013-01-13","8.60593674812482"
"2013-01-14","27.8656529182996"
"2013-01-15","33.5972081221543"
"2013-01-16","48.561672871247"
"2013-01-17","71.3127006596817"
"2013-01-18","24.5555559009701"
"2013-01-19","26.5615466311897"
"2013-01-20","42.8302810635918"
"2013-01-21","48.8376694881555"
"2013-01-22","26.2573819759088"
"2013-01-23","35.5279536144042"
"2013-01-24","35.4335973913019"
"2013-01-25","23.6995682406735"
"2013-01-26","33.1214163231127"
"2013-01-27","21.1136127199445"
"2013-01-28","32.3534650265912"
"2013-01-29","22.8314211420167"
"2013-01-30","15.4870229613729"
"2013-01-31","11.1407038019849"
"2013-02-01","14.9213516268379"
"2013-02-02","10.1127836033379"
"2013-02-03","17.7337241193433"
"2013-02-04","28.0264708696506"
"2013-02-05","36.8939649243375"
"2013-02-06","50.394420656807"
"2013-02-07","45.9927056795591"
"2013-02-08","22.3321569781283"
"2013-02-09","28.191577077428"
"2013-02-10","29.6879289057348"
"2013-02-11","35.7223007730591"
"2013-02-12","26.0306619999213"
"2013-02-13","29.4699606049112"
"2013-02-14","28.4287228604932"
"2013-02-15","10.2746408388212"
"2013-02-16","10.2457887659341"
"2013-02-17","21.3281638292007"
"2013-02-18","28.236814486516"
"2013-02-19","15.0379297599132"
"2013-02-20","23.4948310232782"
"2013-02-21","25.7670294319912"
"2013-02-22","18.9179513898247"
"2013-02-23","26.2079599141042"
"2013-02-24","27.3413987923494"
"2013-02-25","30.7325509719518"
"2013-02-26","8.77615558946287"
"2013-02-27","11.9844300034758"
"2013-02-28","21.7604317479319"
"2013-03-01","24.3911011105492"
"2013-03-02","26.8518018103265"
"2013-03-03","23.3923341412565"
"2013-03-04","24.0122688838414"
"2013-03-05","19.8893538099347"
"2013-03-06","20.5490172043507"
"2013-03-07","21.0602975077443"
"2013-03-08","26.5832381062693"
"2013-03-09","25.0395664281143"
"2013-03-10","24.3875809582797"
"2013-03-11","25.5624590291605"
"2013-03-12","47.2972895799777"
"2013-03-13","19.9418520122379"
"2013-03-14","18.5034473633869"
"2013-03-15","18.027528544009"
"2013-03-16","13.2112261185914"
"2013-03-17","14.4390725284428"
"2013-03-18","10.126006755994"
"2013-03-19","18.5906539768368"
"2013-03-20","26.7692590275884"
"2013-03-21","26.2511200512642"
"2013-03-22","8.78181121050021"
"2013-03-23","9.90980352880635"
"2013-03-24","11.5990713519967"
"2013-03-25","8.46496510196042"
"2013-03-26","28.0292551445239"
"2013-03-27","40.1237377645649"
"2013-03-28","22.9769116934244"
"2013-03-29","6.2825532527197"
"2013-03-30","5.55172573333179"
"2013-03-31","6.03617728375769"
"2013-04-01","9.02579392292799"
"2013-04-02","8.09040688023423"
"2013-04-03","14.4479681960432"
"2013-04-04","13.1359464616487"
"2013-04-05","15.794324561115"
"2013-04-06","14.5847548365077"
"2013-04-07","16.2766918207144"
"2013-04-08","15.698747861953"
"2013-04-09","16.7544748421871"
"2013-04-10","23.3436574399213"
"2013-04-11","10.5295957115305"
"2013-04-12","16.7559850205591"
"2013-04-13","12.6831196293686"
"2013-04-14","12.9309329821434"
"2013-04-15","10.7020208144085"
"2013-04-16","11.502909361026"
"2013-04-17","11.161344839897"
"2013-04-18","11.572607378939"
"2013-04-19","17.6452280680339"
"2013-04-20","13.2481194450742"
"2013-04-21","21.0321109078147"
"2013-04-22","5.26607767173222"
"2013-04-23","6.31705746299777"
"2013-04-24","3.93786162008971"
"2013-04-25","7.12262351688369"
"2013-04-26","8.06379536013583"
"2013-04-27","37.0497319770582"
"2013-04-28","8.10744769129402"
"2013-04-29","7.53553656788615"
"2013-04-30","5.50458855752821"
"2013-05-01","11.6699545311205"
"2013-05-02","9.15223942793809"
"2013-05-03","24.1053283534525"
"2013-05-04","9.484371313285"
"2013-05-05","9.36644733313358"
"2013-05-06","6.01033180926269"
"2013-05-07","11.459522530114"
"2013-05-08","16.196829217853"
"2013-05-09","13.4956230642476"
"2013-05-10","14.0502599162973"
"2013-05-11","26.0636943387779"
"2013-05-12","3.41762670887497"
"2013-05-13","2.14684900976879"
"2013-05-14","3.94477504414397"
"2013-05-15","3.40743966020031"
"2013-05-16","5.84809807936351"
"2013-05-17","3.02372876932095"
"2013-05-18","2.787378847341"
"2013-05-19","3.9869152008197"
"2013-05-20","3.74587601500672"
"2013-05-21","4.25893427592851"
"2013-05-22","2.33797382147281"
"2013-05-23","6.99337134732829"
"2013-05-24","5.11217622581498"
"2013-05-25","5.24888053291288"
"2013-05-26","3.85978652698137"
"2013-05-27","3.66778104026596"
"2013-05-28","5.23198477685193"
"2013-05-29","8.56915783675718"
"2013-05-30","1.61234101666"
"2013-05-31","1.61344102192751"
"2013-06-01","0.171736958787426"
"2013-06-02","0.59138863872398"
"2013-06-03","0.710392523766596"
"2013-06-04","0.928236251785642"
"2013-06-05","1.97313495993098"
"2013-06-06","3.28146651761356"
"2013-06-07","2.22129246727987"
"2013-06-08","3.05369062379841"
"2013-06-09","3.22071948686203"
"2013-06-10","4.89808289364819"
"2013-06-11","2.11256264079185"
"2013-06-12","0.788574164692974"
"2013-06-13","0.611155630222389"
"2013-06-14","1.83770619068311"
"2013-06-15","3.36870979643487"
"2013-06-16","3.34664681205502"
"2013-06-17","2.82351918963643"
"2013-06-18","3.46543435591124"
"2013-06-19","4.14420509648013"
"2013-06-20","3.23198046467521"
"2013-06-21","3.39233753252855"
"2013-06-22","4.18616673750279"
"2013-06-23","4.2138360413638"
"2013-06-24","4.00106275081635"
"2013-06-25","4.26743916154424"
"2013-06-26","3.74523962137503"
"2013-06-27","4.78796462011544"
"2013-06-28","4.91907556026013"
"2013-06-29","3.78142963317566"
"2013-06-30","2.35627073746223"
"2013-07-01","2.95510403083"
"2013-07-02","4.38273229717692"
"2013-07-03","8.64033963566735"
"2013-07-04","9.23620135959609"
"2013-07-05","4.16123121815584"
"2013-07-06","2.83792253206303"
"2013-07-07","2.04428048883424"
"2013-07-08","2.69546508298808"
"2013-07-09","3.50912265653734"
"2013-07-10","5.35033708939821"
"2013-07-11","4.07258199252091"
"2013-07-12","3.04803267289034"
"2013-07-13","2.15219428245123"
"2013-07-14","0.274315807601493"
"2013-07-15","0.380723162695314"
"2013-07-16","0.997144976606617"
"2013-07-17","2.60398070914147"
"2013-07-18","4.75899819662045"
"2013-07-19","1.79487885031607"
"2013-07-20","0.621062840669702"
"2013-07-21","1.7045451858085"
"2013-07-22","0.966275646282739"
"2013-07-23","2.93717613919473"
"2013-07-24","2.79986507448799"
"2013-07-25","2.71419741090758"
"2013-07-26","2.60844877813802"
"2013-07-27","5.32031248709856"
"2013-07-28","3.44322771814478"
"2013-07-29","1.89947921547281"
"2013-07-30","3.60112888136983"
"2013-07-31","3.33703936178447"
"2013-08-01","4.68499627154627"
"2013-08-02","5.71049864106364"
"2013-08-03","2.05546747064178"
"2013-08-04","1.25936137694559"
"2013-08-05","2.43307631917588"
"2013-08-06","2.83297478185072"
"2013-08-07","1.644583684993"
"2013-08-08","1.26323761497483"
"2013-08-09","1.83782885188148"
"2013-08-10","2.57651819720929"
"2013-08-11","4.62319692079123"
"2013-08-12","9.27724074388479"
"2013-08-13","4.28654140053373"
"2013-08-14","5.17846872486593"
"2013-08-15","4.18893068190261"
"2013-08-16","18.3267287258462"
"2013-08-17","2.86733360014437"
"2013-08-18","3.70240386610939"
"2013-08-19","2.28392846259849"
"2013-08-20","2.59020817782972"
"2013-08-21","2.79859324644654"
"2013-08-22","2.65653885781636"
"2013-08-23","2.00264891357971"
"2013-08-24","1.77285639712692"
"2013-08-25","2.41258247925606"
"2013-08-26","2.35771799642286"
"2013-08-27","5.29619441610394"
"2013-08-28","4.67004799559003"
"2013-08-29","7.4784416275107"
"2013-08-30","2.62706191244321"
"2013-08-31","10.0862518337382"
"2013-09-01","10.2993396092287"
"2013-09-02","5.73590803559208"
"2013-09-03","5.86084954924398"
"2013-09-04","15.4065883046105"
"2013-09-05","1.72441059763813"
"2013-09-06","1.97192138381851"
"2013-09-07","4.61235767783541"
"2013-09-08","3.73279853558644"
"2013-09-09","16.6441736303883"
"2013-09-10","6.87635301098679"
"2013-09-11","6.63293103841476"
"2013-09-12","4.75272460778554"
"2013-09-13","1.21027991756216"
"2013-09-14","2.18590344262846"
"2013-09-15","6.09787184335453"
"2013-09-16","1.25789091358711"
"2013-09-17","1.87606823186338"
"2013-09-18","3.21403013343935"
"2013-09-19","2.93419798963514"
"2013-09-20","3.61296558741367"
"2013-09-21","4.34153112575605"
"2013-09-22","3.76509647064911"
"2013-09-23","12.9431977571347"
"2013-09-24","7.38807340308185"
"2013-09-25","6.4705909299644"
"2013-09-26","1.06232789352343"
"2013-09-27","4.86011469467378"
"2013-09-28","3.78634609107847"
"2013-09-29","8.46907275373285"
"2013-09-30","11.499385248531"
"2013-10-01","2.2380320474957"
"2013-10-02","4.48995097504034"
"2013-10-03","2.72469842124295"
"2013-10-04","6.72593243091137"
"2013-10-05","13.7695124593132"
"2013-10-06","5.15574774855659"
"2013-10-07","4.2021338888061"
"2013-10-08","4.49995160464085"
"2013-10-09","36.1341790327262"
"2013-10-10","4.6757267419394"
"2013-10-11","6.58987564545173"
"2013-10-12","19.0016780167947"
"2013-10-13","11.7243429086941"
"2013-10-14","4.31397049845039"
"2013-10-15","8.90148994520113"
"2013-10-16","46.3295106351118"
"2013-10-17","7.7948250027446"
"2013-10-18","21.0542818354322"
"2013-10-19","32.2681569227409"
"2013-10-20","30.5880713896318"
"2013-10-21","4.61784973934099"
"2013-10-22","2.63441590648709"
"2013-10-23","0.536717362637386"
"2013-10-24","1.82083828560202"
"2013-10-25","2.70006247232487"
"2013-10-26","3.7844319488063"
"2013-10-27","3.05552593763773"
"2013-10-28","5.6359393361843"
"2013-10-29","6.25256176067121"
"2013-10-30","5.59641806697433"
"2013-10-31","6.13505101771582"
"2013-11-01","12.1762545232649"
"2013-11-02","16.1622626399581"
"2013-11-03","9.7562438079289"
"2013-11-04","8.95440589504324"
"2013-11-05","11.3036705590946"
"2013-11-06","33.9748068722812"
"2013-11-07","15.1837349443725"
"2013-11-08","3.69182259489448"
"2013-11-09","8.92304686447243"
"2013-11-10","14.9274575596764"
"2013-11-11","13.0988651250864"
"2013-11-12","2.62348268403635"
"2013-11-13","3.23589664568633"
"2013-11-14","5.62237968744138"
"2013-11-15","7.2255246076749"
"2013-11-16","9.70429757250336"
"2013-11-17","12.8853318247444"
"2013-11-18","17.5377664731178"
"2013-11-19","32.9588552450205"
"2013-11-20","8.03720583956995"
"2013-11-21","8.82384026308596"
"2013-11-22","7.97205356808452"
"2013-11-23","6.50099913743667"
"2013-11-24","7.17631497166373"
"2013-11-25","18.0630645153326"
"2013-11-26","19.1473757756221"
"2013-11-27","30.0890028817313"
"2013-11-28","8.94158957737349"
"2013-11-29","11.4555071772951"
"2013-11-30","15.8734747465555"
"2013-12-01","41.9547048131109"
"2013-12-02","37.2223259979512"
"2013-12-03","22.6956374304635"
"2013-12-04","9.86817633641231"
"2013-12-05","6.6709812131279"
"2013-12-06","6.4367745407732"
"2013-12-07","12.9607142246131"
"2013-12-08","36.9222579972568"
"2013-12-09","5.79713617929649"
"2013-12-10","11.2010719600694"
"2013-12-11","11.8852805884886"
"2013-12-12","14.9385478383019"
"2013-12-13","15.2262486709661"
"2013-12-14","15.6345873911143"
"2013-12-15","18.8379521844707"
"2013-12-16","30.3215409605018"
"2013-12-17","34.4270478657314"
"2013-12-18","41.3442860310212"
"2013-12-19","53.2863430419526"
"2013-12-20","49.6344637685008"
"2013-12-21","15.1155421744177"
"2013-12-22","16.0677673517368"
"2013-12-23","9.20632451746887"
"2013-12-24","23.1701630513905"
"2013-12-25","28.2329382462935"
"2013-12-26","32.4971967631088"
"2013-12-27","24.4896695809963"
"2013-12-28","81.2960985687388"
"2013-12-29","23.985151456032"
"2013-12-30","31.7244138758936"
"2013-12-31","29.296446944728"
"2014-01-01","23.1101364841709"
"2014-01-02","7.15990614942658"
"2014-01-03","17.2988146548663"
"2014-01-04","17.3918615811831"
"2014-01-05","17.716180840612"
"2014-01-06","12.492090353202"
"2014-01-07","19.5135123595531"
"2014-01-08","25.8264536506686"
"2014-01-09","23.0465532278086"
"2014-01-10","22.0340339652388"
"2014-01-11","32.6020337802507"
"2014-01-12","42.3163245395148"
"2014-01-13","49.1394655301973"
"2014-01-14","55.049095005184"
"2014-01-15","58.3758734996185"
"2014-01-16","35.8294364693877"
"2014-01-17","48.5904633410565"
"2014-01-18","20.2648819989456"
"2014-01-19","34.3559939025284"
"2014-01-20","28.3364459322645"
"2014-01-21","21.8211053129915"
"2014-01-22","35.0936344856824"
"2014-01-23","31.5831562719304"
"2014-01-24","20.2805695265403"
"2014-01-25","24.2952387714799"
"2014-01-26","24.9346847864457"
"2014-01-27","37.9600877390279"
"2014-01-28","66.5511895877458"
"2014-01-29","29.2563017064875"
"2014-01-30","42.2729238617472"
"2014-01-31","47.0590916092778"
"2014-02-01","63.1100078434139"
"2014-02-02","47.1878802146746"
"2014-02-03","44.2102711582597"
"2014-02-04","41.4078928712127"
"2014-02-05","27.2492570092668"
"2014-02-06","22.9825261433919"
"2014-02-07","60.1203749190161"
"2014-02-08","53.1637816491065"
"2014-02-09","62.5643402033554"
"2014-02-10","41.5321936091303"
"2014-02-11","49.4742368722891"
"2014-02-12","68.6442984213561"
"2014-02-13","25.5310251145136"
"2014-02-14","13.600801463767"
"2014-02-15","11.0596926903828"
"2014-02-16","19.5589775812058"
"2014-02-17","24.2894487835112"
"2014-02-18","23.5848226423387"
"2014-02-19","18.2368102548442"
"2014-02-20","7.45451925378857"
"2014-02-21","12.8726427895682"
"2014-02-22","17.6193809860196"
"2014-02-23","23.9170898462271"
"2014-02-24","35.64144693515"
"2014-02-25","43.8775420746246"
"2014-02-26","18.2033917687156"
"2014-02-27","21.3788981623464"
"2014-02-28","25.1233103946174"
"2014-03-01","12.9017564600164"
"2014-03-02","22.0748668563314"
"2014-03-03","26.7985141473415"
"2014-03-04","20.113642424216"
"2014-03-05","13.9114813371138"
"2014-03-06","21.9945552421339"
"2014-03-07","13.9998170844404"
"2014-03-08","18.3145261203056"
"2014-03-09","26.8039720791243"
"2014-03-10","31.3752868289039"
"2014-03-11","18.0168693055322"
"2014-03-12","15.8834299029726"
"2014-03-13","14.0912681967665"
"2014-03-14","23.7887812362605"
"2014-03-15","12.4951902199617"
"2014-03-16","15.2283823500464"
"2014-03-17","7.24234969791396"
"2014-03-18","11.2918279862507"
"2014-03-19","13.2582972121961"
"2014-03-20","23.9797922852751"
"2014-03-21","13.7450884141963"
"2014-03-22","11.7642834485867"
"2014-03-23","8.89946799876886"
"2014-03-24","10.3782590663794"
"2014-03-25","8.50192555514249"
"2014-03-26","14.4752060242029"
"2014-03-27","2.70262476272913"
"2014-03-28","10.1201749508515"
"2014-03-29","13.0573114419912"
"2014-03-30","10.8320057505653"
"2014-03-31","22.7407774409174"
"2014-04-01","45.9229595795338"
"2014-04-02","5.54499372465786"
"2014-04-03","9.81388695002634"
"2014-04-04","10.6011478498385"
"2014-04-05","13.6342285742491"
"2014-04-06","18.34809535716"
"2014-04-07","9.20053908112761"
"2014-04-08","2.59263982865718"
"2014-04-09","0.442217023793237"
"2014-04-10","0.551698339707924"
"2014-04-11","2.7183210266617"
"2014-04-12","4.93791694868179"
"2014-04-13","8.06176319989291"
"2014-04-14","9.37167611679473"
"2014-04-15","6.40849042867685"
"2014-04-16","7.10716931850879"
"2014-04-17","8.81010281781614"
"2014-04-18","11.5951236873478"
"2014-04-19","4.73788633800688"
"2014-04-20","9.02006814799783"
"2014-04-21","23.6797073083523"
"2014-04-22","3.95080243818688"
"2014-04-23","6.35670053907287"
"2014-04-24","7.96820148245081"
"2014-04-25","12.230225049056"
"2014-04-26","7.62526858317388"
"2014-04-27","7.19278675446779"
"2014-04-28","16.5866644805644"
"2014-04-29","1.57133221368253"
"2014-04-30","0.951222455604768"
"2014-05-01","2.77364905726858"
"2014-05-02","2.18284779632246"
"2014-05-03","3.57330531023798"
"2014-05-04","3.47125976219838"
"2014-05-05","2.05250638800782"
"2014-05-06","3.7979598690421"
"2014-05-07","4.59480904500722"
"2014-05-08","6.08318116551354"
"2014-05-09","7.4254597131308"
"2014-05-10","1.72920069214586"
"2014-05-11","2.65241953717682"
"2014-05-12","4.72767093429318"
"2014-05-13","5.76222545966441"
"2014-05-14","12.8841755565627"
"2014-05-15","17.1447760697567"
"2014-05-16","17.8453637903387"
"2014-05-17","12.2484855920205"
"2014-05-18","8.7400413085888"
"2014-05-19","7.89947107653597"
"2014-05-20","4.94509504006539"
"2014-05-21","7.03509030920087"
"2014-05-22","10.1069673222381"
"2014-05-23","2.16464137489145"
"2014-05-24","2.9635892894877"
"2014-05-25","3.36110396509047"
"2014-05-26","7.15028024081028"
"2014-05-27","2.56114935113754"
"2014-05-28","1.97025248614741"
"2014-05-29","2.8537479187503"
"2014-05-30","3.77269233718063"
"2014-05-31","2.54274083628799"
"2014-06-01","0.336382791657985"
"2014-06-02","1.49468995959728"
"2014-06-03","1.29331832543596"
"2014-06-04","1.6323399774698"
"2014-06-05","2.59776754477323"
"2014-06-06","2.27672963960346"
"2014-06-07","3.4799548562987"
"2014-06-08","3.44705176817906"
"2014-06-09","3.59930428282007"
"2014-06-10","3.82415129560413"
"2014-06-11","3.51704209759122"
"2014-06-12","2.61201409808485"
"2014-06-13","2.02583022628512"
"2014-06-14","2.81230273546079"
"2014-06-15","2.91717612149912"
"2014-06-16","2.44709462495077"
"2014-06-17","1.93233744109864"
"2014-06-18","2.10330735863029"
"2014-06-19","2.00277425922873"
"2014-06-20","2.88450458323285"
"2014-06-21","1.07966056917653"
"2014-06-22","1.90048213406301"
"2014-06-23","4.33626315655646"
"2014-06-24","3.2921853193215"
"2014-06-25","1.97092434228499"
"2014-06-26","2.78893017685"
"2014-06-27","6.09394017855326"
"2014-06-28","3.30054358680011"
"2014-06-29","2.31347461668895"
"2014-06-30","1.39537537101156"
"2014-07-01","2.12018032313941"
"2014-07-02","1.99218203920823"
"2014-07-03","4.1128968996403"
"2014-07-04","4.65238645840517"
"2014-07-05","3.29889230559141"
"2014-07-06","2.56708128511648"
"2014-07-07","3.52104112467208"
"2014-07-08","12.9383254949149"
"2014-07-09","1.28770655019459"
"2014-07-10","2.00585075503304"
"2014-07-11","2.29880686549397"
"2014-07-12","2.79661480643791"
"2014-07-13","2.84069017059617"
"2014-07-14","2.25282931714863"
"2014-07-15","1.84006655113006"
"2014-07-16","2.81481369620278"
"2014-07-17","2.97067353529331"
"2014-07-18","3.39206272718452"
"2014-07-19","1.84980674810482"
"2014-07-20","1.73252373662862"
"2014-07-21","1.34200927002347"
"2014-07-22","2.97838397846593"
"2014-07-23","3.41246386678704"
"2014-07-24","2.27050199885389"
"2014-07-25","1.29019070384435"
"2014-07-26","2.02284038273287"
"2014-07-27","3.14361937350525"
"2014-07-28","4.43734969927635"
"2014-07-29","4.0821893318391"
"2014-07-30","3.2038683412653"
"2014-07-31","7.74105678853534"
"2014-08-01","2.04752294011253"
"2014-08-02","2.6173334551322"
"2014-08-03","3.63749641334856"
"2014-08-04","3.66450036384843"
"2014-08-05","2.91819145127292"
"2014-08-06","2.31678994328945"
"2014-08-07","3.04405649915918"
"2014-08-08","3.67729542755977"
"2014-08-09","5.47320586417144"
"2014-08-10","5.20466891640709"
"2014-08-11","3.80600640758291"
"2014-08-12","3.64700098109968"
"2014-08-13","4.12407195722902"
"2014-08-14","3.16500646521003"
"2014-08-15","5.5013967468625"
"2014-08-16","3.51253479693359"
"2014-08-17","6.18655328626757"
"2014-08-18","4.90119642148286"
"2014-08-19","4.483152090213"
"2014-08-20","4.0329945474476"
"2014-08-21","4.42851377926864"
"2014-08-22","6.80344841490576"
"2014-08-23","8.75396776405764"
"2014-08-24","7.93040733213549"
"2014-08-25","3.98527795050567"
"2014-08-26","5.71400820434868"
"2014-08-27","7.71351245987467"
"2014-08-28","6.78833975730004"
"2014-08-29","8.87246733620053"
"2014-08-30","6.84709173466736"
"2014-08-31","15.4062716083609"
"2014-09-01","3.08363099351074"
"2014-09-02","4.37895259261131"
"2014-09-03","3.99929568545643"
"2014-09-04","5.33659151725439"
"2014-09-05","7.3425699926558"
"2014-09-06","9.44831082831213"
"2014-09-07","11.5204671481987"
"2014-09-08","20.0589675738182"
"2014-09-09","6.61050019093922"
"2014-09-10","6.02380519666713"
"2014-09-11","6.53423621128132"
"2014-09-12","5.09350454962099"
"2014-09-13","5.23523738941589"
"2014-09-14","9.89477448133163"
"2014-09-15","14.7134272794187"
"2014-09-16","6.54244594862967"
"2014-09-17","9.19657744576921"
"2014-09-18","5.28013324376309"
"2014-09-19","7.06477267814405"
"2014-09-20","9.11396266784503"
"2014-09-21","8.95054741442462"
"2014-09-22","18.2179168891081"
"2014-09-23","19.6268510384993"
"2014-09-24","5.23065493426798"
"2014-09-25","2.99322925243543"
"2014-09-26","3.66981122400854"
"2014-09-27","16.0905601534493"
"2014-09-28","70.8494921019583"
"2014-09-29","14.4639887087273"
"2014-09-30","28.8216821373283"
"2014-10-01","8.4244140634289"
"2014-10-02","6.44898829006013"
"2014-10-03","9.5595533992305"
"2014-10-04","34.5073097361115"
"2014-10-05","12.9437041179442"
"2014-10-06","30.8869132293767"
"2014-10-07","6.9321944646505"
"2014-10-08","7.17716033737381"
"2014-10-09","13.4254865274801"
"2014-10-10","34.1944822749018"
"2014-10-11","12.6624110663608"
"2014-10-12","23.4809202095131"
"2014-10-13","9.31694966580445"
"2014-10-14","14.4022933745281"
"2014-10-15","8.9622348046406"
"2014-10-16","8.03772037163441"
"2014-10-17","11.4811886007136"
"2014-10-18","40.9140490494765"
"2014-10-19","53.5468505017169"
"2014-10-20","25.3544748231962"
"2014-10-21","16.0543079665213"
"2014-10-22","20.0658444697723"
"2014-10-23","17.9808812038207"
"2014-10-24","32.4222555243092"
"2014-10-25","22.9363583630814"
"2014-10-26","17.210883894008"
"2014-10-27","16.4215167064171"
"2014-10-28","10.6701498898593"
"2014-10-29","12.077204034442"
"2014-10-30","16.7887978017072"
"2014-10-31","60.8060965104537"
"2014-11-01","14.7270723256198"
"2014-11-02","10.978751459163"
"2014-11-03","15.2160001296502"
"2014-11-04","36.145085524687"
"2014-11-05","18.7328450545604"
"2014-11-06","20.8915148359357"
"2014-11-07","37.1308977861941"
"2014-11-08","59.6992129288711"
"2014-11-09","29.9889192828884"
"2014-11-10","21.1300357636951"
"2014-11-11","23.4883123620764"
"2014-11-12","41.9076653682824"
"2014-11-13","45.4188179825291"
"2014-11-14","16.0617987913487"
"2014-11-15","17.4643121405597"
"2014-11-16","5.17070677992585"
"2014-11-17","7.24111885322637"
"2014-11-18","11.0483745228161"
"2014-11-19","19.4620023496223"
"2014-11-20","19.2414081891378"
"2014-11-21","18.168763119421"
"2014-11-22","36.7358828540488"
"2014-11-23","28.3899618743302"
"2014-11-24","11.3071354787587"
"2014-11-25","11.2766786898885"
"2014-11-26","11.6811581230783"
"2014-11-27","27.5012791745074"
"2014-11-28","33.037374595543"
"2014-11-29","37.0343699104342"
"2014-11-30","39.9522591875745"
"2014-12-01","27.1463034369729"
"2014-12-02","26.7598622887682"
"2014-12-03","23.0677459436062"
"2014-12-04","13.4133440096141"
"2014-12-05","15.4213200854017"
"2014-12-06","9.32688887191541"
"2014-12-07","6.85091326866315"
"2014-12-08","14.7827130540625"
"2014-12-09","24.2709259181828"
"2014-12-10","29.8360716254164"
"2014-12-11","26.1885857148604"
"2014-12-12","32.6065697442918"
"2014-12-13","24.3432156575191"
"2014-12-14","28.7874224939388"
"2014-12-15","43.9431747007164"
"2014-12-16","47.0932424016845"
"2014-12-17","16.3408508672343"
"2014-12-18","16.8264607392348"
"2014-12-19","18.8377328104787"
"2014-12-20","20.4845127584614"
"2014-12-21","47.0084275332364"
"2014-12-22","29.5737552766676"
"2014-12-23","18.6891535164474"
"2014-12-24","29.5865421047458"
"2014-12-25","27.2798151082291"
"2014-12-26","21.7437156991009"
"2014-12-27","27.7342269492872"
"2014-12-28","36.813818836625"
"2014-12-29","17.5587942300937"
"2014-12-30","22.2328314182562"
"2014-12-31","17.3235587826023"
"2015-01-01","27.196923664638"
"2015-01-02","62.8988645149"
"2015-01-03","35.5722034338749"
"2015-01-04","24.9371021815709"
"2015-01-05","32.0687108473344"
"2015-01-06","38.099397221685"
"2015-01-07","29.2761105046128"
"2015-01-08","6.39333985223399"
"2015-01-09","3.05316485135586"
"2015-01-10","0.702884526866855"
"2015-01-11","5.85958003068899"
"2015-01-12","13.4305279719365"
"2015-01-13","1.15442577726913"
"2015-01-14","1.02833186978579"
"2015-01-15","2.29351481679198"
"2015-01-16","8.8918024409901"
"2015-01-17","9.45121205936779"
"2015-01-18","10.627896174724"
"2015-01-19","13.4554842199598"
"2015-01-20","14.1791572539837"
"2015-01-21","26.5160230764579"
"2015-01-22","20.727914777153"
"2015-01-23","16.1889559758174"
"2015-01-24","21.7251791045779"
"2015-01-25","16.8932507812203"
"2015-01-26","22.1064507455537"
"2015-01-27","25.6880733068887"
"2015-01-28","29.7086955644352"
"2015-01-29","29.9286092824234"
"2015-01-30","17.3964046379188"
"2015-01-31","14.7513169003771"
"2015-02-01","17.5622203835161"
"2015-02-02","21.7164366234949"
"2015-02-03","24.0485159432217"
"2015-02-04","19.6909679891743"
"2015-02-05","25.7433595946341"
"2015-02-06","27.7860992976597"
"2015-02-07","29.5240905687406"
"2015-02-08","25.7811022589217"
"2015-02-09","30.9493938503843"
"2015-02-10","33.9540208511022"
"2015-02-11","63.3202620006743"
"2015-02-12","20.8847059935202"
"2015-02-13","16.5606371933248"
"2015-02-14","10.9802320261538"
"2015-02-15","19.7808522228555"
"2015-02-16","14.2802057008207"
"2015-02-17","15.0688378717992"
"2015-02-18","13.4282566850836"
"2015-02-19","27.7549988965451"
"2015-02-20","38.5171526128596"
"2015-02-21","28.2775515106333"
"2015-02-22","28.4327981791971"
"2015-02-23","18.6199444651088"
"2015-02-24","22.615968869362"
"2015-02-25","21.5703909696439"
"2015-02-26","15.5579879500649"
"2015-02-27","23.5084089303946"
"2015-02-28","34.689424052383"
"2015-03-01","13.5072955455615"
"2015-03-02","16.5932430333389"
"2015-03-03","21.2107088018805"
"2015-03-04","14.5459574889311"
"2015-03-05","17.6759720055056"
"2015-03-06","5.91680599807145"
"2015-03-07","8.63422701678751"
"2015-03-08","12.1429829803896"
"2015-03-09","13.0305970138286"
"2015-03-10","18.0342494006797"
"2015-03-11","22.5189892533538"
"2015-03-12","13.7729835902458"
"2015-03-13","17.4300665504489"
"2015-03-14","27.9321462788107"
"2015-03-15","16.7690411769983"
"2015-03-16","16.0350972460462"
"2015-03-17","32.6320796817928"
"2015-03-18","4.57432551301403"
"2015-03-19","23.6772060518141"
"2015-03-20","15.2138107060354"
"2015-03-21","17.7334231669769"
"2015-03-22","17.8127277630232"
"2015-03-23","12.4196509241542"
"2015-03-24","8.93982617886035"
"2015-03-25","10.2108464447451"
"2015-03-26","14.8025468520788"
"2015-03-27","5.82753015751446"
"2015-03-28","4.77620698363234"
"2015-03-29","12.199933312156"
"2015-03-30","12.6105397150114"
"2015-03-31","19.8606410749031"
"2015-04-01","37.2220722132431"
"2015-04-02","17.5351467297707"
"2015-04-03","15.0049151156372"
"2015-04-04","14.8735271759363"
"2015-04-05","8.73936766876287"
"2015-04-06","2.1730024763"
"2015-04-07","4.656011564391"
"2015-04-08","9.48887097164666"
"2015-04-09","10.483397083365"
"2015-04-10","10.1606534322103"
"2015-04-11","11.2300814034103"
"2015-04-12","11.1236926487514"
"2015-04-13","10.3757914444069"
"2015-04-14","17.332159756582"
"2015-04-15","10.7086583959076"
"2015-04-16","6.77545825227515"
"2015-04-17","1.97724574314051"
"2015-04-18","6.34001066674402"
"2015-04-19","8.22329537073771"
"2015-04-20","8.65647566989387"
"2015-04-21","7.74792289630675"
"2015-04-22","8.10025418888439"
"2015-04-23","6.27472862278744"
"2015-04-24","4.35045081712467"
"2015-04-25","2.5754095421725"
"2015-04-26","5.97222979605456"
"2015-04-27","3.99181238423178"
"2015-04-28","6.4007344679399"
"2015-04-29","6.60846350203345"
"2015-04-30","11.7616911120229"
"2015-05-01","9.41842557031871"
"2015-05-02","15.4471450429974"
"2015-05-03","4.46137811662831"
"2015-05-04","19.557199160258"
"2015-05-05","8.0453537635473"
"2015-05-06","4.18509608068507"
"2015-05-07","6.14762927340223"
"2015-05-08","3.22185568505035"
"2015-05-09","4.99290816350417"
"2015-05-10","3.28013397714534"
"2015-05-11","2.95375173535698"
"2015-05-12","5.56934943691993"
"2015-05-13","4.43069423586775"
"2015-05-14","3.1512237906585"
"2015-05-15","3.99224920770823"
"2015-05-16","4.29831655846014"
"2015-05-17","7.1273970990986"
"2015-05-18","9.43158329513682"
"2015-05-19","1.22305331769444"
"2015-05-20","2.05818732489239"
"2015-05-21","2.43155893102869"
"2015-05-22","5.33329361135309"
"2015-05-23","6.15930150855671"
"2015-05-24","3.36801229978537"
"2015-05-25","5.02909113628008"
"2015-05-26","4.80570975578193"
"2015-05-27","7.77483610673384"
"2015-05-28","10.6542750767299"
"2015-05-29","3.72988347909151"
"2015-05-30","3.336237282464"
"2015-05-31","3.43314150349918"
"2015-06-01","3.35141007253876"
"2015-06-02","2.06938469177717"
"2015-06-03","2.39807745453083"
"2015-06-04","2.35817331282091"
"2015-06-05","0.637081805729505"
"2015-06-06","1.09190935193202"
"2015-06-07","3.93780345859982"
"2015-06-08","5.43747016413387"
"2015-06-09","4.32164853914476"
"2015-06-10","3.67543798427045"
"2015-06-11","5.22765342084876"
"2015-06-12","4.05022724908152"
"2015-06-13","4.81910749740931"
"2015-06-14","4.3428090176025"
"2015-06-15","1.47587982697404"
"2015-06-16","0.282564742127796"
"2015-06-17","1.25608225140995"
"2015-06-18","2.92228208617731"
"2015-06-19","2.87159009206863"
"2015-06-20","2.59033250112038"
"2015-06-21","4.02709810945379"
"2015-06-22","4.20031040597272"
"2015-06-23","3.32010441528254"
"2015-06-24","2.06602370609969"
"2015-06-25","2.27162639183916"
"2015-06-26","2.37853904062019"
"2015-06-27","2.29457733822075"
"2015-06-28","2.29226973846361"
"2015-06-29","1.73708374559621"
"2015-06-30","2.22191101931906"
"2015-07-01","4.17453794845771"
"2015-07-02","5.13478545193032"
"2015-07-03","3.86061771581699"
"2015-07-04","3.64044516246556"
"2015-07-05","6.05913928422061"
"2015-07-06","2.40871754043546"
"2015-07-07","1.77959889599255"
"2015-07-08","2.20796433181474"
"2015-07-09","4.38878682629887"
"2015-07-10","4.55892209418408"
"2015-07-11","2.51705479209041"
"2015-07-12","1.95457970425164"
"2015-07-13","1.53004743342663"
"2015-07-14","1.44708482434094"
"2015-07-15","1.42673139925643"
"2015-07-16","3.40602771389536"
"2015-07-17","2.47898347927378"
"2015-07-18","3.037297604662"
"2015-07-19","2.86122319528035"
"2015-07-20","4.89436065428185"
"2015-07-21","6.54794388932067"
"2015-07-22","3.53501210764889"
"2015-07-23","4.66763922146388"
"2015-07-24","3.738259344906"
"2015-07-25","5.81772987151043"
"2015-07-26","2.48807922934557"
"2015-07-27","2.87620601148316"
"2015-07-28","2.15504896679482"
"2015-07-29","3.919224669923"
"2015-07-30","5.44838324718145"
"2015-07-31","5.05441078169521"
"2015-08-01","2.3622673824752"
"2015-08-02","5.38225021300378"
"2015-08-03","3.57818342235697"
"2015-08-04","2.73981031685164"
"2015-08-05","3.27176606642219"
"2015-08-06","3.26991346168828"
"2015-08-07","1.96028495763803"
"2015-08-08","2.35677868695486"
"2015-08-09","6.6586751891421"
"2015-08-10","5.86779442287627"
"2015-08-11","10.6231738065744"
"2015-08-12","2.2595821450025"
"2015-08-13","2.9241848320285"
"2015-08-14","2.47869882181093"
"2015-08-15","2.84627083111635"
"2015-08-16","4.30657195322441"
"2015-08-17","3.50432488102934"
"2015-08-18","2.14419118085981"
"2015-08-19","3.91723872805055"
"2015-08-20","12.1483082709374"
"2015-08-21","8.72199955543914"
"2015-08-22","4.13341752739696"
"2015-08-23","7.27717523450975"
"2015-08-24","8.29400744634273"
"2015-08-25","6.12518666058908"
"2015-08-26","2.14775667691128"
"2015-08-27","5.50440656261527"
"2015-08-28","4.67433489633329"
"2015-08-29","4.43435805545741"
"2015-08-30","3.8223071531816"
"2015-08-31","4.07305402363534"
"2015-09-01","8.16530561240721"
"2015-09-02","2.51745301330244"
"2015-09-03","1.07645962732437"
"2015-09-04","3.03282637978013"
"2015-09-05","2.46909238146497"
"2015-09-06","6.12766197904364"
"2015-09-07","2.09092092784968"
"2015-09-08","2.54780781436792"
"2015-09-09","3.63642059982597"
"2015-09-10","3.35237684833023"
"2015-09-11","11.3849614894751"
"2015-09-12","10.291714489718"
"2015-09-13","20.0010837806768"
"2015-09-14","30.885174565501"
"2015-09-15","2.87006300313648"
"2015-09-16","4.32393649439791"
"2015-09-17","4.00324250789948"
"2015-09-18","3.67739678616132"
"2015-09-19","5.23518948121504"
"2015-09-20","14.6318885464689"
"2015-09-21","7.39814592336679"
"2015-09-22","9.12267380152946"
"2015-09-23","8.76400311994346"
"2015-09-24","8.94549570868026"
"2015-09-25","11.972063188429"
"2015-09-26","10.6824091543883"
"2015-09-27","16.2391906816722"
"2015-09-28","11.6821500532555"
"2015-09-29","6.64580436908838"
"2015-09-30","9.84487176044679"
"2015-10-01","14.2965229104608"
"2015-10-02","22.7068127677554"
"2015-10-03","43.5469074827252"
"2015-10-04","35.5581871627213"
"2015-10-05","65.1917976197742"
"2015-10-06","62.6862225800882"
"2015-10-07","15.3684534882054"
"2015-10-08","13.4683512547315"
"2015-10-09","24.0440399161665"
"2015-10-10","14.9728267265089"
"2015-10-11","24.2677414056027"
"2015-10-12","10.7893709713246"
"2015-10-13","14.5538075496624"
"2015-10-14","21.2724002326206"
"2015-10-15","51.6064929879589"
"2015-10-16","12.8108221648575"
"2015-10-17","16.4626047167427"
"2015-10-18","18.4441816073992"
"2015-10-19","27.5340352285476"
"2015-10-20","32.470645078849"
"2015-10-21","8.73573858603771"
"2015-10-22","12.1131869879636"
"2015-10-23","15.5768032259755"
"2015-10-24","25.7928585324969"
"2015-10-25","53.6698358544024"
"2015-10-26","12.5654212179638"
"2015-10-27","21.1565366472517"
"2015-10-28","15.7780073628281"
"2015-10-29","32.0121325290564"
"2015-10-30","37.3089237460842"
"2015-10-31","28.719623854666"
"2015-11-01","19.0074018214172"
"2015-11-02","8.96451199003112"
"2015-11-03","16.6190459016082"
"2015-11-04","6.18244526499794"
"2015-11-05","1.34354390081389"
"2015-11-06","2.61062782590007"
"2015-11-07","10.7396507810205"
"2015-11-08","19.9470750594036"
"2015-11-09","28.7639231496043"
"2015-11-10","5.91196586198105"
"2015-11-11","13.1855510426806"
"2015-11-12","26.2075079798182"
"2015-11-13","17.2626546843227"
"2015-11-14","16.0490197846384"
"2015-11-15","22.7028290802266"
"2015-11-16","21.8762543294337"
"2015-11-17","54.2034697842288"
"2015-11-18","37.9998702424945"
"2015-11-19","31.1607749740799"
"2015-11-20","11.6879110098917"
"2015-11-21","16.8922892215448"
"2015-11-22","14.714298661137"
"2015-11-23","16.6470684096927"
"2015-11-24","18.7083978776808"
"2015-11-25","82.2332309210971"
"2015-11-26","18.5520015237651"
"2015-11-27","9.21252527794281"
"2015-11-28","18.0645321313437"
"2015-11-29","15.3529006185986"
"2015-11-30","59.4635660080683"
"2015-12-01","17.1758848000398"
"2015-12-02","17.5753083910261"
"2015-12-03","25.0546275919134"
"2015-12-04","42.8531515360911"
"2015-12-05","55.7212127256187"
"2015-12-06","52.3937107432972"
"2015-12-07","23.0821775089611"
"2015-12-08","33.9255541103743"
"2015-12-09","20.1990184453659"
"2015-12-10","21.3266860540811"
"2015-12-11","17.4160570334562"
"2015-12-12","15.1574780600412"
"2015-12-13","33.3993513842166"
"2015-12-14","55.0732693032269"
"2015-12-15","40.0372855776832"
"2015-12-16","52.0579902681953"
"2015-12-17","34.587132243367"
"2015-12-18","50.7625898798823"
"2015-12-19","89.379695578571"
"2015-12-20","23.6209130060105"
"2015-12-21","19.6492292850048"
"2015-12-22","37.2265605100822"
"2015-12-23","46.2662956601097"
"2015-12-24","31.6897649145746"
"2015-12-25","50.1938666306533"
"2015-12-26","11.0177542709169"
"2015-12-27","15.7839618864514"
"2015-12-28","28.4511649639576"
"2015-12-29","47.4062515110164"
"2015-12-30","39.8958833042161"
"2015-12-31","52.8884727676193"
"2016-01-01","47.5882144036231"
"2016-01-02","25.2643556636133"
"2016-01-03","17.9734185495418"
"2016-01-04","17.7243867890659"
"2016-01-05","24.5283524236638"
"2016-01-06","32.0341271074303"
"2016-01-07","30.737629209246"
"2016-01-08","29.1832394868264"
"2016-01-09","40.109445926947"
"2016-01-10","52.3235451339127"
"2016-01-11","39.4670878075934"
"2016-01-12","41.2004720514471"
"2016-01-13","77.4052331767557"
"2016-01-14","12.3450995461765"
"2016-01-15","26.6270330602472"
"2016-01-16","30.3072959437515"
"2016-01-17","26.0602720599154"
"2016-01-18","39.3298856314127"
"2016-01-19","53.7326596412824"
"2016-01-20","31.9281996607264"
"2016-01-21","23.8359247100302"
"2016-01-22","3.43257891022282"
"2016-01-23","6.02329663642041"
"2016-01-24","9.49102720140895"
"2016-01-25","18.6907827451632"
"2016-01-26","28.3779633096802"
"2016-01-27","10.8657280418264"
"2016-01-28","15.3888614487338"
"2016-01-29","11.1355031124957"
"2016-01-30","13.3042110261463"
"2016-01-31","1.75614417928122"
"2016-02-01","1.88207173437783"
"2016-02-02","4.47125937696143"
"2016-02-03","8.13601628526465"
"2016-02-04","14.846438973497"
"2016-02-05","17.6530606633141"
"2016-02-06","22.9716214060267"
"2016-02-07","35.2486222007058"
"2016-02-08","28.867127480445"
"2016-02-09","30.4092630328554"
"2016-02-10","32.8043619626528"
"2016-02-11","25.8393839386118"
"2016-02-12","27.3934836944976"
"2016-02-13","45.9574585126076"
"2016-02-14","21.8413749835192"
"2016-02-15","18.9142180892812"
"2016-02-16","19.5233889038945"
"2016-02-17","12.7918179995054"
"2016-02-18","13.3250391452343"
"2016-02-19","10.5530587243827"
"2016-02-20","19.9537238372869"
"2016-02-21","21.602857503024"
"2016-02-22","38.7953549257089"
"2016-02-23","45.6228957320705"
"2016-02-24","18.1974998965408"
"2016-02-25","18.2495358207009"
"2016-02-26","13.8259847546037"
"2016-02-27","19.1178038626006"
"2016-02-28","20.7627867331236"
"2016-02-29","20.7188694611256"
"2016-03-01","24.8198478005149"
"2016-03-02","51.0892821638099"
"2016-03-03","26.5493130539403"
"2016-03-04","34.5948974477264"
"2016-03-05","29.0881293449567"
"2016-03-06","44.7165347342883"
"2016-03-07","22.5775316329229"
"2016-03-08","44.7363789463456"
"2016-03-09","16.6278598958796"
"2016-03-10","1.61153170247099"
"2016-03-11","5.35192299302006"
"2016-03-12","8.45579014918505"
"2016-03-13","15.7193985191775"
"2016-03-14","14.9614523478917"
"2016-03-15","23.5306271433314"
"2016-03-16","16.7408213801198"
"2016-03-17","27.3002284409164"
"2016-03-18","3.63381208924504"
"2016-03-19","4.58373213820643"
"2016-03-20","9.63421964542174"
"2016-03-21","16.501069448727"
"2016-03-22","14.1425554762671"
"2016-03-23","23.5186770096486"
"2016-03-24","10.6621675780325"
"2016-03-25","12.1370808737619"
"2016-03-26","6.0620873129213"
"2016-03-27","13.0700447879312"
"2016-03-28","10.0924744750514"
"2016-03-29","13.0364457064377"
"2016-03-30","12.2066116333008"
"2016-03-31","6.82159909644684"
"2016-04-01","24.8025393795657"
"2016-04-02","13.1352636514804"
"2016-04-03","14.4105490399646"
"2016-04-04","15.3358316008663"
"2016-04-05","29.0810448163516"
"2016-04-06","4.76859309559777"
"2016-04-07","6.40822981239913"
"2016-04-08","6.01876734758352"
"2016-04-09","8.41501183736892"
"2016-04-10","8.95627305001923"
"2016-04-11","6.52067962250152"
"2016-04-12","7.07636929796888"
"2016-04-13","10.7322723545553"
"2016-04-14","14.6110945202055"
"2016-04-15","17.0609297690453"
"2016-04-16","11.087917472377"
"2016-04-17","11.9878165216157"
"2016-04-18","12.5891992395574"
"2016-04-19","19.4742098061037"
"2016-04-20","29.4732571473885"
"2016-04-21","8.04297087822126"
"2016-04-22","10.5343064105872"
"2016-04-23","9.31900406296635"
"2016-04-24","10.5189508607377"
"2016-04-25","19.0170722523809"
"2016-04-26","27.3496921258571"
"2016-04-27","31.8155587349103"
"2016-04-28","5.43337865515705"
"2016-04-29","2.99867377033481"
"2016-04-30","13.9732562143565"
"2016-05-01","1.86790806596929"
"2016-05-02","6.09814548466629"
"2016-05-03","4.74314087087458"
"2016-05-04","4.45506276196732"
"2016-05-05","14.9527016924573"
"2016-05-06","9.65633846258188"
"2016-05-07","14.771324141201"
"2016-05-08","2.89574520567279"
"2016-05-09","0.976468791757827"
"2016-05-10","1.48773711171501"
"2016-05-11","1.66499251127243"
"2016-05-12","2.00445411422036"
"2016-05-13","3.26089587356105"
"2016-05-14","10.3449530570538"
"2016-05-15","6.83180615396211"
"2016-05-16","6.4578105526053"
"2016-05-17","3.86523377843749"
"2016-05-18","6.78137712251572"
"2016-05-19","3.54604127422556"
"2016-05-20","3.27494709780722"
"2016-05-21","3.91472360324034"
"2016-05-22","16.8806741124108"
"2016-05-23","2.17956243074818"
"2016-05-24","2.40252663653134"
"2016-05-25","2.82130291877371"
"2016-05-26","0.726411517822381"
"2016-05-27","1.15868469369618"
"2016-05-28","1.25058572071713"
"2016-05-29","1.841532443896"
"2016-05-30","3.41290578336427"
"2016-05-31","2.95386669052628"
"2016-06-01","2.24366438208204"
"2016-06-02","3.36486585754337"
"2016-06-03","3.51365330389568"
"2016-06-04","1.58262612306194"
"2016-06-05","2.21018780929186"
"2016-06-06","2.70641280588134"
"2016-06-07","2.91921082996961"
"2016-06-08","3.06806494353654"
"2016-06-09","0.903135550389816"
"2016-06-10","1.80175433730408"
"2016-06-11","2.67186526625187"
"2016-06-12","3.0847738999309"
"2016-06-13","3.62242193965169"
"2016-06-14","3.0001962543566"
"2016-06-15","2.61598630772009"
"2016-06-16","3.3395672979809"
"2016-06-17","0.238944546791253"
"2016-06-18","1.09227244452739"
"2016-06-19","1.77954894820333"
"2016-06-20","2.6425196082045"
"2016-06-21","1.9575044837865"
"2016-06-22","3.05233773885867"
"2016-06-23","3.18589666756717"
"2016-06-24","0.840394838580063"
"2016-06-25","1.24732023819442"
"2016-06-26","1.66464563752666"
"2016-06-27","1.43095267244748"
"2016-06-28","1.65459849037133"
"2016-06-29","4.99184326846878"
"2016-06-30","3.06225047508876"
"2016-07-01","1.30773996352117"
"2016-07-02","1.89191539372717"
"2016-07-03","2.52050175282346"
"2016-07-04","1.87195084195632"
"2016-07-05","1.73773078130179"
"2016-07-06","2.91575119144473"
"2016-07-07","2.02784750059053"
"2016-07-08","1.56158673195612"
"2016-07-09","2.28543298198031"
"2016-07-10","2.33584457610077"
"2016-07-11","1.4857891013612"
"2016-07-12","2.51941411306848"
"2016-07-13","2.34628019943124"
"2016-07-14","2.11680658129387"
"2016-07-15","1.47725439445797"
"2016-07-16","2.42739032615315"
"2016-07-17","2.47279499155102"
"2016-07-18","3.21820457776388"
"2016-07-19","1.10847639585986"
"2016-07-20","1.87811780543554"
"2016-07-21","2.12504705051323"
"2016-07-22","2.11874505722678"
"2016-07-23","1.65977675174222"
"2016-07-24","2.30553361167123"
"2016-07-25","2.60234296889532"
"2016-07-26","1.38654288907588"
"2016-07-27","1.4875475920382"
"2016-07-28","1.65757540410215"
"2016-07-29","1.06748668830116"
"2016-07-30","3.82428081159468"
"2016-07-31","2.39778081369606"
"2016-08-01","0.478842596858095"
"2016-08-02","1.31694845919743"
"2016-08-03","1.74110561557662"
"2016-08-04","2.61413262674819"
"2016-08-05","1.92587647009722"
"2016-08-06","1.67827975182306"
"2016-08-07","3.47352614186027"
"2016-08-08","4.43067166660771"
"2016-08-09","3.44879600341186"
"2016-08-10","2.99042891398137"
"2016-08-11","1.45299119350714"
"2016-08-12","2.60720328102896"
"2016-08-13","2.41956428738384"
"2016-08-14","1.87560448502049"
"2016-08-15","4.30232886473338"
"2016-08-16","6.24713454308448"
"2016-08-17","3.15594801035794"
"2016-08-18","16.0231252191387"
"2016-08-19","0.904775507425591"
"2016-08-20","1.26345716062046"
"2016-08-21","1.03816327323645"
"2016-08-22","1.67352535327276"
"2016-08-23","2.13150131779832"
"2016-08-24","3.35019291866393"
"2016-08-25","3.04943608566796"
"2016-08-26","2.52808776613954"
"2016-08-27","3.95399668103173"
"2016-08-28","5.11767924502815"
"2016-08-29","8.66583401403386"
"2016-08-30","1.76193526245299"
"2016-08-31","2.27636259278178"
"2016-09-01","1.58462798853457"
"2016-09-02","2.30227941048868"
"2016-09-03","3.0072231197254"
"2016-09-04","1.90660570478026"
"2016-09-05","2.0522621206907"
"2016-09-06","2.59678169194754"
"2016-09-07","4.90627947462586"
"2016-09-08","7.97816469968655"
"2016-09-09","0.216824611898883"
"2016-09-10","0.445381603844754"
"2016-09-11","0.859095021953314"
"2016-09-12","1.15512034993667"
"2016-09-13","0.126155430072056"
"2016-09-14","0.0513639811152246"
"2016-09-15","0.17877760640793"
"2016-09-16","0.501819526929876"
"2016-09-17","1.34798652836771"
"2016-09-18","1.02498112006105"
"2016-09-19","1.31167820831398"
"2016-09-20","2.82861453010922"
"2016-09-21","2.21409589284426"
"2016-09-22","1.88519808662918"
"2016-09-23","2.04658362591938"
"2016-09-24","3.26497593225339"
"2016-09-25","1.97084903446111"
"2016-09-26","2.90327838979242"
"2016-09-27","2.04040611254704"
"2016-09-28","5.02354506238714"
"2016-09-29","0.374619181505787"
"2016-09-30","0.556191186464968"
"2016-10-01","1.40672241260995"
"2016-10-02","2.37503375429096"
"2016-10-03","0.898580625137209"
"2016-10-04","1.20925935361034"
"2016-10-05","1.04071991880993"
"2016-10-06","4.78936043755833"
"2016-10-07","3.41652041905886"
"2016-10-08","3.19180966507305"
"2016-10-09","8.27645844917793"
"2016-10-10","4.84400694504445"
"2016-10-11","3.67494992673139"
"2016-10-12","2.67106468156303"
"2016-10-13","3.49441038478505"
"2016-10-14","6.41187997813865"
"2016-10-15","22.1769908640808"
"2016-10-16","4.16454205368504"
"2016-10-17","1.64749590923518"
"2016-10-18","2.0639880271185"
"2016-10-19","2.30774852349645"
"2016-10-20","11.1643867069509"
"2016-10-21","2.19238200641814"
"2016-10-22","2.75999370959156"
"2016-10-23","3.57814969490101"
"2016-10-24","3.26237067231884"
"2016-10-25","17.7688885953003"
"2016-10-26","3.73034926719996"
"2016-10-27","5.54550196907737"
"2016-10-28","7.89314997557438"
"2016-10-29","11.2426904042562"
"2016-10-30","14.7261920739046"
"2016-10-31","3.91982097956009"
"2016-11-01","3.97840450129984"
"2016-11-02","3.9480517080852"
"2016-11-03","6.26497378597012"
"2016-11-04","28.999345250976"
"2016-11-05","8.97447125323407"
"2016-11-06","5.7488395744588"
"2016-11-07","7.99261112027354"
"2016-11-08","6.19539772277271"
"2016-11-09","7.31735044846803"
"2016-11-10","7.13508305301914"
"2016-11-11","17.980031455234"
"2016-11-12","4.92491271640315"
"2016-11-13","1.99700575844421"
"2016-11-14","2.10569932276294"
"2016-11-15","3.27337511161189"
"2016-11-16","6.25766276255314"
"2016-11-17","26.5632653669877"
"2016-11-18","5.87706076634395"
"2016-11-19","11.8767839541167"
"2016-11-20","21.9911628326812"
"2016-11-21","33.815634628395"
"2016-11-22","3.9227785589375"
"2016-11-23","9.59873730382878"
"2016-11-24","11.2397015827559"
"2016-11-25","8.39625176619658"
"2016-11-26","8.94540244985969"
"2016-11-27","10.88419008255"
"2016-11-28","18.693226768857"
"2016-11-29","26.2786601797327"
"2016-11-30","12.3398916886482"
"2016-12-01","14.6527393741525"
"2016-12-02","14.5857476837191"
"2016-12-03","22.5966928655451"
"2016-12-04","21.6064055554278"
"2016-12-05","13.0984590703791"
"2016-12-06","16.1902724014216"
"2016-12-07","23.2675023099561"
"2016-12-08","7.95228704900453"
"2016-12-09","6.08922985080001"
"2016-12-10","8.36159828885809"
"2016-12-11","16.4826114208667"
"2016-12-12","35.9505737106521"
"2016-12-13","53.6696618398031"
"2016-12-14","13.8276225292321"
"2016-12-15","20.5112369917172"
"2016-12-16","16.7065226773679"
"2016-12-17","20.8036973589943"
"2016-12-18","16.9659326933163"
"2016-12-19","50.0535819313743"
"2016-12-20","14.5191160920378"
"2016-12-21","12.2931077408068"
"2016-12-22","24.7513426248129"
"2016-12-23","31.1707487890731"
"2016-12-24","28.8291434581146"
"2016-12-25","37.8293287021257"
"2016-12-26","5.96318370284456"
"2016-12-27","8.76965305093047"
"2016-12-28","14.8389666080475"
"2016-12-29","4.7851351845316"
"2016-12-30","12.7330209883777"
"2016-12-31","12.4683701032168"
"2017-01-01","8.37818678839382"
"2017-01-02","14.9660646265203"
"2017-01-03","28.2474811190651"
"2017-01-04","30.3777635417459"
"2017-01-05","27.4010120779921"
"2017-01-06","33.1013978982901"
"2017-01-07","59.2323015881823"
"2017-01-08","33.8788301253216"
"2017-01-09","7.75773020533772"
"2017-01-10","17.3706622639776"
"2017-01-11","20.4738931243038"
"2017-01-12","32.166069204157"
"2017-01-13","7.84545849928092"
"2017-01-14","8.59168794609251"
"2017-01-15","18.3183252202484"
"2017-01-16","26.0668530608668"
"2017-01-17","75.2146188314859"
"2017-01-18","23.8777772069493"
"2017-01-19","27.4443460563561"
"2017-01-20","1.86202747326393"
"2017-01-21","8.54351906033305"
"2017-01-22","21.3525749223057"
"2017-01-23","26.737070566648"
"2017-01-24","21.3317743214694"
"2017-01-25","27.8772996390537"
"2017-01-26","18.4439568891154"
"2017-01-27","30.6419729794259"
"2017-01-28","33.4384909130278"
"2017-01-29","37.9480378947733"
"2017-01-30","13.9484026751993"
"2017-01-31","23.7374524203214"
"2017-02-01","8.89675705876701"
"2017-02-02","18.3350249079915"
"2017-02-03","18.7157044224925"
"2017-02-04","41.2237484754422"
"2017-02-05","9.17656804576065"
"2017-02-06","0.778712529769708"
"2017-02-07","10.2991578176424"
"2017-02-08","18.2865480530314"
"2017-02-09","39.980308829964"
"2017-02-10","27.7901142004764"
"2017-02-11","20.8415123828046"
"2017-02-12","19.4320794638101"
"2017-02-13","9.95396942700143"
"2017-02-14","14.1906389137367"
"2017-02-15","37.2327476022563"
"2017-02-16","15.745324613728"
"2017-02-17","16.9453043504195"
"2017-02-18","14.5719558356644"
"2017-02-19","8.54954530976035"
"2017-02-20","14.2206893710347"
"2017-02-21","21.865142000702"
"2017-02-22","67.8985579519561"
"2017-02-23","13.6816788813769"
"2017-02-24","18.6816206267386"
"2017-02-25","26.6406574084129"
"2017-02-26","24.562459867238"
"2017-02-27","23.9258700738222"
"2017-02-28","29.1242011346858"
"2017-03-01","34.3591335511311"
"2017-03-02","57.0019553708824"
"2017-03-03","34.0491731156518"
"2017-03-04","33.9822568109025"
"2017-03-05","29.0831319181434"
"2017-03-06","29.7765928573939"
"2017-03-07","28.2568339888668"
"2017-03-08","26.0248403425341"
"2017-03-09","31.1099214595118"
"2017-03-10","32.7288668496268"
"2017-03-11","26.1324292013656"
"2017-03-12","15.5353808877788"
"2017-03-13","23.4938270601875"
"2017-03-14","24.502785752862"
"2017-03-15","25.7361369112353"
"2017-03-16","25.2600833265296"
"2017-03-17","24.5203991844541"
"2017-03-18","22.6476708862173"
"2017-03-19","23.5874663472692"
"2017-03-20","10.769436929133"
"2017-03-21","1.35582514333003"
"2017-03-22","6.21485361392364"
"2017-03-23","10.9225941633249"
"2017-03-24","9.01438406948403"
"2017-03-25","15.6731125513713"
"2017-03-26","9.5058703463831"
"2017-03-27","22.6928441349046"
"2017-03-28","10.2967547916231"
"2017-03-29","15.4251158928974"
"2017-03-30","11.0598163068036"
"2017-03-31","8.75417114439465"
"2017-04-01","11.0595955208783"
"2017-04-02","13.8924985613142"
"2017-04-03","14.1004867574353"
"2017-04-04","16.751561317609"
"2017-04-05","15.9642125084287"
"2017-04-06","14.8436229548929"
"2017-04-07","30.3725040650471"
"2017-04-08","21.798185790256"
"2017-04-09","6.63372300816821"
"2017-04-10","7.31489877035091"
"2017-04-11","7.99467392607685"
"2017-04-12","8.17141150086473"
"2017-04-13","13.7040461069578"
"2017-04-14","8.64312174929169"
"2017-04-15","7.17113893475883"
"2017-04-16","9.67000955523867"
"2017-04-17","10.704409857333"
"2017-04-18","15.3302803204689"
"2017-04-19","25.8261924677597"
"2017-04-20","4.95055818712556"
"2017-04-21","0.588129490243021"
"2017-04-22","2.2553778680372"
"2017-04-23","4.36680736144384"
"2017-04-24","3.96693747848659"
"2017-04-25","1.34466818233073"
"2017-04-26","3.05718457347258"
"2017-04-27","2.29329989424774"
"2017-04-28","2.49089339388397"
"2017-04-29","2.24472722320846"
"2017-04-30","3.20838068135373"
"2017-05-01","4.4728418343511"
"2017-05-02","5.36678140349202"
"2017-05-03","6.57816962607495"
"2017-05-04","6.20532253036251"
"2017-05-05","6.98885482007807"
"2017-05-06","7.44508070966382"
"2017-05-07","5.15246720128245"
"2017-05-08","4.70476746920383"
"2017-05-09","4.107659817258"
"2017-05-10","5.88658993120317"
"2017-05-11","5.92096453930909"
"2017-05-12","5.83977884750862"
"2017-05-13","5.67354772307656"
"2017-05-14","5.32852447548986"
"2017-05-15","4.94137752004516"
"2017-05-16","7.27830791163754"
"2017-05-17","4.6401581377178"
"2017-05-18","5.74747465544449"
"2017-05-19","0.206595735576052"
"2017-05-20","0.584069716046641"
"2017-05-21","2.06129426370451"
"2017-05-22","6.30322861000573"
"2017-05-23","3.04429309270083"
"2017-05-24","3.71882537665305"
"2017-05-25","2.93173121683525"
"2017-05-26","1.98431207652474"
"2017-05-27","6.3258079120091"
"2017-05-28","1.7619698721093"
"2017-05-29","2.73233208640829"
"2017-05-30","3.54698119960822"
"2017-05-31","3.28307521614161"
"2017-06-01","2.80316734055936"
"2017-06-02","3.36592919924558"
"2017-06-03","3.30805572106209"
"2017-06-04","3.36186038312458"
"2017-06-05","2.63774009803673"
"2017-06-06","4.50969279225254"
"2017-06-07","3.74155317550098"
"2017-06-08","2.43946148822834"
"2017-06-09","3.16678265472511"
"2017-06-10","2.71120071398231"
"2017-06-11","3.466851494271"
"2017-06-12","1.80842157721003"
"2017-06-13","2.71362948727298"
"2017-06-14","2.10104974743092"
"2017-06-15","2.91163207751848"
"2017-06-16","2.24395877432514"
"2017-06-17","3.18662063203333"
"2017-06-18","2.87687886354727"
"2017-06-19","2.2951569763613"
"2017-06-20","3.85291415220731"
"2017-06-21","2.15381770087527"
"2017-06-22","2.59169730040934"
"2017-06-23","4.90008124231776"
"2017-06-24","2.80516117759597"
"2017-06-25","3.17805378029357"
"2017-06-26","2.1917005759297"
"2017-06-27","3.06292944475686"
"2017-06-28","2.82128371562793"
"2017-06-29","3.25938036560496"
"2017-06-30","3.43303251679326"
"2017-07-01","4.92060944425079"
"2017-07-02","8.97113489691829"
"2017-07-03","3.89367799531846"
"2017-07-04","1.06512661020219"
"2017-07-05","2.0968486151912"
"2017-07-06","2.13798086287139"
"2017-07-07","1.99675042830504"
"2017-07-08","3.73374668189458"
"2017-07-09","2.94402558850004"
"2017-07-10","3.11892491243618"
"2017-07-11","2.7502375932741"
"2017-07-12","3.83200476283119"
"2017-07-13","4.88149367576038"
"2017-07-14","4.75345931527935"
"2017-07-15","2.6956548063786"
"2017-07-16","5.32227228369032"
"2017-07-17","3.93392784732245"
"2017-07-18","0.977034747342527"
"2017-07-19","1.70382263908139"
"2017-07-20","2.75836659626011"
"2017-07-21","3.37038644258078"
"2017-07-22","7.69799379765729"
"2017-07-23","3.45958755800734"
"2017-07-24","2.75443405170977"
"2017-07-25","6.62475873587968"
"2017-07-26","3.64248665109341"
"2017-07-27","6.32972993995204"
"2017-07-28","1.7004183481782"
"2017-07-29","15.9194203991911"
"2017-07-30","4.09721209889367"
"2017-07-31","3.35128216774433"
"2017-08-01","4.02231197955804"
"2017-08-02","4.07267423986873"
"2017-08-03","1.04504804100309"
"2017-08-04","2.68190707479204"
"2017-08-05","2.2289015604304"
"2017-08-06","1.86463914540681"
"2017-08-07","0.994840997089813"
"2017-08-08","1.33495063841085"
"2017-08-09","3.58025743912309"
"2017-08-10","8.90790032566368"
"2017-08-11","3.4307763517161"
"2017-08-12","2.52431082532003"
"2017-08-13","9.2888220703447"
"2017-08-14","3.90923459963365"
"2017-08-15","2.00430681437125"
"2017-08-16","2.13809651807273"
"2017-08-17","1.68715840829657"
"2017-08-18","1.44317097265225"
"2017-08-19","1.72258012867593"
"2017-08-20","2.55225270251175"
"2017-08-21","2.04376638451696"
"2017-08-22","2.38155931840727"
"2017-08-23","2.71936960099063"
"2017-08-24","2.81802762044973"
"2017-08-25","1.65051387785833"
"2017-08-26","2.42906932939183"
"2017-08-27","3.04130293512757"
"2017-08-28","2.07552178326623"
"2017-08-29","2.07686034477118"
"2017-08-30","3.33551288579966"
"2017-08-31","4.07752307875332"
"2017-09-01","6.80540351950245"
"2017-09-02","5.16288488974303"
"2017-09-03","6.52597747736679"
"2017-09-04","4.44408133006715"
"2017-09-05","2.70188223670571"
"2017-09-06","2.36430343043753"
"2017-09-07","3.27287386338432"
"2017-09-08","4.65505285748156"
"2017-09-09","2.39654981303009"
"2017-09-10","3.28045149076553"
"2017-09-11","11.0173670234102"
"2017-09-12","3.59126717523063"
"2017-09-13","4.51698742181192"
"2017-09-14","3.24659880769975"
"2017-09-15","3.33064851113212"
"2017-09-16","4.77271807038939"
"2017-09-17","7.72770009412394"
"2017-09-18","8.28062162616036"
"2017-09-19","2.74161269202893"
"2017-09-20","5.15897518989844"
"2017-09-21","11.5964620846174"
"2017-09-22","10.684612149284"
"2017-09-23","26.5168416737478"
"2017-09-24","11.3040111715143"
"2017-09-25","5.19449074095462"
"2017-09-26","6.68952186489518"
"2017-09-27","12.956611482612"
"2017-09-28","5.50413764813246"
"2017-09-29","7.3543153149741"
"2017-09-30","8.46138544412918"
"2017-10-01","4.18937791683973"
"2017-10-02","4.74718930659356"
"2017-10-03","9.85655954596284"
"2017-10-04","14.0471166862554"
"2017-10-05","8.67828196054929"
"2017-10-06","6.08081949840892"
"2017-10-07","12.9725768803518"
"2017-10-08","10.5138581263555"
"2017-10-09","8.72267918566089"
"2017-10-10","8.61135203704174"
"2017-10-11","7.32471383701671"
"2017-10-12","1.49027673351816"
"2017-10-13","2.0789840346549"
"2017-10-14","4.91484889968649"
"2017-10-15","10.0557460805554"
"2017-10-16","11.2297156569246"
"2017-10-17","18.9721788018297"
"2017-10-18","26.7879720291534"
"2017-10-19","5.95773896033114"
"2017-10-20","8.28702705556696"
"2017-10-21","4.82574681724821"
"2017-10-22","4.32598530110859"
"2017-10-23","6.58864102889965"
"2017-10-24","12.3214421055534"
"2017-10-25","5.9956585047565"
"2017-10-26","8.06717883818077"
"2017-10-27","23.7115674865194"
"2017-10-28","11.2040440324065"
"2017-10-29","34.2222408773579"
"2017-10-30","4.62532856763699"
"2017-10-31","5.24031132949895"
"2017-11-01","8.10273069323915"
"2017-11-02","4.29248857007914"
"2017-11-03","9.53821521197563"
"2017-11-04","10.0200998731506"
"2017-11-05","16.5170238647626"
"2017-11-06","13.6209199521449"
"2017-11-07","12.0592729952428"
"2017-11-08","13.9222775785438"
"2017-11-09","23.6441714835889"
"2017-11-10","26.2198748526635"
"2017-11-11","30.8191333250566"
"2017-11-12","27.8112543031767"
"2017-11-13","36.5695786083932"
"2017-11-14","39.2210217595616"
"2017-11-15","11.0527173998036"
"2017-11-16","0.498754294839127"
"2017-11-17","1.94420880904961"
"2017-11-18","11.1010586668403"
"2017-11-19","11.0280066135126"
"2017-11-20","16.4001504683391"
"2017-11-21","20.7198485254725"
"2017-11-22","26.6538481774268"
"2017-11-23","31.2978758006901"
"2017-11-24","18.8425923240133"
"2017-11-25","15.8903060496111"
"2017-11-26","14.5059500891409"
"2017-11-27","8.47943254776331"
"2017-11-28","22.8549165395431"
"2017-11-29","27.1208903614061"
"2017-11-30","17.7490168010002"
"2017-12-01","0.6924983081428"
"2017-12-02","2.53252178301543"
"2017-12-03","5.415851659589"
"2017-12-04","9.11469867941621"
"2017-12-05","16.5037811906823"
"2017-12-06","13.5929304748387"
"2017-12-07","10.0681341953608"
"2017-12-08","11.5411886270944"
"2017-12-09","9.80535996734322"
"2017-12-10","21.9557435233872"
"2017-12-11","23.32936907021"
"2017-12-12","34.5897377971963"
"2017-12-13","47.3896398255319"
"2017-12-14","17.9238904771351"
"2017-12-15","21.1497916019324"
"2017-12-16","20.3391510315272"
"2017-12-17","23.5590205295777"
"2017-12-18","29.4848184048871"
"2017-12-19","26.4449073824532"
"2017-12-20","14.7704714779214"
"2017-12-21","20.9734693708874"
"2017-12-22","26.7075312891048"
"2017-12-23","30.6425934870006"
"2017-12-24","26.0548410663357"
"2017-12-25","26.752661820614"
"2017-12-26","23.5903486070179"
"2017-12-27","31.2585876844662"
"2017-12-28","23.4038840207187"
"2017-12-29","8.94856130405938"
"2017-12-30","16.9115419449744"
"2017-12-31","21.0673334774001"
"2018-01-01","22.52061331943"
"2018-01-02","19.6560788381667"
"2018-01-03","22.1367803631407"
"2018-01-04","29.1577215813971"
"2018-01-05","30.8986214807023"
"2018-01-06","83.5817426210874"
"2018-01-07","29.1722600284593"
"2018-01-08","26.7050173829644"
"2018-01-09","24.0010201590402"
"2018-01-10","31.2714481601467"
"2018-01-11","31.6966438458595"
"2018-01-12","8.23795838273449"
"2018-01-13","7.45809251921518"
"2018-01-14","22.6349906219548"
"2018-01-15","22.6137949006382"
"2018-01-16","38.656508053536"
"2018-01-17","39.163973713334"
"2018-01-18","58.445884688076"
"2018-01-19","77.6228085307332"
"2018-01-20","40.4902106693813"
"2018-01-21","36.6517206167246"
"2018-01-22","40.2163960262811"
"2018-01-23","33.9902720348143"
"2018-01-24","43.720016710686"
"2018-01-25","41.0415780038545"
"2018-01-26","26.4997029944416"
"2018-01-27","28.3776041026755"
"2018-01-28","30.5004362420086"
"2018-01-29","41.6056046093697"
"2018-01-30","17.5524569754993"
"2018-01-31","20.1583543587557"
"2018-02-01","21.087766845505"
"2018-02-02","24.3712942693141"
"2018-02-03","32.1589819425112"
"2018-02-04","35.0498605868517"
"2018-02-05","45.6251694154946"
"2018-02-06","50.1570931471787"
"2018-02-07","49.7342298763655"
"2018-02-08","43.9398154056433"
"2018-02-09","26.6212158781109"
"2018-02-10","31.8450242740251"
"2018-02-11","16.7132160839064"
"2018-02-12","13.7653356155792"
"2018-02-13","18.8908320505382"
"2018-02-14","26.1283696079667"
"2018-02-15","19.9789735166541"
"2018-02-16","20.7984186808268"
"2018-02-17","23.3756829381505"
"2018-02-18","25.3081985861708"
"2018-02-19","22.0303084014298"
"2018-02-20","26.3237675505799"
"2018-02-21","14.6443653395682"
"2018-02-22","6.99433050940047"
"2018-02-23","30.8827025157549"
"2018-02-24","14.4897480681861"
"2018-02-25","23.9952320164932"
"2018-02-26","20.0048413586307"
"2018-02-27","31.1165463088395"
"2018-02-28","31.9434697989262"
"2018-03-01","15.0097135320886"
"2018-03-02","18.9170607323254"
"2018-03-03","35.7449591005003"
"2018-03-04","22.2780011494954"
"2018-03-05","16.8766981100107"
"2018-03-06","26.737560354786"
"2018-03-07","26.013923389055"
"2018-03-08","33.9805789716316"
"2018-03-09","33.4220243759486"
"2018-03-10","29.4261672940605"
"2018-03-11","30.473701918796"
"2018-03-12","19.4233789815531"
"2018-03-13","19.1757548650106"
"2018-03-14","22.2632836676263"
"2018-03-15","13.6227116048078"
"2018-03-16","18.5176355188543"
"2018-03-17","56.1105634846213"
"2018-03-18","26.3432434544419"
"2018-03-19","13.801778793335"
"2018-03-20","19.172280414796"
"2018-03-21","28.2129732932879"
"2018-03-22","17.1146510854944"
"2018-03-23","17.2715068668514"
"2018-03-24","5.79860961592043"
"2018-03-25","12.460844237051"
"2018-03-26","5.85239487680006"
"2018-03-27","12.1312882146794"
"2018-03-28","20.110933958194"
"2018-03-29","13.287621095583"
"2018-03-30","13.1422848020281"
"2018-03-31","10.1992718419987"
"2018-04-01","18.0935600536726"
"2018-04-02","14.2207728402439"
"2018-04-03","13.1604414006848"
"2018-04-04","27.0597421803"
"2018-04-05","15.4994735944839"
"2018-04-06","11.9861627161761"
"2018-04-07","13.7141001771539"
"2018-04-08","28.9822083014946"
"2018-04-09","18.8217780744875"
"2018-04-10","26.8482871860653"
"2018-04-11","37.9231493648513"
"2018-04-12","17.5032362587008"
"2018-04-13","28.0923706649186"
"2018-04-14","8.69800035778062"
"2018-04-15","3.99303158956431"
"2018-04-16","5.13228186771467"
"2018-04-17","7.5763838889795"
"2018-04-18","9.95798738075025"
"2018-04-19","13.4577617603979"
"2018-04-20","20.3994688636813"
"2018-04-21","15.498718129608"
"2018-04-22","15.240595002195"
"2018-04-23","27.3495646802894"
"2018-04-24","9.29885665162817"
"2018-04-25","11.9590393206774"
"2018-04-26","8.85003903830722"
"2018-04-27","7.63904525707294"
"2018-04-28","13.5590928251093"
"2018-04-29","7.94889805843304"
"2018-04-30","15.6062401734389"
"2018-05-01","14.9676869132302"
"2018-05-02","21.3706239436096"
"2018-05-03","13.6806124330083"
"2018-05-04","2.97688188129689"
"2018-05-05","4.91567294628589"
"2018-05-06","3.68604658176373"
"2018-05-07","14.2330458319032"
"2018-05-08","5.20258306321644"
"2018-05-09","6.6950984398524"
"2018-05-10","2.82620860410459"
"2018-05-11","3.24800662357699"
"2018-05-12","4.03615202261256"
"2018-05-13","3.97271706686391"
"2018-05-14","4.30427358676861"
"2018-05-15","4.58774415755169"
"2018-05-16","5.23811934469066"
"2018-05-17","3.19668467968573"
"2018-05-18","3.59180330172246"
"2018-05-19","4.38327940821132"
"2018-05-20","3.47310189509289"
"2018-05-21","3.66249313447383"
"2018-05-22","3.14433770313923"
"2018-05-23","3.31356349342313"
"2018-05-24","5.4251954111702"
"2018-05-25","4.92895675944043"
"2018-05-26","7.52864404674216"
"2018-05-27","8.71253224575158"
"2018-05-28","6.48575897082622"
"2018-05-29","1.89815926500213"
"2018-05-30","2.90453672538072"
"2018-05-31","2.83672341743073"
"2018-06-01","6.78676088857444"
"2018-06-02","6.12396627948398"
"2018-06-03","5.58610689433622"
"2018-06-04","4.51307012766471"
"2018-06-05","4.83105959469106"
"2018-06-06","5.90230054308326"
"2018-06-07","7.94708838400903"
"2018-06-08","1.28443052939006"
"2018-06-09","1.76403234479747"
"2018-06-10","3.01188654817028"
"2018-06-11","4.45744943463957"
"2018-06-12","0.731773572566705"
"2018-06-13","1.19334356580333"
"2018-06-14","4.57308533878037"
"2018-06-15","2.2623639766014"
"2018-06-16","3.24416298725646"
"2018-06-17","3.04293299385738"
"2018-06-18","3.00520699713137"
"2018-06-19","3.28242023450472"
"2018-06-20","2.52614211365258"
"2018-06-21","2.97238806973804"
"2018-06-22","3.07735796305008"
"2018-06-23","2.50335989628003"
"2018-06-24","3.31254272079055"
"2018-06-25","3.11323675061717"
"2018-06-26","2.60974486591496"
"2018-06-27","2.78050937642267"
"2018-06-28","2.85826018207517"
"2018-06-29","7.57484552354524"
"2018-06-30","3.03876295014893"
"2018-07-01","3.25952902139523"
"2018-07-02","5.22470300641411"
"2018-07-03","6.32516125631539"
"2018-07-04","13.3229979581131"
"2018-07-05","12.9784686947282"
"2018-07-06","8.91389113742036"
"2018-07-07","6.11579505447701"
"2018-07-08","3.87693952146547"
"2018-07-09","3.68132279445599"
"2018-07-10","2.33257496240851"
"2018-07-11","1.76364899920179"
"2018-07-12","1.75135602218248"
"2018-07-13","3.01948454679349"
"2018-07-14","4.26543546032596"
"2018-07-15","8.69351520115163"
"2018-07-16","5.99499122353343"
"2018-07-17","12.2883424098357"
"2018-07-18","7.74160374346234"
"2018-07-19","3.85304953241761"
"2018-07-20","3.89585955886098"
"2018-07-21","4.13292741001426"
"2018-07-22","7.45646285855925"
"2018-07-23","13.8244590119366"
"2018-07-24","1.93038255472978"
"2018-07-25","2.44127221095872"
"2018-07-26","1.90335213402649"
"2018-07-27","4.4112711824896"
"2018-07-28","3.62107723564297"
"2018-07-29","5.1272711294554"
"2018-07-30","5.86678472922478"
"2018-07-31","6.02476996260804"
"2018-08-01","3.11407917983088"
"2018-08-02","11.0639844224567"
"2018-08-03","2.90102660526961"
"2018-08-04","2.33049761720034"
"2018-08-05","12.1549155485062"
"2018-08-06","3.07949498953757"
"2018-08-07","3.58495403445644"
"2018-08-08","0.609732732450936"
"2018-08-09","2.17449289624825"
"2018-08-10","9.55233363362102"
"2018-08-11","2.92178199701495"
"2018-08-12","3.82730819833227"
"2018-08-13","3.3127091606329"
"2018-08-14","10.2674264685932"
"2018-08-15","8.61242996304582"
"2018-08-16","5.18877208439303"
"2018-08-17","6.39442131323216"
"2018-08-18","5.02722077452259"
"2018-08-19","5.12845405936241"
"2018-08-20","3.17849657894213"
"2018-08-21","2.98461494972179"
"2018-08-22","3.29047535921072"
"2018-08-23","6.0423340157513"
"2018-08-24","6.25896163884696"
"2018-08-25","5.81073053007002"
"2018-08-26","5.03167985657077"
"2018-08-27","5.57626308971669"
"2018-08-28","5.11254194649783"
"2018-08-29","6.23752331578886"
"2018-08-30","15.4884112428277"
"2018-08-31","2.53232094851923"
"2018-09-01","3.33356151333103"
"2018-09-02","3.33718893822137"
"2018-09-03","5.72341057954929"
"2018-09-04","6.05719835211188"
"2018-09-05","10.9174986989983"
"2018-09-06","9.03384878831508"
"2018-09-07","6.09058173497518"
"2018-09-08","9.83636288312606"
"2018-09-09","5.14484845172791"
"2018-09-10","3.36504893617713"
"2018-09-11","38.6145403312914"
"2018-09-12","8.4439539991932"
"2018-09-13","7.43131026612732"
"2018-09-14","29.1304741153469"
"2018-09-15","7.62067976194027"
"2018-09-16","6.29187619634521"
"2018-09-17","14.2873977314342"
"2018-09-18","11.4296396274071"
"2018-09-19","6.70627639871655"
"2018-09-20","6.89241217483174"
"2018-09-21","7.44534154784628"
"2018-09-22","9.80190924235753"
"2018-09-23","8.89957138676664"
"2018-09-24","9.13721097289742"
"2018-09-25","8.44837638310024"
"2018-09-26","12.7620608321516"
"2018-09-27","16.461952696631"
"2018-09-28","7.85240799007994"
"2018-09-29","7.59080473891584"
"2018-09-30","8.02812921949279"
"2018-10-01","17.0026335427255"
"2018-10-02","28.815811636128"
"2018-10-03","7.88874158972786"
"2018-10-04","11.9390077126491"
"2018-10-05","11.3654881194556"
"2018-10-06","11.0668299063976"
"2018-10-07","11.6682098004725"
"2018-10-08","19.2957517140872"
"2018-10-09","2.19026535362392"
"2018-10-10","3.13011968342257"
"2018-10-11","6.45345483817063"
"2018-10-12","10.56531431355"
"2018-10-13","11.7259568012122"
"2018-10-14","18.420472229714"
"2018-10-15","11.3207397853141"
"2018-10-16","7.46822117469011"
"2018-10-17","3.99456312800899"
"2018-10-18","3.61895587875859"
"2018-10-19","44.0359101873456"
"2018-10-20","9.00494761229593"
"2018-10-21","8.14312380371672"
"2018-10-22","37.8490968349176"
"2018-10-23","11.9011927507656"
"2018-10-24","10.0113535133791"
"2018-10-25","24.3739933430891"
"2018-10-26","12.717372032471"
"2018-10-27","13.9644241570394"
"2018-10-28","19.8888172917552"
"2018-10-29","15.8699257941473"
"2018-10-30","25.6964974176316"
"2018-10-31","19.7494549255867"
"2018-11-01","60.8027758164839"
"2018-11-02","24.8724385505115"
"2018-11-03","12.5942887258736"
"2018-11-04","12.3065543226349"
"2018-11-05","9.69248737194837"
"2018-11-06","6.70230701939884"
"2018-11-07","12.6387130811617"
"2018-11-08","9.59383414885698"
"2018-11-09","15.8624920318653"
"2018-11-10","11.2391395455315"
"2018-11-11","21.8635997792859"
"2018-11-12","32.8942465678954"
"2018-11-13","37.4009069550089"
"2018-11-14","12.9858239295679"
"2018-11-15","18.4750211517532"
"2018-11-16","23.8970591763913"
"2018-11-17","24.8425586130712"
"2018-11-18","27.8801117232352"
"2018-11-19","39.185575947617"
"2018-11-20","11.5753276296508"
"2018-11-21","13.1360758537854"
"2018-11-22","4.90380222521303"
"2018-11-23","6.47279352594764"
"2018-11-24","9.25800436967379"
"2018-11-25","12.5167644142588"
"2018-11-26","13.0796519956547"
"2018-11-27","16.9831062126985"
"2018-11-28","16.8268353061759"
"2018-11-29","18.262433931425"
"2018-11-30","17.4098410730238"
"2018-12-01","78.0355353582473"
"2018-12-02","15.7712387749643"
"2018-12-03","16.8518338987838"
"2018-12-04","15.3364488593428"
"2018-12-05","33.5804782182107"
"2018-12-06","42.3950738617868"
"2018-12-07","60.6639862225685"
"2018-12-08","29.0848654255723"
"2018-12-09","6.84282076720035"
"2018-12-10","12.5666305905297"
"2018-12-11","31.8665477249013"
"2018-12-12","23.6008376290788"
"2018-12-13","0.861459031701088"
"2018-12-14","0.441680609663844"
"2018-12-15","0.999829765780147"
"2018-12-16","1.85468327870101"
"2018-12-17","3.91080726070321"
"2018-12-18","11.5823909823513"
"2018-12-19","5.38487113193"
"2018-12-20","11.166782923075"
"2018-12-21","7.07639206384684"
"2018-12-22","12.1414190236624"
"2018-12-23","18.575146479008"
"2018-12-24","28.4818130963809"
"2018-12-25","53.9923990257891"
"2018-12-26","39.9702010794635"
"2018-12-27","65.4017717931178"
"2018-12-28","43.5690000624884"
"2018-12-29","8.81750273704529"
"2018-12-30","17.7467476733319"
"2018-12-31","26.4420401296574"
"2019-01-01","43.0861237100709"
"2019-01-02","29.116211816862"
"2019-01-03","39.5014561079281"
"2019-01-04","92.3777173855604"
"2019-01-05","21.0578774869184"
"2019-01-06","19.6567624616417"
"2019-01-07","29.7219774237959"
"2019-01-08","43.3664551028958"
"2019-01-09","22.6144485184641"
"2019-01-10","23.8035422940275"
"2019-01-11","37.2175463887004"
"2019-01-12","58.9948141832888"
"2019-01-13","53.0354665203012"
"2019-01-14","73.7522664751325"
"2019-01-15","57.8414923762862"
"2019-01-16","45.3396903446742"
"2019-01-17","25.3605652103176"
"2019-01-18","20.6083306275405"
"2019-01-19","32.9366653574494"
"2019-01-20","30.2421608425322"
"2019-01-21","48.9038976694082"
"2019-01-22","53.4198056340734"
"2019-01-23","47.5256695602879"
"2019-01-24","43.5963275628689"
"2019-01-25","64.7015692145277"
"2019-01-26","32.9903362819127"
"2019-01-27","22.102959736085"
"2019-01-28","41.0185360516305"
"2019-01-29","40.5475607455035"
"2019-01-30","45.0902319326029"
"2019-01-31","30.3322478868229"
"2019-02-01","31.4625911547508"
"2019-02-02","32.0579339394838"
"2019-02-03","75.2040340539181"
"2019-02-04","24.5917716748787"
"2019-02-05","23.4868438233545"
"2019-02-06","13.5614902859642"
"2019-02-07","3.13716348063894"
"2019-02-08","8.79456925701785"
"2019-02-09","10.9211546662566"
"2019-02-10","9.92058487888022"
"2019-02-11","11.919966304457"
"2019-02-12","13.3933015550886"
"2019-02-13","15.3072919081816"
"2019-02-14","13.4743434505545"
"2019-02-15","25.984838308194"
"2019-02-16","39.3644706181117"
"2019-02-17","26.4846825290036"
"2019-02-18","24.4344566725033"
"2019-02-19","19.3081497671284"
"2019-02-20","21.1854160110672"
"2019-02-21","21.8995933243723"
"2019-02-22","33.8898503852613"
"2019-02-23","34.9060024657807"
"2019-02-24","32.1376660169461"
"2019-02-25","27.5447291254481"
"2019-02-26","42.9060074447037"
"2019-02-27","34.3668180110651"
"2019-02-28","41.0462495878145"
"2019-03-01","34.4926085781741"
"2019-03-02","43.6112857835117"
"2019-03-03","35.577009597382"
"2019-03-04","33.1941238254696"
"2019-03-05","30.8191767771007"
"2019-03-06","17.182218786958"
"2019-03-07","17.1655674063282"
"2019-03-08","23.4652069554184"
"2019-03-09","21.4996539359485"
"2019-03-10","8.14885270027887"
"2019-03-11","10.7684997996211"
"2019-03-12","14.9137714765805"
"2019-03-13","9.71718668215203"
"2019-03-14","23.0652012391524"
"2019-03-15","19.0752658596287"
"2019-03-16","23.0766773925715"
"2019-03-17","25.6295118455763"
"2019-03-18","40.0120811544972"
"2019-03-19","24.065071832566"
"2019-03-20","19.9240677903741"
"2019-03-21","19.7707124685312"
"2019-03-22","23.4371833305854"
"2019-03-23","29.656767461207"
"2019-03-24","25.6320380338859"
"2019-03-25","11.0799611884278"
"2019-03-26","13.2370345623462"
"2019-03-27","12.7654437110538"
"2019-03-28","26.0332066341912"
"2019-03-29","26.1210605984642"
"2019-03-30","12.1385327871744"
"2019-03-31","5.18508292534651"
"2019-04-01","9.27322316066527"
"2019-04-02","16.0693789973403"
"2019-04-03","16.6226013047355"
"2019-04-04","20.1453284763155"
"2019-04-05","42.7423454218613"
"2019-04-06","11.2635464626989"
"2019-04-07","18.6554399589439"
"2019-04-08","9.86074523801928"
"2019-04-09","9.24225575170476"
"2019-04-10","7.13435884058734"
"2019-04-11","9.21106993068348"
"2019-04-12","14.1621580412894"
"2019-04-13","12.1412236453135"
"2019-04-14","11.7791352478457"
"2019-04-15","14.7620974371444"
"2019-04-16","40.4851678377622"
"2019-04-17","29.8343737300856"
"2019-04-18","14.1703652282814"
"2019-04-19","13.9873788676737"
"2019-04-20","27.7615363463695"
"2019-04-21","15.2344987547243"
"2019-04-22","10.718952500975"
"2019-04-23","11.3254584832625"
"2019-04-24","15.4359614632346"
"2019-04-25","10.9319953113407"
"2019-04-26","12.6026800060685"
"2019-04-27","8.26215283695237"
"2019-04-28","6.36830139056945"
"2019-04-29","5.3924288006572"
"2019-04-30","17.5525522727471"
"2019-05-01","5.23403725789223"
"2019-05-02","0.681434158509944"
"2019-05-03","2.31110975984887"
"2019-05-04","2.79375510917598"
"2019-05-05","2.99841133959882"
"2019-05-06","2.60542010383689"
"2019-05-07","11.2295239312308"
"2019-05-08","3.41218547155331"
"2019-05-09","3.55339646468431"
"2019-05-10","0.615845414015638"
"2019-05-11","1.02957850049584"
"2019-05-12","1.48757192969838"
"2019-05-13","3.42528120109013"
"2019-05-14","3.96040716625395"
"2019-05-15","3.08372969157768"
"2019-05-16","3.31656098262572"
"2019-05-17","3.866779205603"
"2019-05-18","6.89121442130118"
"2019-05-19","9.95829200951052"
"2019-05-20","5.92450973172208"
"2019-05-21","4.07972485988171"
"2019-05-22","5.0869224432743"
"2019-05-23","8.23332022072433"
"2019-05-24","6.87203893207368"
"2019-05-25","4.15192978877526"
"2019-05-26","2.71182876825333"
"2019-05-27","1.02847536482336"
"2019-05-28","1.69323330975714"
"2019-05-29","2.50868869092299"
"2019-05-30","2.88291636993101"
"2019-05-31","2.53551511292334"
"2019-06-01","3.02589909932314"
"2019-06-02","3.1109927910747"
"2019-06-03","2.35294860162776"
"2019-06-04","3.34295791374657"
"2019-06-05","2.84824713432428"
"2019-06-06","1.91726364885574"
"2019-06-07","3.52787785406237"
"2019-06-08","5.22565162904335"
"2019-06-09","6.95002546248498"
"2019-06-10","3.34918020220546"
"2019-06-11","5.39920449772954"
"2019-06-12","0.503135774155587"
"2019-06-13","0.36521578197936"
"2019-06-14","0.864956711052042"
"2019-06-15","0.796368713212478"
"2019-06-16","1.38457675058862"
"2019-06-17","2.49862593025356"
"2019-06-18","2.25078492569717"
"2019-06-19","2.02970325172722"
"2019-06-20","2.56864186411812"
"2019-06-21","2.75619621194286"
"2019-06-22","2.87505170870653"
"2019-06-23","2.37168452659727"
"2019-06-24","3.82280649818899"
"2019-06-25","2.54192218119964"
"2019-06-26","2.99756122332115"
"2019-06-27","5.63204701277085"
"2019-06-28","5.42353916477847"
"2019-06-29","3.24593509198267"
"2019-06-30","0.399519337316999"
"2019-07-01","1.33044625876786"
"2019-07-02","1.35103366314333"
"2019-07-03","1.63491801324087"
"2019-07-04","2.63946727227855"
"2019-07-05","2.44377108776208"
"2019-07-06","3.3054509343523"
"2019-07-07","1.35065107028206"
"2019-07-08","0.703611330907324"
"2019-07-09","1.2774137468178"
"2019-07-10","6.90317652855085"
"2019-07-11","1.59060410845589"
"2019-07-12","2.00012069501918"
"2019-07-13","2.57984735052307"
"2019-07-14","3.21553197980443"
"2019-07-15","2.30678393082185"
"2019-07-16","2.17615689588832"
"2019-07-17","2.86988309657935"
"2019-07-18","2.43052894547904"
"2019-07-19","1.67254560173074"
"2019-07-20","5.53740014090683"
"2019-07-21","4.01461696831179"
"2019-07-22","8.35245405853569"
"2019-07-23","2.81778039270407"
"2019-07-24","1.74253068335387"
"2019-07-25","2.63073052575578"
"2019-07-26","0.849360526188627"
"2019-07-27","1.06663380879344"
"2019-07-28","1.96191193814918"
"2019-07-29","2.77748579767359"
"2019-07-30","1.91561677355271"
"2019-07-31","2.2263542857521"
"2019-08-01","2.53210355193068"
"2019-08-02","2.08561623599622"
"2019-08-03","2.30744332745994"
"2019-08-04","2.70608185999321"
"2019-08-05","3.87898504321193"
"2019-08-06","4.01105832692349"
"2019-08-07","2.92104516194496"
"2019-08-08","0.996742197832504"
"2019-08-09","0.966482358206531"
"2019-08-10","1.67305729909119"
"2019-08-11","1.49493887988262"
"2019-08-12","1.94241603550973"
"2019-08-13","1.06306536998842"
"2019-08-14","2.21667897701263"
"2019-08-15","4.96043224561782"
"2019-08-16","2.57286905132847"
"2019-08-17","3.64600317663961"
"2019-08-18","4.50996941921515"
"2019-08-19","3.0681605955739"
"2019-08-20","3.73707778422863"
"2019-08-21","4.85862098524581"
"2019-08-22","3.16215492081849"
"2019-08-23","3.49766294058267"
"2019-08-24","7.01164573611635"
"2019-08-25","2.99574139365902"
"2019-08-26","3.37016789557098"
"2019-08-27","3.83339972981127"
"2019-08-28","2.41502294370106"
"2019-08-29","3.48370379364336"
"2019-08-30","4.27883164036326"
"2019-08-31","8.31438998639326"
"2019-09-01","4.94374831930383"
"2019-09-02","4.42102334767709"
"2019-09-03","3.93668592389012"
"2019-09-04","2.7659846528784"
"2019-09-05","3.42533015430748"
"2019-09-06","4.26661794784265"
"2019-09-07","3.49870391119094"
"2019-09-08","3.62662731440036"
"2019-09-09","3.21052078199593"
"2019-09-10","2.47669652633337"
"2019-09-11","4.96991935178831"
"2019-09-12","5.52029840564315"
"2019-09-13","7.32966374112414"
"2019-09-14","5.84340579581983"
"2019-09-15","6.31504572211922"
"2019-09-16","4.82077096499406"
"2019-09-17","4.14904323129943"
"2019-09-18","4.56718442450354"
"2019-09-19","13.9723621178499"
"2019-09-20","8.11162664673545"
"2019-09-21","3.52549507272192"
"2019-09-22","3.46835082485562"
"2019-09-23","2.8303057444302"
"2019-09-24","3.20721520283521"
"2019-09-25","4.02280309809235"
"2019-09-26","6.00452995506716"
"2019-09-27","9.48222399273992"
"2019-09-28","4.80329075933019"
"2019-09-29","4.83305081557402"
"2019-09-30","5.10339939129817"
"2019-10-01","9.35707069165779"
"2019-10-02","20.7905165395695"
"2019-10-03","8.51664685170888"
"2019-10-04","3.89833241701126"
"2019-10-05","11.2220554310522"
"2019-10-06","6.15364586584496"
"2019-10-07","5.75816474435649"
"2019-10-08","6.06091536226727"
"2019-10-09","3.88271634661274"
"2019-10-10","5.95235200929435"
"2019-10-11","7.68749252748696"
"2019-10-12","10.3268904954324"
"2019-10-13","19.7549096227208"
"2019-10-14","10.2293147978845"
"2019-10-15","6.68952832541941"
"2019-10-16","4.15925741247284"
"2019-10-17","6.52415061925913"
"2019-10-18","17.0437024950465"
"2019-10-19","7.4357483732752"
"2019-10-20","7.35907385514412"
"2019-10-21","8.82925420818907"
"2019-10-22","18.5207203889822"
"2019-10-23","20.7475562033715"
"2019-10-24","46.7063601522735"
"2019-10-25","20.6082923690994"
"2019-10-26","9.71628714897932"
"2019-10-27","6.67262549988635"
"2019-10-28","11.0924543364223"
"2019-10-29","28.2090140864963"
"2019-10-30","31.0253700198549"
"2019-10-31","30.6314448071765"
"2019-11-01","24.9278395557816"
"2019-11-02","1.34761432277692"
"2019-11-03","6.57353036899071"
"2019-11-04","3.81601867376468"
"2019-11-05","8.04546341029081"
"2019-11-06","25.3183261966292"
"2019-11-07","8.61875491895717"
"2019-11-08","5.83286766572432"
"2019-11-09","6.83333418095783"
"2019-11-10","5.90424987918887"
"2019-11-11","41.4187594492198"
"2019-11-12","15.3718105982908"
"2019-11-13","8.71790751234277"
"2019-11-14","7.85672858009091"
"2019-11-15","7.38818451594481"
"2019-11-16","9.33458228751178"
"2019-11-17","8.65325735244916"
"2019-11-18","24.3283409886546"
"2019-11-19","17.7684967383678"
"2019-11-20","42.8879376035748"
"2019-11-21","48.535598110843"
"2019-11-22","18.3286236932267"
"2019-11-23","16.2316755071863"
"2019-11-24","25.7634504615486"
"2019-11-25","29.2362362750165"
"2019-11-26","13.8969751787392"
"2019-11-27","25.8492787142337"
"2019-11-28","22.9884356647343"
"2019-11-29","20.4029305920456"
"2019-11-30","14.7025712165998"
"2019-12-01","7.76611484800066"
"2019-12-02","10.3934616609053"
"2019-12-03","18.9440640350441"
"2019-12-04","16.7639300296833"
"2019-12-05","20.0563925582093"
"2019-12-06","15.1873647371928"
"2019-12-07","25.8072921785957"
"2019-12-08","26.893735687454"
"2019-12-09","60.3130352961553"
"2019-12-10","19.8184865233186"
"2019-12-11","24.988944511909"
"2019-12-12","17.4024898913"
"2019-12-13","16.6045065442205"
"2019-12-14","14.1269895875609"
"2019-12-15","24.8084924169433"
"2019-12-16","26.9033126170501"
"2019-12-17","41.0807134950316"
"2019-12-18","52.3911593713802"
"2019-12-19","56.0517731043167"
"2019-12-20","98.3709190005348"
"2019-12-21","19.0395828903495"
"2019-12-22","36.8150249084869"
"2019-12-23","46.7881795379507"
"2019-12-24","34.9514090798118"
"2019-12-25","42.9372120976964"
"2019-12-26","45.2311008502911"
"2019-12-27","43.0469117432962"
"2019-12-28","34.644601037492"
"2019-12-29","58.5085355089856"
"2019-12-30","81.9898034793474"
"2019-12-31","28.697627319402"
"2020-01-01","29.2046133016611"
"2020-01-02","34.6310573924671"
"2020-01-03","49.9905241763953"
"2020-01-04","18.1939937253019"
"2020-01-05","5.7707421531925"
"2020-01-06","13.2344164579978"
"2020-01-07","20.817103885469"
"2020-01-08","55.388975514994"
"2020-01-09","35.0937532532267"
"2020-01-10","32.2353063021903"
"2020-01-11","15.0483772878523"
"2020-01-12","19.6914959655696"
"2020-01-13","23.9119544751716"
"2020-01-14","39.6428909549465"
"2020-01-15","36.7039190597864"
"2020-01-16","26.4219312709131"
"2020-01-17","21.9207686428384"
"2020-01-18","29.6957546828629"
"2020-01-19","35.299210271794"
"2020-01-20","9.19402844978101"
"2020-01-21","15.2783938734046"
"2020-01-22","38.0682940132174"
"2020-01-23","5.45703364966752"
"2020-01-24","8.16611588672126"
"2020-01-25","14.1044573185248"
"2020-01-26","15.7587980295157"
"2020-01-27","31.4252314092793"
"2020-01-28","29.6864348490001"
"2020-01-29","42.7395314303311"
"2020-01-30","48.1325163407759"
"2020-01-31","44.8886326628846"
"2020-02-01","1.85709833589209"
"2020-02-02","4.0769513246817"
"2020-02-03","10.4286648979435"
"2020-02-04","16.4314578456796"
"2020-02-05","23.6927174696159"
"2020-02-06","26.3317332247119"
"2020-02-07","20.1903906776792"
"2020-02-08","30.2433876722922"
"2020-02-09","23.1696027367662"
"2020-02-10","10.5923700972553"
"2020-02-11","17.562486553605"
"2020-02-12","18.0403257076874"
"2020-02-13","24.5986739691202"
"2020-02-14","14.0112912314279"
"2020-02-15","8.92250828980367"
"2020-02-16","15.3772903335043"
"2020-02-17","22.7876052443599"
"2020-02-18","17.5098560424078"
"2020-02-19","8.80490306342319"
"2020-02-20","10.9231040591285"
"2020-02-21","13.6013599948966"
"2020-02-22","20.6522068213591"
"2020-02-23","29.3539461986327"
"2020-02-24","17.1541130842068"
"2020-02-25","24.9132007830071"
"2020-02-26","19.6489453253808"
"2020-02-27","17.7905434591946"
"2020-02-28","8.4672237815279"
"2020-02-29","15.0331016144195"
"2020-03-01","34.2197654856232"
"2020-03-02","11.8553744889957"
"2020-03-03","13.7756908012159"
"2020-03-04","4.94664978258538"
"2020-03-05","1.44081759685046"
"2020-03-06","4.8274665683895"
"2020-03-07","11.0772714532299"
"2020-03-08","14.1804479458631"
"2020-03-09","14.7168575840079"
"2020-03-10","15.9062989759239"
"2020-03-11","23.4987246938598"
"2020-03-12","20.9923900381311"
"2020-03-13","25.503962070911"
"2020-03-14","16.0997027194861"
"2020-03-15","10.6407135864357"
"2020-03-16","15.3534554568204"
"2020-03-17","24.7429793799594"
"2020-03-18","23.6325619520047"
"2020-03-19","52.5671114735789"
"2020-03-20","12.1421864744905"
"2020-03-21","13.076875789857"
"2020-03-22","14.7537526134805"
"2020-03-23","14.7344220025199"
"2020-03-24","13.6987432318848"
"2020-03-25","13.4489039796771"
"2020-03-26","15.2688439976085"
"2020-03-27","13.5366045138537"
"2020-03-28","16.1712350349922"
"2020-03-29","12.6985520532121"
"2020-03-30","8.75536491138078"
"2020-03-31","9.58586665975067"
"2020-04-01","12.2617729793895"
"2020-04-02","0.931362124555039"
"2020-04-03","3.27171492524993"
"2020-04-04","2.12893312769535"
"2020-04-05","2.6881776268219"
"2020-04-06","3.38690232856449"
"2020-04-07","3.38888316237049"
"2020-04-08","6.59141787048026"
"2020-04-09","8.14349315383217"
"2020-04-10","9.04627370834351"
"2020-04-11","12.7033479027934"
"2020-04-12","5.14813991542502"
"2020-04-13","7.96395662749485"
"2020-04-14","17.3263376698349"
"2020-04-15","28.6302173953036"
"2020-04-16","11.770452771868"
"2020-04-17","8.97265325583421"
"2020-04-18","5.69775928150524"
"2020-04-19","9.88328885206412"
"2020-04-20","13.1865366299947"
"2020-04-21","14.8534280830648"
"2020-04-22","5.82337873529046"
"2020-04-23","10.8099662111951"
"2020-04-24","8.21366551324919"
"2020-04-25","8.80133408591861"
"2020-04-26","1.31335782295182"
"2020-04-27","2.48827860314093"
"2020-04-28","3.30136185910279"
"2020-04-29","1.65911468876389"
"2020-04-30","2.31338675558825"
"2020-05-01","2.21297634373625"
"2020-05-02","3.30362317553072"
"2020-05-03","3.49451084673663"
"2020-05-04","2.44448588607889"
"2020-05-05","4.22653247809513"
"2020-05-06","9.0135278170243"
"2020-05-07","20.2911660165498"
"2020-05-08","5.50350006524619"
"2020-05-09","3.61725525035487"
"2020-05-10","4.58549593950247"
"2020-05-11","4.17144954772223"
"2020-05-12","7.06289567937067"
"2020-05-13","5.16382220942221"
"2020-05-14","4.17726045511502"
"2020-05-15","4.08408076370949"
"2020-05-16","6.39507042123126"
"2020-05-17","5.12357647388012"
"2020-05-18","6.42510694652409"
"2020-05-19","8.37098724191839"
"2020-05-20","2.15730462329728"
"2020-05-21","1.66631883718235"
"2020-05-22","1.38641442068211"
"2020-05-23","2.6266340701095"
"2020-05-24","2.97764051786233"
"2020-05-25","4.68965792036676"
"2020-05-26","3.83430492258691"
"2020-05-27","5.40134197860569"
"2020-05-28","2.08918732869161"
"2020-05-29","4.90941832230721"
"2020-05-30","14.8719503249957"
"2020-05-31","3.2625944054488"
"2020-06-01","1.31743065380689"
"2020-06-02","1.93411461686417"
"2020-06-03","3.4208270324257"
"2020-06-04","3.36068399695607"
"2020-06-05","3.45613000454841"
"2020-06-06","2.92598045775385"
"2020-06-07","3.19061845824832"
"2020-06-08","2.94692047617652"
"2020-06-09","2.25500226382053"
"2020-06-10","2.66369141360898"
"2020-06-11","4.7071567190674"
"2020-06-12","3.62629947208223"
"2020-06-13","6.60082572105127"
"2020-06-14","2.73039775764271"
"2020-06-15","1.96461105062848"
"2020-06-16","2.54533978296823"
"2020-06-17","2.23664460914992"
"2020-06-18","4.24007499011564"
"2020-06-19","5.19558698790414"
"2020-06-20","1.96044538121719"
"2020-06-21","1.92442142976311"
"2020-06-22","2.4558697337712"
"2020-06-23","2.0125268402457"
"2020-06-24","1.23438462827887"
"2020-06-25","2.53892558709884"
"2020-06-26","2.73435737353899"
"2020-06-27","2.48070648364174"
"2020-06-28","2.81984160421215"
"2020-06-29","3.39892065654069"
"2020-06-30","4.60801103878847"
"2020-07-01","10.3928699256022"
"2020-07-02","2.85330884010245"
"2020-07-03","2.53553173333019"
"2020-07-04","1.94324907963668"
"2020-07-05","2.26829345556565"
"2020-07-06","2.21301149122127"
"2020-07-07","2.08042319757598"
"2020-07-08","1.36411212365349"
"2020-07-09","2.62616347028063"
"2020-07-10","2.14141928530359"
"2020-07-11","1.12848881196666"
"2020-07-12","2.02648534029077"
"2020-07-13","3.4455247302076"
"2020-07-14","3.67624824336081"
"2020-07-15","2.88745462068748"
"2020-07-16","2.45340126223894"
"2020-07-17","3.18427064976135"
"2020-07-18","3.55956433526365"
"2020-07-19","4.89392802261171"
"2020-07-20","3.1080288950241"
"2020-07-21","2.06166036472176"
"2020-07-22","2.54309344162673"
"2020-07-23","2.4590459873666"
"2020-07-24","2.7763700059482"
"2020-07-25","3.38480341150647"
"2020-07-26","4.33338851588113"
"2020-07-27","4.95161407695704"
"2020-07-28","3.48356756684068"
"2020-07-29","5.17875958366311"
"2020-07-30","4.11880241379593"
"2020-07-31","3.85538863980925"
"2020-08-01","8.89600643347868"
"2020-08-02","7.37019211182863"
"2020-08-03","4.56863378910791"
"2020-08-04","3.97862604324952"
"2020-08-05","4.22597383446508"
"2020-08-06","3.51915302343699"
"2020-08-07","3.77146553838408"
"2020-08-08","0.619660847824373"
"2020-08-09","1.94182177307286"
